path,label
D:\\zainab\\forgery-detector\\data\\ela_cache\0_0.png,0
D:\\zainab\\forgery-detector\\data\\ela_cache\1_1.png,1
D:\\zainab\\forgery-detector\\data\\ela_cache\2_0.png,0
D:\\zainab\\forgery-detector\\data\\ela_cache\3_1.png,1
D:\\zainab\\forgery-detector\\data\\ela_cache\4_1.png,1
D:\\zainab\\forgery-detector\\data\\ela_cache\5_0.png,0
D:\\zainab\\forgery-detector\\data\\ela_cache\6_0.png,0
D:\\zainab\\forgery-detector\\data\\ela_cache\7_1.png,1
D:\\zainab\\forgery-detector\\data\\ela_cache\8_0.png,0
D:\\zainab\\forgery-detector\\data\\ela_cache\9_0.png,0
D:\\zainab\\forgery-detector\\data\\ela_cache\10_1.png,1
D:\\zainab\\forgery-detector\\data\\ela_cache\11_1.png,1
D:\\zainab\\forgery-detector\\data\\ela_cache\12_1.png,1
D:\\zainab\\forgery-detector\\data\\ela_cache\13_1.png,1
D:\\zainab\\forgery-detector\\data\\ela_cache\14_1.png,1
D:\\zainab\\forgery-detector\\data\\ela_cache\15_0.png,0
D:\\zainab\\forgery-detector\\data\\ela_cache\16_0.png,0
D:\\zainab\\forgery-detector\\data\\ela_cache\17_1.png,1
D:\\zainab\\forgery-detector\\data\\ela_cache\18_1.png,1
D:\\zainab\\forgery-detector\\data\\ela_cache\19_0.png,0
D:\\zainab\\forgery-detector\\data\\ela_cache\20_0.png,0
D:\\zainab\\forgery-detector\\data\\ela_cache\21_1.png,1
D:\\zainab\\forgery-detector\\data\\ela_cache\22_1.png,1
D:\\zainab\\forgery-detector\\data\\ela_cache\23_0.png,0
D:\\zainab\\forgery-detector\\data\\ela_cache\24_0.png,0
D:\\zainab\\forgery-detector\\data\\ela_cache\25_1.png,1
D:\\zainab\\forgery-detector\\data\\ela_cache\26_0.png,0
D:\\zainab\\forgery-detector\\data\\ela_cache\27_0.png,0
D:\\zainab\\forgery-detector\\data\\ela_cache\28_1.png,1
D:\\zainab\\forgery-detector\\data\\ela_cache\29_1.png,1
D:\\zainab\\forgery-detector\\data\\ela_cache\30_0.png,0
D:\\zainab\\forgery-detector\\data\\ela_cache\31_0.png,0
D:\\zainab\\forgery-detector\\data\\ela_cache\32_0.png,0
D:\\zainab\\forgery-detector\\data\\ela_cache\33_1.png,1
D:\\zainab\\forgery-detector\\data\\ela_cache\34_0.png,0
D:\\zainab\\forgery-detector\\data\\ela_cache\35_1.png,1
D:\\zainab\\forgery-detector\\data\\ela_cache\36_0.png,0
D:\\zainab\\forgery-detector\\data\\ela_cache\37_0.png,0
D:\\zainab\\forgery-detector\\data\\ela_cache\38_0.png,0
D:\\zainab\\forgery-detector\\data\\ela_cache\39_1.png,1
D:\\zainab\\forgery-detector\\data\\ela_cache\40_0.png,0
D:\\zainab\\forgery-detector\\data\\ela_cache\41_1.png,1
D:\\zainab\\forgery-detector\\data\\ela_cache\42_1.png,1
D:\\zainab\\forgery-detector\\data\\ela_cache\43_1.png,1
D:\\zainab\\forgery-detector\\data\\ela_cache\44_1.png,1
D:\\zainab\\forgery-detector\\data\\ela_cache\45_1.png,1
D:\\zainab\\forgery-detector\\data\\ela_cache\46_0.png,0
D:\\zainab\\forgery-detector\\data\\ela_cache\47_1.png,1
D:\\zainab\\forgery-detector\\data\\ela_cache\48_1.png,1
D:\\zainab\\forgery-detector\\data\\ela_cache\49_0.png,0
D:\\zainab\\forgery-detector\\data\\ela_cache\50_0.png,0
D:\\zainab\\forgery-detector\\data\\ela_cache\51_1.png,1
D:\\zainab\\forgery-detector\\data\\ela_cache\52_1.png,1
D:\\zainab\\forgery-detector\\data\\ela_cache\53_1.png,1
D:\\zainab\\forgery-detector\\data\\ela_cache\54_1.png,1
D:\\zainab\\forgery-detector\\data\\ela_cache\55_0.png,0
D:\\zainab\\forgery-detector\\data\\ela_cache\56_0.png,0
D:\\zainab\\forgery-detector\\data\\ela_cache\57_1.png,1
D:\\zainab\\forgery-detector\\data\\ela_cache\58_0.png,0
D:\\zainab\\forgery-detector\\data\\ela_cache\59_1.png,1
D:\\zainab\\forgery-detector\\data\\ela_cache\60_1.png,1
D:\\zainab\\forgery-detector\\data\\ela_cache\61_0.png,0
D:\\zainab\\forgery-detector\\data\\ela_cache\62_0.png,0
D:\\zainab\\forgery-detector\\data\\ela_cache\63_0.png,0
D:\\zainab\\forgery-detector\\data\\ela_cache\64_1.png,1
D:\\zainab\\forgery-detector\\data\\ela_cache\65_1.png,1
D:\\zainab\\forgery-detector\\data\\ela_cache\66_1.png,1
D:\\zainab\\forgery-detector\\data\\ela_cache\67_1.png,1
D:\\zainab\\forgery-detector\\data\\ela_cache\68_1.png,1
D:\\zainab\\forgery-detector\\data\\ela_cache\69_0.png,0
D:\\zainab\\forgery-detector\\data\\ela_cache\70_1.png,1
D:\\zainab\\forgery-detector\\data\\ela_cache\71_0.png,0
D:\\zainab\\forgery-detector\\data\\ela_cache\72_1.png,1
D:\\zainab\\forgery-detector\\data\\ela_cache\73_0.png,0
D:\\zainab\\forgery-detector\\data\\ela_cache\74_1.png,1
D:\\zainab\\forgery-detector\\data\\ela_cache\75_0.png,0
D:\\zainab\\forgery-detector\\data\\ela_cache\76_1.png,1
D:\\zainab\\forgery-detector\\data\\ela_cache\77_1.png,1
D:\\zainab\\forgery-detector\\data\\ela_cache\78_0.png,0
D:\\zainab\\forgery-detector\\data\\ela_cache\79_1.png,1
D:\\zainab\\forgery-detector\\data\\ela_cache\80_0.png,0
D:\\zainab\\forgery-detector\\data\\ela_cache\81_0.png,0
D:\\zainab\\forgery-detector\\data\\ela_cache\82_0.png,0
D:\\zainab\\forgery-detector\\data\\ela_cache\83_0.png,0
D:\\zainab\\forgery-detector\\data\\ela_cache\84_1.png,1
D:\\zainab\\forgery-detector\\data\\ela_cache\85_0.png,0
D:\\zainab\\forgery-detector\\data\\ela_cache\86_0.png,0
D:\\zainab\\forgery-detector\\data\\ela_cache\87_1.png,1
D:\\zainab\\forgery-detector\\data\\ela_cache\88_0.png,0
D:\\zainab\\forgery-detector\\data\\ela_cache\89_1.png,1
D:\\zainab\\forgery-detector\\data\\ela_cache\90_0.png,0
D:\\zainab\\forgery-detector\\data\\ela_cache\91_0.png,0
D:\\zainab\\forgery-detector\\data\\ela_cache\92_1.png,1
D:\\zainab\\forgery-detector\\data\\ela_cache\93_0.png,0
D:\\zainab\\forgery-detector\\data\\ela_cache\94_0.png,0
D:\\zainab\\forgery-detector\\data\\ela_cache\95_0.png,0
D:\\zainab\\forgery-detector\\data\\ela_cache\96_1.png,1
D:\\zainab\\forgery-detector\\data\\ela_cache\97_0.png,0
D:\\zainab\\forgery-detector\\data\\ela_cache\98_1.png,1
D:\\zainab\\forgery-detector\\data\\ela_cache\99_1.png,1
D:\\zainab\\forgery-detector\\data\\ela_cache\100_0.png,0
D:\\zainab\\forgery-detector\\data\\ela_cache\101_1.png,1
D:\\zainab\\forgery-detector\\data\\ela_cache\102_1.png,1
D:\\zainab\\forgery-detector\\data\\ela_cache\103_1.png,1
D:\\zainab\\forgery-detector\\data\\ela_cache\104_0.png,0
D:\\zainab\\forgery-detector\\data\\ela_cache\105_0.png,0
D:\\zainab\\forgery-detector\\data\\ela_cache\106_0.png,0
D:\\zainab\\forgery-detector\\data\\ela_cache\107_1.png,1
D:\\zainab\\forgery-detector\\data\\ela_cache\108_0.png,0
D:\\zainab\\forgery-detector\\data\\ela_cache\109_1.png,1
D:\\zainab\\forgery-detector\\data\\ela_cache\110_0.png,0
D:\\zainab\\forgery-detector\\data\\ela_cache\111_0.png,0
D:\\zainab\\forgery-detector\\data\\ela_cache\112_0.png,0
D:\\zainab\\forgery-detector\\data\\ela_cache\113_0.png,0
D:\\zainab\\forgery-detector\\data\\ela_cache\114_1.png,1
D:\\zainab\\forgery-detector\\data\\ela_cache\115_1.png,1
D:\\zainab\\forgery-detector\\data\\ela_cache\116_1.png,1
D:\\zainab\\forgery-detector\\data\\ela_cache\117_0.png,0
D:\\zainab\\forgery-detector\\data\\ela_cache\118_1.png,1
D:\\zainab\\forgery-detector\\data\\ela_cache\119_1.png,1
D:\\zainab\\forgery-detector\\data\\ela_cache\120_0.png,0
D:\\zainab\\forgery-detector\\data\\ela_cache\121_0.png,0
D:\\zainab\\forgery-detector\\data\\ela_cache\122_1.png,1
D:\\zainab\\forgery-detector\\data\\ela_cache\123_0.png,0
D:\\zainab\\forgery-detector\\data\\ela_cache\124_1.png,1
D:\\zainab\\forgery-detector\\data\\ela_cache\125_0.png,0
D:\\zainab\\forgery-detector\\data\\ela_cache\126_0.png,0
D:\\zainab\\forgery-detector\\data\\ela_cache\127_0.png,0
D:\\zainab\\forgery-detector\\data\\ela_cache\128_0.png,0
D:\\zainab\\forgery-detector\\data\\ela_cache\129_1.png,1
D:\\zainab\\forgery-detector\\data\\ela_cache\130_0.png,0
D:\\zainab\\forgery-detector\\data\\ela_cache\131_0.png,0
D:\\zainab\\forgery-detector\\data\\ela_cache\132_1.png,1
D:\\zainab\\forgery-detector\\data\\ela_cache\133_0.png,0
D:\\zainab\\forgery-detector\\data\\ela_cache\134_1.png,1
D:\\zainab\\forgery-detector\\data\\ela_cache\135_0.png,0
D:\\zainab\\forgery-detector\\data\\ela_cache\136_0.png,0
D:\\zainab\\forgery-detector\\data\\ela_cache\137_1.png,1
D:\\zainab\\forgery-detector\\data\\ela_cache\138_0.png,0
D:\\zainab\\forgery-detector\\data\\ela_cache\139_1.png,1
D:\\zainab\\forgery-detector\\data\\ela_cache\140_0.png,0
D:\\zainab\\forgery-detector\\data\\ela_cache\141_1.png,1
D:\\zainab\\forgery-detector\\data\\ela_cache\142_1.png,1
D:\\zainab\\forgery-detector\\data\\ela_cache\143_0.png,0
D:\\zainab\\forgery-detector\\data\\ela_cache\144_0.png,0
D:\\zainab\\forgery-detector\\data\\ela_cache\145_0.png,0
D:\\zainab\\forgery-detector\\data\\ela_cache\146_1.png,1
D:\\zainab\\forgery-detector\\data\\ela_cache\147_0.png,0
D:\\zainab\\forgery-detector\\data\\ela_cache\148_0.png,0
D:\\zainab\\forgery-detector\\data\\ela_cache\149_0.png,0
D:\\zainab\\forgery-detector\\data\\ela_cache\150_0.png,0
D:\\zainab\\forgery-detector\\data\\ela_cache\151_0.png,0
D:\\zainab\\forgery-detector\\data\\ela_cache\152_1.png,1
D:\\zainab\\forgery-detector\\data\\ela_cache\153_1.png,1
D:\\zainab\\forgery-detector\\data\\ela_cache\154_0.png,0
D:\\zainab\\forgery-detector\\data\\ela_cache\155_0.png,0
D:\\zainab\\forgery-detector\\data\\ela_cache\156_0.png,0
D:\\zainab\\forgery-detector\\data\\ela_cache\157_0.png,0
D:\\zainab\\forgery-detector\\data\\ela_cache\158_0.png,0
D:\\zainab\\forgery-detector\\data\\ela_cache\159_1.png,1
D:\\zainab\\forgery-detector\\data\\ela_cache\160_1.png,1
D:\\zainab\\forgery-detector\\data\\ela_cache\161_1.png,1
D:\\zainab\\forgery-detector\\data\\ela_cache\162_0.png,0
D:\\zainab\\forgery-detector\\data\\ela_cache\163_0.png,0
D:\\zainab\\forgery-detector\\data\\ela_cache\164_0.png,0
D:\\zainab\\forgery-detector\\data\\ela_cache\165_0.png,0
D:\\zainab\\forgery-detector\\data\\ela_cache\166_0.png,0
D:\\zainab\\forgery-detector\\data\\ela_cache\167_1.png,1
D:\\zainab\\forgery-detector\\data\\ela_cache\168_0.png,0
D:\\zainab\\forgery-detector\\data\\ela_cache\169_1.png,1
D:\\zainab\\forgery-detector\\data\\ela_cache\170_1.png,1
D:\\zainab\\forgery-detector\\data\\ela_cache\171_0.png,0
D:\\zainab\\forgery-detector\\data\\ela_cache\172_1.png,1
D:\\zainab\\forgery-detector\\data\\ela_cache\173_1.png,1
D:\\zainab\\forgery-detector\\data\\ela_cache\174_0.png,0
D:\\zainab\\forgery-detector\\data\\ela_cache\175_0.png,0
D:\\zainab\\forgery-detector\\data\\ela_cache\176_1.png,1
D:\\zainab\\forgery-detector\\data\\ela_cache\177_1.png,1
D:\\zainab\\forgery-detector\\data\\ela_cache\178_0.png,0
D:\\zainab\\forgery-detector\\data\\ela_cache\179_0.png,0
D:\\zainab\\forgery-detector\\data\\ela_cache\180_1.png,1
D:\\zainab\\forgery-detector\\data\\ela_cache\181_0.png,0
D:\\zainab\\forgery-detector\\data\\ela_cache\182_0.png,0
D:\\zainab\\forgery-detector\\data\\ela_cache\183_1.png,1
D:\\zainab\\forgery-detector\\data\\ela_cache\184_1.png,1
D:\\zainab\\forgery-detector\\data\\ela_cache\185_1.png,1
D:\\zainab\\forgery-detector\\data\\ela_cache\186_0.png,0
D:\\zainab\\forgery-detector\\data\\ela_cache\187_1.png,1
D:\\zainab\\forgery-detector\\data\\ela_cache\188_0.png,0
D:\\zainab\\forgery-detector\\data\\ela_cache\189_0.png,0
D:\\zainab\\forgery-detector\\data\\ela_cache\190_0.png,0
D:\\zainab\\forgery-detector\\data\\ela_cache\191_0.png,0
D:\\zainab\\forgery-detector\\data\\ela_cache\192_0.png,0
D:\\zainab\\forgery-detector\\data\\ela_cache\193_1.png,1
D:\\zainab\\forgery-detector\\data\\ela_cache\194_0.png,0
D:\\zainab\\forgery-detector\\data\\ela_cache\195_0.png,0
D:\\zainab\\forgery-detector\\data\\ela_cache\196_0.png,0
D:\\zainab\\forgery-detector\\data\\ela_cache\197_0.png,0
D:\\zainab\\forgery-detector\\data\\ela_cache\198_0.png,0
D:\\zainab\\forgery-detector\\data\\ela_cache\199_0.png,0
D:\\zainab\\forgery-detector\\data\\ela_cache\200_0.png,0
D:\\zainab\\forgery-detector\\data\\ela_cache\201_0.png,0
D:\\zainab\\forgery-detector\\data\\ela_cache\202_1.png,1
D:\\zainab\\forgery-detector\\data\\ela_cache\203_0.png,0
D:\\zainab\\forgery-detector\\data\\ela_cache\204_0.png,0
D:\\zainab\\forgery-detector\\data\\ela_cache\205_0.png,0
D:\\zainab\\forgery-detector\\data\\ela_cache\206_0.png,0
D:\\zainab\\forgery-detector\\data\\ela_cache\207_0.png,0
D:\\zainab\\forgery-detector\\data\\ela_cache\208_0.png,0
D:\\zainab\\forgery-detector\\data\\ela_cache\209_0.png,0
D:\\zainab\\forgery-detector\\data\\ela_cache\210_1.png,1
D:\\zainab\\forgery-detector\\data\\ela_cache\211_1.png,1
D:\\zainab\\forgery-detector\\data\\ela_cache\212_0.png,0
D:\\zainab\\forgery-detector\\data\\ela_cache\213_1.png,1
D:\\zainab\\forgery-detector\\data\\ela_cache\214_0.png,0
D:\\zainab\\forgery-detector\\data\\ela_cache\215_0.png,0
D:\\zainab\\forgery-detector\\data\\ela_cache\216_1.png,1
D:\\zainab\\forgery-detector\\data\\ela_cache\217_0.png,0
D:\\zainab\\forgery-detector\\data\\ela_cache\218_0.png,0
D:\\zainab\\forgery-detector\\data\\ela_cache\219_0.png,0
D:\\zainab\\forgery-detector\\data\\ela_cache\220_0.png,0
D:\\zainab\\forgery-detector\\data\\ela_cache\221_0.png,0
D:\\zainab\\forgery-detector\\data\\ela_cache\222_0.png,0
D:\\zainab\\forgery-detector\\data\\ela_cache\223_0.png,0
D:\\zainab\\forgery-detector\\data\\ela_cache\224_0.png,0
D:\\zainab\\forgery-detector\\data\\ela_cache\225_0.png,0
D:\\zainab\\forgery-detector\\data\\ela_cache\226_0.png,0
D:\\zainab\\forgery-detector\\data\\ela_cache\227_0.png,0
D:\\zainab\\forgery-detector\\data\\ela_cache\228_0.png,0
D:\\zainab\\forgery-detector\\data\\ela_cache\229_0.png,0
D:\\zainab\\forgery-detector\\data\\ela_cache\230_0.png,0
D:\\zainab\\forgery-detector\\data\\ela_cache\231_0.png,0
D:\\zainab\\forgery-detector\\data\\ela_cache\232_0.png,0
D:\\zainab\\forgery-detector\\data\\ela_cache\233_0.png,0
D:\\zainab\\forgery-detector\\data\\ela_cache\234_0.png,0
D:\\zainab\\forgery-detector\\data\\ela_cache\235_0.png,0
D:\\zainab\\forgery-detector\\data\\ela_cache\236_1.png,1
D:\\zainab\\forgery-detector\\data\\ela_cache\237_0.png,0
D:\\zainab\\forgery-detector\\data\\ela_cache\238_0.png,0
D:\\zainab\\forgery-detector\\data\\ela_cache\239_1.png,1
D:\\zainab\\forgery-detector\\data\\ela_cache\240_1.png,1
D:\\zainab\\forgery-detector\\data\\ela_cache\241_0.png,0
D:\\zainab\\forgery-detector\\data\\ela_cache\242_1.png,1
D:\\zainab\\forgery-detector\\data\\ela_cache\243_0.png,0
D:\\zainab\\forgery-detector\\data\\ela_cache\244_1.png,1
D:\\zainab\\forgery-detector\\data\\ela_cache\245_0.png,0
D:\\zainab\\forgery-detector\\data\\ela_cache\246_1.png,1
D:\\zainab\\forgery-detector\\data\\ela_cache\247_1.png,1
D:\\zainab\\forgery-detector\\data\\ela_cache\248_0.png,0
D:\\zainab\\forgery-detector\\data\\ela_cache\249_1.png,1
D:\\zainab\\forgery-detector\\data\\ela_cache\250_1.png,1
D:\\zainab\\forgery-detector\\data\\ela_cache\251_0.png,0
D:\\zainab\\forgery-detector\\data\\ela_cache\252_1.png,1
D:\\zainab\\forgery-detector\\data\\ela_cache\253_1.png,1
D:\\zainab\\forgery-detector\\data\\ela_cache\254_0.png,0
D:\\zainab\\forgery-detector\\data\\ela_cache\255_1.png,1
D:\\zainab\\forgery-detector\\data\\ela_cache\256_0.png,0
D:\\zainab\\forgery-detector\\data\\ela_cache\257_0.png,0
D:\\zainab\\forgery-detector\\data\\ela_cache\258_0.png,0
D:\\zainab\\forgery-detector\\data\\ela_cache\259_0.png,0
D:\\zainab\\forgery-detector\\data\\ela_cache\260_1.png,1
D:\\zainab\\forgery-detector\\data\\ela_cache\261_0.png,0
D:\\zainab\\forgery-detector\\data\\ela_cache\262_0.png,0
D:\\zainab\\forgery-detector\\data\\ela_cache\263_0.png,0
D:\\zainab\\forgery-detector\\data\\ela_cache\264_1.png,1
D:\\zainab\\forgery-detector\\data\\ela_cache\265_1.png,1
D:\\zainab\\forgery-detector\\data\\ela_cache\266_1.png,1
D:\\zainab\\forgery-detector\\data\\ela_cache\267_1.png,1
D:\\zainab\\forgery-detector\\data\\ela_cache\268_0.png,0
D:\\zainab\\forgery-detector\\data\\ela_cache\269_0.png,0
D:\\zainab\\forgery-detector\\data\\ela_cache\270_0.png,0
D:\\zainab\\forgery-detector\\data\\ela_cache\271_1.png,1
D:\\zainab\\forgery-detector\\data\\ela_cache\272_1.png,1
D:\\zainab\\forgery-detector\\data\\ela_cache\273_0.png,0
D:\\zainab\\forgery-detector\\data\\ela_cache\274_0.png,0
D:\\zainab\\forgery-detector\\data\\ela_cache\275_1.png,1
D:\\zainab\\forgery-detector\\data\\ela_cache\276_1.png,1
D:\\zainab\\forgery-detector\\data\\ela_cache\277_0.png,0
D:\\zainab\\forgery-detector\\data\\ela_cache\278_1.png,1
D:\\zainab\\forgery-detector\\data\\ela_cache\279_0.png,0
D:\\zainab\\forgery-detector\\data\\ela_cache\280_0.png,0
D:\\zainab\\forgery-detector\\data\\ela_cache\281_0.png,0
D:\\zainab\\forgery-detector\\data\\ela_cache\282_1.png,1
D:\\zainab\\forgery-detector\\data\\ela_cache\283_0.png,0
D:\\zainab\\forgery-detector\\data\\ela_cache\284_0.png,0
D:\\zainab\\forgery-detector\\data\\ela_cache\285_1.png,1
D:\\zainab\\forgery-detector\\data\\ela_cache\286_0.png,0
D:\\zainab\\forgery-detector\\data\\ela_cache\287_1.png,1
D:\\zainab\\forgery-detector\\data\\ela_cache\288_1.png,1
D:\\zainab\\forgery-detector\\data\\ela_cache\289_0.png,0
D:\\zainab\\forgery-detector\\data\\ela_cache\290_1.png,1
D:\\zainab\\forgery-detector\\data\\ela_cache\291_0.png,0
D:\\zainab\\forgery-detector\\data\\ela_cache\292_0.png,0
D:\\zainab\\forgery-detector\\data\\ela_cache\293_0.png,0
D:\\zainab\\forgery-detector\\data\\ela_cache\294_1.png,1
D:\\zainab\\forgery-detector\\data\\ela_cache\295_0.png,0
D:\\zainab\\forgery-detector\\data\\ela_cache\296_0.png,0
D:\\zainab\\forgery-detector\\data\\ela_cache\297_1.png,1
D:\\zainab\\forgery-detector\\data\\ela_cache\298_0.png,0
D:\\zainab\\forgery-detector\\data\\ela_cache\299_0.png,0
D:\\zainab\\forgery-detector\\data\\ela_cache\300_1.png,1
D:\\zainab\\forgery-detector\\data\\ela_cache\301_1.png,1
D:\\zainab\\forgery-detector\\data\\ela_cache\302_1.png,1
D:\\zainab\\forgery-detector\\data\\ela_cache\303_0.png,0
D:\\zainab\\forgery-detector\\data\\ela_cache\304_0.png,0
D:\\zainab\\forgery-detector\\data\\ela_cache\305_0.png,0
D:\\zainab\\forgery-detector\\data\\ela_cache\306_0.png,0
D:\\zainab\\forgery-detector\\data\\ela_cache\307_1.png,1
D:\\zainab\\forgery-detector\\data\\ela_cache\308_1.png,1
D:\\zainab\\forgery-detector\\data\\ela_cache\309_0.png,0
D:\\zainab\\forgery-detector\\data\\ela_cache\310_1.png,1
D:\\zainab\\forgery-detector\\data\\ela_cache\311_0.png,0
D:\\zainab\\forgery-detector\\data\\ela_cache\312_0.png,0
D:\\zainab\\forgery-detector\\data\\ela_cache\313_1.png,1
D:\\zainab\\forgery-detector\\data\\ela_cache\314_0.png,0
D:\\zainab\\forgery-detector\\data\\ela_cache\315_1.png,1
D:\\zainab\\forgery-detector\\data\\ela_cache\316_0.png,0
D:\\zainab\\forgery-detector\\data\\ela_cache\317_0.png,0
D:\\zainab\\forgery-detector\\data\\ela_cache\318_0.png,0
D:\\zainab\\forgery-detector\\data\\ela_cache\319_1.png,1
D:\\zainab\\forgery-detector\\data\\ela_cache\320_0.png,0
D:\\zainab\\forgery-detector\\data\\ela_cache\321_0.png,0
D:\\zainab\\forgery-detector\\data\\ela_cache\322_0.png,0
D:\\zainab\\forgery-detector\\data\\ela_cache\323_1.png,1
D:\\zainab\\forgery-detector\\data\\ela_cache\324_1.png,1
D:\\zainab\\forgery-detector\\data\\ela_cache\325_1.png,1
D:\\zainab\\forgery-detector\\data\\ela_cache\326_1.png,1
D:\\zainab\\forgery-detector\\data\\ela_cache\327_0.png,0
D:\\zainab\\forgery-detector\\data\\ela_cache\328_0.png,0
D:\\zainab\\forgery-detector\\data\\ela_cache\329_1.png,1
D:\\zainab\\forgery-detector\\data\\ela_cache\330_1.png,1
D:\\zainab\\forgery-detector\\data\\ela_cache\331_1.png,1
D:\\zainab\\forgery-detector\\data\\ela_cache\332_1.png,1
D:\\zainab\\forgery-detector\\data\\ela_cache\333_0.png,0
D:\\zainab\\forgery-detector\\data\\ela_cache\334_0.png,0
D:\\zainab\\forgery-detector\\data\\ela_cache\335_0.png,0
D:\\zainab\\forgery-detector\\data\\ela_cache\336_1.png,1
D:\\zainab\\forgery-detector\\data\\ela_cache\337_0.png,0
D:\\zainab\\forgery-detector\\data\\ela_cache\338_1.png,1
D:\\zainab\\forgery-detector\\data\\ela_cache\339_0.png,0
D:\\zainab\\forgery-detector\\data\\ela_cache\340_0.png,0
D:\\zainab\\forgery-detector\\data\\ela_cache\341_1.png,1
D:\\zainab\\forgery-detector\\data\\ela_cache\342_1.png,1
D:\\zainab\\forgery-detector\\data\\ela_cache\343_1.png,1
D:\\zainab\\forgery-detector\\data\\ela_cache\344_1.png,1
D:\\zainab\\forgery-detector\\data\\ela_cache\345_0.png,0
D:\\zainab\\forgery-detector\\data\\ela_cache\346_0.png,0
D:\\zainab\\forgery-detector\\data\\ela_cache\347_1.png,1
D:\\zainab\\forgery-detector\\data\\ela_cache\348_0.png,0
D:\\zainab\\forgery-detector\\data\\ela_cache\349_0.png,0
D:\\zainab\\forgery-detector\\data\\ela_cache\350_1.png,1
D:\\zainab\\forgery-detector\\data\\ela_cache\351_0.png,0
D:\\zainab\\forgery-detector\\data\\ela_cache\352_1.png,1
D:\\zainab\\forgery-detector\\data\\ela_cache\353_1.png,1
D:\\zainab\\forgery-detector\\data\\ela_cache\354_0.png,0
D:\\zainab\\forgery-detector\\data\\ela_cache\355_1.png,1
D:\\zainab\\forgery-detector\\data\\ela_cache\356_1.png,1
D:\\zainab\\forgery-detector\\data\\ela_cache\357_1.png,1
D:\\zainab\\forgery-detector\\data\\ela_cache\358_1.png,1
D:\\zainab\\forgery-detector\\data\\ela_cache\359_0.png,0
D:\\zainab\\forgery-detector\\data\\ela_cache\360_1.png,1
D:\\zainab\\forgery-detector\\data\\ela_cache\361_0.png,0
D:\\zainab\\forgery-detector\\data\\ela_cache\362_0.png,0
D:\\zainab\\forgery-detector\\data\\ela_cache\363_0.png,0
D:\\zainab\\forgery-detector\\data\\ela_cache\364_0.png,0
D:\\zainab\\forgery-detector\\data\\ela_cache\365_0.png,0
D:\\zainab\\forgery-detector\\data\\ela_cache\366_0.png,0
D:\\zainab\\forgery-detector\\data\\ela_cache\367_1.png,1
D:\\zainab\\forgery-detector\\data\\ela_cache\368_0.png,0
D:\\zainab\\forgery-detector\\data\\ela_cache\369_1.png,1
D:\\zainab\\forgery-detector\\data\\ela_cache\370_0.png,0
D:\\zainab\\forgery-detector\\data\\ela_cache\371_0.png,0
D:\\zainab\\forgery-detector\\data\\ela_cache\372_1.png,1
D:\\zainab\\forgery-detector\\data\\ela_cache\373_0.png,0
D:\\zainab\\forgery-detector\\data\\ela_cache\374_1.png,1
D:\\zainab\\forgery-detector\\data\\ela_cache\375_0.png,0
D:\\zainab\\forgery-detector\\data\\ela_cache\376_0.png,0
D:\\zainab\\forgery-detector\\data\\ela_cache\377_0.png,0
D:\\zainab\\forgery-detector\\data\\ela_cache\378_0.png,0
D:\\zainab\\forgery-detector\\data\\ela_cache\379_0.png,0
D:\\zainab\\forgery-detector\\data\\ela_cache\380_0.png,0
D:\\zainab\\forgery-detector\\data\\ela_cache\381_1.png,1
D:\\zainab\\forgery-detector\\data\\ela_cache\382_1.png,1
D:\\zainab\\forgery-detector\\data\\ela_cache\383_1.png,1
D:\\zainab\\forgery-detector\\data\\ela_cache\384_1.png,1
D:\\zainab\\forgery-detector\\data\\ela_cache\385_0.png,0
D:\\zainab\\forgery-detector\\data\\ela_cache\386_0.png,0
D:\\zainab\\forgery-detector\\data\\ela_cache\387_1.png,1
D:\\zainab\\forgery-detector\\data\\ela_cache\388_1.png,1
D:\\zainab\\forgery-detector\\data\\ela_cache\389_1.png,1
D:\\zainab\\forgery-detector\\data\\ela_cache\390_0.png,0
D:\\zainab\\forgery-detector\\data\\ela_cache\391_0.png,0
D:\\zainab\\forgery-detector\\data\\ela_cache\392_1.png,1
D:\\zainab\\forgery-detector\\data\\ela_cache\393_1.png,1
D:\\zainab\\forgery-detector\\data\\ela_cache\394_0.png,0
D:\\zainab\\forgery-detector\\data\\ela_cache\395_0.png,0
D:\\zainab\\forgery-detector\\data\\ela_cache\396_0.png,0
D:\\zainab\\forgery-detector\\data\\ela_cache\397_0.png,0
D:\\zainab\\forgery-detector\\data\\ela_cache\398_1.png,1
D:\\zainab\\forgery-detector\\data\\ela_cache\399_1.png,1
D:\\zainab\\forgery-detector\\data\\ela_cache\400_0.png,0
D:\\zainab\\forgery-detector\\data\\ela_cache\401_0.png,0
D:\\zainab\\forgery-detector\\data\\ela_cache\402_0.png,0
D:\\zainab\\forgery-detector\\data\\ela_cache\403_0.png,0
D:\\zainab\\forgery-detector\\data\\ela_cache\404_0.png,0
D:\\zainab\\forgery-detector\\data\\ela_cache\405_0.png,0
D:\\zainab\\forgery-detector\\data\\ela_cache\406_1.png,1
D:\\zainab\\forgery-detector\\data\\ela_cache\407_1.png,1
D:\\zainab\\forgery-detector\\data\\ela_cache\408_0.png,0
D:\\zainab\\forgery-detector\\data\\ela_cache\409_0.png,0
D:\\zainab\\forgery-detector\\data\\ela_cache\410_1.png,1
D:\\zainab\\forgery-detector\\data\\ela_cache\411_1.png,1
D:\\zainab\\forgery-detector\\data\\ela_cache\412_0.png,0
D:\\zainab\\forgery-detector\\data\\ela_cache\413_0.png,0
D:\\zainab\\forgery-detector\\data\\ela_cache\414_0.png,0
D:\\zainab\\forgery-detector\\data\\ela_cache\415_0.png,0
D:\\zainab\\forgery-detector\\data\\ela_cache\416_0.png,0
D:\\zainab\\forgery-detector\\data\\ela_cache\417_1.png,1
D:\\zainab\\forgery-detector\\data\\ela_cache\418_1.png,1
D:\\zainab\\forgery-detector\\data\\ela_cache\419_1.png,1
D:\\zainab\\forgery-detector\\data\\ela_cache\420_1.png,1
D:\\zainab\\forgery-detector\\data\\ela_cache\421_0.png,0
D:\\zainab\\forgery-detector\\data\\ela_cache\422_1.png,1
D:\\zainab\\forgery-detector\\data\\ela_cache\423_1.png,1
D:\\zainab\\forgery-detector\\data\\ela_cache\424_1.png,1
D:\\zainab\\forgery-detector\\data\\ela_cache\425_1.png,1
D:\\zainab\\forgery-detector\\data\\ela_cache\426_1.png,1
D:\\zainab\\forgery-detector\\data\\ela_cache\427_1.png,1
D:\\zainab\\forgery-detector\\data\\ela_cache\428_1.png,1
D:\\zainab\\forgery-detector\\data\\ela_cache\429_1.png,1
D:\\zainab\\forgery-detector\\data\\ela_cache\430_0.png,0
D:\\zainab\\forgery-detector\\data\\ela_cache\431_1.png,1
D:\\zainab\\forgery-detector\\data\\ela_cache\432_0.png,0
D:\\zainab\\forgery-detector\\data\\ela_cache\433_1.png,1
D:\\zainab\\forgery-detector\\data\\ela_cache\434_0.png,0
D:\\zainab\\forgery-detector\\data\\ela_cache\435_0.png,0
D:\\zainab\\forgery-detector\\data\\ela_cache\436_0.png,0
D:\\zainab\\forgery-detector\\data\\ela_cache\437_0.png,0
D:\\zainab\\forgery-detector\\data\\ela_cache\438_1.png,1
D:\\zainab\\forgery-detector\\data\\ela_cache\439_0.png,0
D:\\zainab\\forgery-detector\\data\\ela_cache\440_0.png,0
D:\\zainab\\forgery-detector\\data\\ela_cache\441_0.png,0
D:\\zainab\\forgery-detector\\data\\ela_cache\442_1.png,1
D:\\zainab\\forgery-detector\\data\\ela_cache\443_1.png,1
D:\\zainab\\forgery-detector\\data\\ela_cache\444_0.png,0
D:\\zainab\\forgery-detector\\data\\ela_cache\445_0.png,0
D:\\zainab\\forgery-detector\\data\\ela_cache\446_1.png,1
D:\\zainab\\forgery-detector\\data\\ela_cache\447_0.png,0
D:\\zainab\\forgery-detector\\data\\ela_cache\448_0.png,0
D:\\zainab\\forgery-detector\\data\\ela_cache\449_0.png,0
D:\\zainab\\forgery-detector\\data\\ela_cache\450_0.png,0
D:\\zainab\\forgery-detector\\data\\ela_cache\451_0.png,0
D:\\zainab\\forgery-detector\\data\\ela_cache\452_0.png,0
D:\\zainab\\forgery-detector\\data\\ela_cache\453_0.png,0
D:\\zainab\\forgery-detector\\data\\ela_cache\454_1.png,1
D:\\zainab\\forgery-detector\\data\\ela_cache\455_0.png,0
D:\\zainab\\forgery-detector\\data\\ela_cache\456_1.png,1
D:\\zainab\\forgery-detector\\data\\ela_cache\457_0.png,0
D:\\zainab\\forgery-detector\\data\\ela_cache\458_0.png,0
D:\\zainab\\forgery-detector\\data\\ela_cache\459_1.png,1
D:\\zainab\\forgery-detector\\data\\ela_cache\460_0.png,0
D:\\zainab\\forgery-detector\\data\\ela_cache\461_0.png,0
D:\\zainab\\forgery-detector\\data\\ela_cache\462_0.png,0
D:\\zainab\\forgery-detector\\data\\ela_cache\463_0.png,0
D:\\zainab\\forgery-detector\\data\\ela_cache\464_1.png,1
D:\\zainab\\forgery-detector\\data\\ela_cache\465_1.png,1
D:\\zainab\\forgery-detector\\data\\ela_cache\466_0.png,0
D:\\zainab\\forgery-detector\\data\\ela_cache\467_0.png,0
D:\\zainab\\forgery-detector\\data\\ela_cache\468_0.png,0
D:\\zainab\\forgery-detector\\data\\ela_cache\469_0.png,0
D:\\zainab\\forgery-detector\\data\\ela_cache\470_0.png,0
D:\\zainab\\forgery-detector\\data\\ela_cache\471_0.png,0
D:\\zainab\\forgery-detector\\data\\ela_cache\472_1.png,1
D:\\zainab\\forgery-detector\\data\\ela_cache\473_0.png,0
D:\\zainab\\forgery-detector\\data\\ela_cache\474_1.png,1
D:\\zainab\\forgery-detector\\data\\ela_cache\475_0.png,0
D:\\zainab\\forgery-detector\\data\\ela_cache\476_0.png,0
D:\\zainab\\forgery-detector\\data\\ela_cache\477_1.png,1
D:\\zainab\\forgery-detector\\data\\ela_cache\478_0.png,0
D:\\zainab\\forgery-detector\\data\\ela_cache\479_0.png,0
D:\\zainab\\forgery-detector\\data\\ela_cache\480_1.png,1
D:\\zainab\\forgery-detector\\data\\ela_cache\481_0.png,0
D:\\zainab\\forgery-detector\\data\\ela_cache\482_0.png,0
D:\\zainab\\forgery-detector\\data\\ela_cache\483_0.png,0
D:\\zainab\\forgery-detector\\data\\ela_cache\484_0.png,0
D:\\zainab\\forgery-detector\\data\\ela_cache\485_0.png,0
D:\\zainab\\forgery-detector\\data\\ela_cache\486_1.png,1
D:\\zainab\\forgery-detector\\data\\ela_cache\487_0.png,0
D:\\zainab\\forgery-detector\\data\\ela_cache\488_0.png,0
D:\\zainab\\forgery-detector\\data\\ela_cache\489_0.png,0
D:\\zainab\\forgery-detector\\data\\ela_cache\490_0.png,0
D:\\zainab\\forgery-detector\\data\\ela_cache\491_0.png,0
D:\\zainab\\forgery-detector\\data\\ela_cache\492_1.png,1
D:\\zainab\\forgery-detector\\data\\ela_cache\493_1.png,1
D:\\zainab\\forgery-detector\\data\\ela_cache\494_0.png,0
D:\\zainab\\forgery-detector\\data\\ela_cache\495_0.png,0
D:\\zainab\\forgery-detector\\data\\ela_cache\496_0.png,0
D:\\zainab\\forgery-detector\\data\\ela_cache\497_1.png,1
D:\\zainab\\forgery-detector\\data\\ela_cache\498_1.png,1
D:\\zainab\\forgery-detector\\data\\ela_cache\499_0.png,0
D:\\zainab\\forgery-detector\\data\\ela_cache\500_0.png,0
D:\\zainab\\forgery-detector\\data\\ela_cache\501_1.png,1
D:\\zainab\\forgery-detector\\data\\ela_cache\502_0.png,0
D:\\zainab\\forgery-detector\\data\\ela_cache\503_0.png,0
D:\\zainab\\forgery-detector\\data\\ela_cache\504_0.png,0
D:\\zainab\\forgery-detector\\data\\ela_cache\505_0.png,0
D:\\zainab\\forgery-detector\\data\\ela_cache\506_0.png,0
D:\\zainab\\forgery-detector\\data\\ela_cache\507_0.png,0
D:\\zainab\\forgery-detector\\data\\ela_cache\508_1.png,1
D:\\zainab\\forgery-detector\\data\\ela_cache\509_0.png,0
D:\\zainab\\forgery-detector\\data\\ela_cache\510_0.png,0
D:\\zainab\\forgery-detector\\data\\ela_cache\511_0.png,0
D:\\zainab\\forgery-detector\\data\\ela_cache\512_1.png,1
D:\\zainab\\forgery-detector\\data\\ela_cache\513_0.png,0
D:\\zainab\\forgery-detector\\data\\ela_cache\514_0.png,0
D:\\zainab\\forgery-detector\\data\\ela_cache\515_0.png,0
D:\\zainab\\forgery-detector\\data\\ela_cache\516_1.png,1
D:\\zainab\\forgery-detector\\data\\ela_cache\517_1.png,1
D:\\zainab\\forgery-detector\\data\\ela_cache\518_1.png,1
D:\\zainab\\forgery-detector\\data\\ela_cache\519_1.png,1
D:\\zainab\\forgery-detector\\data\\ela_cache\520_1.png,1
D:\\zainab\\forgery-detector\\data\\ela_cache\521_0.png,0
D:\\zainab\\forgery-detector\\data\\ela_cache\522_1.png,1
D:\\zainab\\forgery-detector\\data\\ela_cache\523_0.png,0
D:\\zainab\\forgery-detector\\data\\ela_cache\524_1.png,1
D:\\zainab\\forgery-detector\\data\\ela_cache\525_0.png,0
D:\\zainab\\forgery-detector\\data\\ela_cache\526_1.png,1
D:\\zainab\\forgery-detector\\data\\ela_cache\527_1.png,1
D:\\zainab\\forgery-detector\\data\\ela_cache\528_1.png,1
D:\\zainab\\forgery-detector\\data\\ela_cache\529_0.png,0
D:\\zainab\\forgery-detector\\data\\ela_cache\530_0.png,0
D:\\zainab\\forgery-detector\\data\\ela_cache\531_0.png,0
D:\\zainab\\forgery-detector\\data\\ela_cache\532_1.png,1
D:\\zainab\\forgery-detector\\data\\ela_cache\533_0.png,0
D:\\zainab\\forgery-detector\\data\\ela_cache\534_0.png,0
D:\\zainab\\forgery-detector\\data\\ela_cache\535_0.png,0
D:\\zainab\\forgery-detector\\data\\ela_cache\536_0.png,0
D:\\zainab\\forgery-detector\\data\\ela_cache\537_1.png,1
D:\\zainab\\forgery-detector\\data\\ela_cache\538_0.png,0
D:\\zainab\\forgery-detector\\data\\ela_cache\539_0.png,0
D:\\zainab\\forgery-detector\\data\\ela_cache\540_0.png,0
D:\\zainab\\forgery-detector\\data\\ela_cache\541_1.png,1
D:\\zainab\\forgery-detector\\data\\ela_cache\542_0.png,0
D:\\zainab\\forgery-detector\\data\\ela_cache\543_1.png,1
D:\\zainab\\forgery-detector\\data\\ela_cache\544_0.png,0
D:\\zainab\\forgery-detector\\data\\ela_cache\545_0.png,0
D:\\zainab\\forgery-detector\\data\\ela_cache\546_0.png,0
D:\\zainab\\forgery-detector\\data\\ela_cache\547_0.png,0
D:\\zainab\\forgery-detector\\data\\ela_cache\548_1.png,1
D:\\zainab\\forgery-detector\\data\\ela_cache\549_0.png,0
D:\\zainab\\forgery-detector\\data\\ela_cache\550_0.png,0
D:\\zainab\\forgery-detector\\data\\ela_cache\551_0.png,0
D:\\zainab\\forgery-detector\\data\\ela_cache\552_0.png,0
D:\\zainab\\forgery-detector\\data\\ela_cache\553_1.png,1
D:\\zainab\\forgery-detector\\data\\ela_cache\554_1.png,1
D:\\zainab\\forgery-detector\\data\\ela_cache\555_0.png,0
D:\\zainab\\forgery-detector\\data\\ela_cache\556_0.png,0
D:\\zainab\\forgery-detector\\data\\ela_cache\557_1.png,1
D:\\zainab\\forgery-detector\\data\\ela_cache\558_1.png,1
D:\\zainab\\forgery-detector\\data\\ela_cache\559_1.png,1
D:\\zainab\\forgery-detector\\data\\ela_cache\560_1.png,1
D:\\zainab\\forgery-detector\\data\\ela_cache\561_0.png,0
D:\\zainab\\forgery-detector\\data\\ela_cache\562_0.png,0
D:\\zainab\\forgery-detector\\data\\ela_cache\563_0.png,0
D:\\zainab\\forgery-detector\\data\\ela_cache\564_1.png,1
D:\\zainab\\forgery-detector\\data\\ela_cache\565_0.png,0
D:\\zainab\\forgery-detector\\data\\ela_cache\566_0.png,0
D:\\zainab\\forgery-detector\\data\\ela_cache\567_0.png,0
D:\\zainab\\forgery-detector\\data\\ela_cache\568_1.png,1
D:\\zainab\\forgery-detector\\data\\ela_cache\569_1.png,1
D:\\zainab\\forgery-detector\\data\\ela_cache\570_0.png,0
D:\\zainab\\forgery-detector\\data\\ela_cache\571_1.png,1
D:\\zainab\\forgery-detector\\data\\ela_cache\572_1.png,1
D:\\zainab\\forgery-detector\\data\\ela_cache\573_1.png,1
D:\\zainab\\forgery-detector\\data\\ela_cache\574_1.png,1
D:\\zainab\\forgery-detector\\data\\ela_cache\575_0.png,0
D:\\zainab\\forgery-detector\\data\\ela_cache\576_1.png,1
D:\\zainab\\forgery-detector\\data\\ela_cache\577_0.png,0
D:\\zainab\\forgery-detector\\data\\ela_cache\578_0.png,0
D:\\zainab\\forgery-detector\\data\\ela_cache\579_0.png,0
D:\\zainab\\forgery-detector\\data\\ela_cache\580_0.png,0
D:\\zainab\\forgery-detector\\data\\ela_cache\581_0.png,0
D:\\zainab\\forgery-detector\\data\\ela_cache\582_0.png,0
D:\\zainab\\forgery-detector\\data\\ela_cache\583_1.png,1
D:\\zainab\\forgery-detector\\data\\ela_cache\584_0.png,0
D:\\zainab\\forgery-detector\\data\\ela_cache\585_0.png,0
D:\\zainab\\forgery-detector\\data\\ela_cache\586_0.png,0
D:\\zainab\\forgery-detector\\data\\ela_cache\587_1.png,1
D:\\zainab\\forgery-detector\\data\\ela_cache\588_1.png,1
D:\\zainab\\forgery-detector\\data\\ela_cache\589_0.png,0
D:\\zainab\\forgery-detector\\data\\ela_cache\590_0.png,0
D:\\zainab\\forgery-detector\\data\\ela_cache\591_0.png,0
D:\\zainab\\forgery-detector\\data\\ela_cache\592_1.png,1
D:\\zainab\\forgery-detector\\data\\ela_cache\593_0.png,0
D:\\zainab\\forgery-detector\\data\\ela_cache\594_1.png,1
D:\\zainab\\forgery-detector\\data\\ela_cache\595_0.png,0
D:\\zainab\\forgery-detector\\data\\ela_cache\596_1.png,1
D:\\zainab\\forgery-detector\\data\\ela_cache\597_0.png,0
D:\\zainab\\forgery-detector\\data\\ela_cache\598_1.png,1
D:\\zainab\\forgery-detector\\data\\ela_cache\599_1.png,1
D:\\zainab\\forgery-detector\\data\\ela_cache\600_1.png,1
D:\\zainab\\forgery-detector\\data\\ela_cache\601_1.png,1
D:\\zainab\\forgery-detector\\data\\ela_cache\602_1.png,1
D:\\zainab\\forgery-detector\\data\\ela_cache\603_0.png,0
D:\\zainab\\forgery-detector\\data\\ela_cache\604_1.png,1
D:\\zainab\\forgery-detector\\data\\ela_cache\605_0.png,0
D:\\zainab\\forgery-detector\\data\\ela_cache\606_1.png,1
D:\\zainab\\forgery-detector\\data\\ela_cache\607_0.png,0
D:\\zainab\\forgery-detector\\data\\ela_cache\608_0.png,0
D:\\zainab\\forgery-detector\\data\\ela_cache\609_0.png,0
D:\\zainab\\forgery-detector\\data\\ela_cache\610_0.png,0
D:\\zainab\\forgery-detector\\data\\ela_cache\611_0.png,0
D:\\zainab\\forgery-detector\\data\\ela_cache\612_0.png,0
D:\\zainab\\forgery-detector\\data\\ela_cache\613_0.png,0
D:\\zainab\\forgery-detector\\data\\ela_cache\614_0.png,0
D:\\zainab\\forgery-detector\\data\\ela_cache\615_0.png,0
D:\\zainab\\forgery-detector\\data\\ela_cache\616_1.png,1
D:\\zainab\\forgery-detector\\data\\ela_cache\617_0.png,0
D:\\zainab\\forgery-detector\\data\\ela_cache\618_0.png,0
D:\\zainab\\forgery-detector\\data\\ela_cache\619_0.png,0
D:\\zainab\\forgery-detector\\data\\ela_cache\620_0.png,0
D:\\zainab\\forgery-detector\\data\\ela_cache\621_0.png,0
D:\\zainab\\forgery-detector\\data\\ela_cache\622_0.png,0
D:\\zainab\\forgery-detector\\data\\ela_cache\623_0.png,0
D:\\zainab\\forgery-detector\\data\\ela_cache\624_0.png,0
D:\\zainab\\forgery-detector\\data\\ela_cache\625_0.png,0
D:\\zainab\\forgery-detector\\data\\ela_cache\626_1.png,1
D:\\zainab\\forgery-detector\\data\\ela_cache\627_1.png,1
D:\\zainab\\forgery-detector\\data\\ela_cache\628_1.png,1
D:\\zainab\\forgery-detector\\data\\ela_cache\629_0.png,0
D:\\zainab\\forgery-detector\\data\\ela_cache\630_1.png,1
D:\\zainab\\forgery-detector\\data\\ela_cache\631_1.png,1
D:\\zainab\\forgery-detector\\data\\ela_cache\632_1.png,1
D:\\zainab\\forgery-detector\\data\\ela_cache\633_1.png,1
D:\\zainab\\forgery-detector\\data\\ela_cache\634_1.png,1
D:\\zainab\\forgery-detector\\data\\ela_cache\635_1.png,1
D:\\zainab\\forgery-detector\\data\\ela_cache\636_1.png,1
D:\\zainab\\forgery-detector\\data\\ela_cache\637_1.png,1
D:\\zainab\\forgery-detector\\data\\ela_cache\638_0.png,0
D:\\zainab\\forgery-detector\\data\\ela_cache\639_0.png,0
D:\\zainab\\forgery-detector\\data\\ela_cache\640_1.png,1
D:\\zainab\\forgery-detector\\data\\ela_cache\641_1.png,1
D:\\zainab\\forgery-detector\\data\\ela_cache\642_0.png,0
D:\\zainab\\forgery-detector\\data\\ela_cache\643_1.png,1
D:\\zainab\\forgery-detector\\data\\ela_cache\644_0.png,0
D:\\zainab\\forgery-detector\\data\\ela_cache\645_0.png,0
D:\\zainab\\forgery-detector\\data\\ela_cache\646_0.png,0
D:\\zainab\\forgery-detector\\data\\ela_cache\647_0.png,0
D:\\zainab\\forgery-detector\\data\\ela_cache\648_0.png,0
D:\\zainab\\forgery-detector\\data\\ela_cache\649_0.png,0
D:\\zainab\\forgery-detector\\data\\ela_cache\650_0.png,0
D:\\zainab\\forgery-detector\\data\\ela_cache\651_0.png,0
D:\\zainab\\forgery-detector\\data\\ela_cache\652_0.png,0
D:\\zainab\\forgery-detector\\data\\ela_cache\653_1.png,1
D:\\zainab\\forgery-detector\\data\\ela_cache\654_0.png,0
D:\\zainab\\forgery-detector\\data\\ela_cache\655_0.png,0
D:\\zainab\\forgery-detector\\data\\ela_cache\656_0.png,0
D:\\zainab\\forgery-detector\\data\\ela_cache\657_0.png,0
D:\\zainab\\forgery-detector\\data\\ela_cache\658_0.png,0
D:\\zainab\\forgery-detector\\data\\ela_cache\659_0.png,0
D:\\zainab\\forgery-detector\\data\\ela_cache\660_0.png,0
D:\\zainab\\forgery-detector\\data\\ela_cache\661_1.png,1
D:\\zainab\\forgery-detector\\data\\ela_cache\662_1.png,1
D:\\zainab\\forgery-detector\\data\\ela_cache\663_1.png,1
D:\\zainab\\forgery-detector\\data\\ela_cache\664_0.png,0
D:\\zainab\\forgery-detector\\data\\ela_cache\665_1.png,1
D:\\zainab\\forgery-detector\\data\\ela_cache\666_0.png,0
D:\\zainab\\forgery-detector\\data\\ela_cache\667_1.png,1
D:\\zainab\\forgery-detector\\data\\ela_cache\668_0.png,0
D:\\zainab\\forgery-detector\\data\\ela_cache\669_0.png,0
D:\\zainab\\forgery-detector\\data\\ela_cache\670_0.png,0
D:\\zainab\\forgery-detector\\data\\ela_cache\671_0.png,0
D:\\zainab\\forgery-detector\\data\\ela_cache\672_0.png,0
D:\\zainab\\forgery-detector\\data\\ela_cache\673_0.png,0
D:\\zainab\\forgery-detector\\data\\ela_cache\674_0.png,0
D:\\zainab\\forgery-detector\\data\\ela_cache\675_0.png,0
D:\\zainab\\forgery-detector\\data\\ela_cache\676_1.png,1
D:\\zainab\\forgery-detector\\data\\ela_cache\677_1.png,1
D:\\zainab\\forgery-detector\\data\\ela_cache\678_0.png,0
D:\\zainab\\forgery-detector\\data\\ela_cache\679_1.png,1
D:\\zainab\\forgery-detector\\data\\ela_cache\680_1.png,1
D:\\zainab\\forgery-detector\\data\\ela_cache\681_1.png,1
D:\\zainab\\forgery-detector\\data\\ela_cache\682_0.png,0
D:\\zainab\\forgery-detector\\data\\ela_cache\683_1.png,1
D:\\zainab\\forgery-detector\\data\\ela_cache\684_0.png,0
D:\\zainab\\forgery-detector\\data\\ela_cache\685_1.png,1
D:\\zainab\\forgery-detector\\data\\ela_cache\686_0.png,0
D:\\zainab\\forgery-detector\\data\\ela_cache\687_0.png,0
D:\\zainab\\forgery-detector\\data\\ela_cache\688_0.png,0
D:\\zainab\\forgery-detector\\data\\ela_cache\689_0.png,0
D:\\zainab\\forgery-detector\\data\\ela_cache\690_1.png,1
D:\\zainab\\forgery-detector\\data\\ela_cache\691_0.png,0
D:\\zainab\\forgery-detector\\data\\ela_cache\692_1.png,1
D:\\zainab\\forgery-detector\\data\\ela_cache\693_0.png,0
D:\\zainab\\forgery-detector\\data\\ela_cache\694_1.png,1
D:\\zainab\\forgery-detector\\data\\ela_cache\695_0.png,0
D:\\zainab\\forgery-detector\\data\\ela_cache\696_0.png,0
D:\\zainab\\forgery-detector\\data\\ela_cache\697_0.png,0
D:\\zainab\\forgery-detector\\data\\ela_cache\698_1.png,1
D:\\zainab\\forgery-detector\\data\\ela_cache\699_1.png,1
D:\\zainab\\forgery-detector\\data\\ela_cache\700_1.png,1
D:\\zainab\\forgery-detector\\data\\ela_cache\701_0.png,0
D:\\zainab\\forgery-detector\\data\\ela_cache\702_1.png,1
D:\\zainab\\forgery-detector\\data\\ela_cache\703_0.png,0
D:\\zainab\\forgery-detector\\data\\ela_cache\704_1.png,1
D:\\zainab\\forgery-detector\\data\\ela_cache\705_1.png,1
D:\\zainab\\forgery-detector\\data\\ela_cache\706_0.png,0
D:\\zainab\\forgery-detector\\data\\ela_cache\707_0.png,0
D:\\zainab\\forgery-detector\\data\\ela_cache\708_1.png,1
D:\\zainab\\forgery-detector\\data\\ela_cache\709_0.png,0
D:\\zainab\\forgery-detector\\data\\ela_cache\710_0.png,0
D:\\zainab\\forgery-detector\\data\\ela_cache\711_1.png,1
D:\\zainab\\forgery-detector\\data\\ela_cache\712_1.png,1
D:\\zainab\\forgery-detector\\data\\ela_cache\713_0.png,0
D:\\zainab\\forgery-detector\\data\\ela_cache\714_1.png,1
D:\\zainab\\forgery-detector\\data\\ela_cache\715_1.png,1
D:\\zainab\\forgery-detector\\data\\ela_cache\716_0.png,0
D:\\zainab\\forgery-detector\\data\\ela_cache\717_0.png,0
D:\\zainab\\forgery-detector\\data\\ela_cache\718_0.png,0
D:\\zainab\\forgery-detector\\data\\ela_cache\719_0.png,0
D:\\zainab\\forgery-detector\\data\\ela_cache\720_0.png,0
D:\\zainab\\forgery-detector\\data\\ela_cache\721_1.png,1
D:\\zainab\\forgery-detector\\data\\ela_cache\722_1.png,1
D:\\zainab\\forgery-detector\\data\\ela_cache\723_0.png,0
D:\\zainab\\forgery-detector\\data\\ela_cache\724_1.png,1
D:\\zainab\\forgery-detector\\data\\ela_cache\725_1.png,1
D:\\zainab\\forgery-detector\\data\\ela_cache\726_1.png,1
D:\\zainab\\forgery-detector\\data\\ela_cache\727_0.png,0
D:\\zainab\\forgery-detector\\data\\ela_cache\728_0.png,0
D:\\zainab\\forgery-detector\\data\\ela_cache\729_0.png,0
D:\\zainab\\forgery-detector\\data\\ela_cache\730_0.png,0
D:\\zainab\\forgery-detector\\data\\ela_cache\731_0.png,0
D:\\zainab\\forgery-detector\\data\\ela_cache\732_1.png,1
D:\\zainab\\forgery-detector\\data\\ela_cache\733_1.png,1
D:\\zainab\\forgery-detector\\data\\ela_cache\734_0.png,0
D:\\zainab\\forgery-detector\\data\\ela_cache\735_1.png,1
D:\\zainab\\forgery-detector\\data\\ela_cache\736_0.png,0
D:\\zainab\\forgery-detector\\data\\ela_cache\737_0.png,0
D:\\zainab\\forgery-detector\\data\\ela_cache\738_0.png,0
D:\\zainab\\forgery-detector\\data\\ela_cache\739_1.png,1
D:\\zainab\\forgery-detector\\data\\ela_cache\740_0.png,0
D:\\zainab\\forgery-detector\\data\\ela_cache\741_1.png,1
D:\\zainab\\forgery-detector\\data\\ela_cache\742_0.png,0
D:\\zainab\\forgery-detector\\data\\ela_cache\743_0.png,0
D:\\zainab\\forgery-detector\\data\\ela_cache\744_1.png,1
D:\\zainab\\forgery-detector\\data\\ela_cache\745_0.png,0
D:\\zainab\\forgery-detector\\data\\ela_cache\746_1.png,1
D:\\zainab\\forgery-detector\\data\\ela_cache\747_0.png,0
D:\\zainab\\forgery-detector\\data\\ela_cache\748_0.png,0
D:\\zainab\\forgery-detector\\data\\ela_cache\749_1.png,1
D:\\zainab\\forgery-detector\\data\\ela_cache\750_1.png,1
D:\\zainab\\forgery-detector\\data\\ela_cache\751_0.png,0
D:\\zainab\\forgery-detector\\data\\ela_cache\752_1.png,1
D:\\zainab\\forgery-detector\\data\\ela_cache\753_0.png,0
D:\\zainab\\forgery-detector\\data\\ela_cache\754_1.png,1
D:\\zainab\\forgery-detector\\data\\ela_cache\755_0.png,0
D:\\zainab\\forgery-detector\\data\\ela_cache\756_0.png,0
D:\\zainab\\forgery-detector\\data\\ela_cache\757_1.png,1
D:\\zainab\\forgery-detector\\data\\ela_cache\758_1.png,1
D:\\zainab\\forgery-detector\\data\\ela_cache\759_0.png,0
D:\\zainab\\forgery-detector\\data\\ela_cache\760_1.png,1
D:\\zainab\\forgery-detector\\data\\ela_cache\761_0.png,0
D:\\zainab\\forgery-detector\\data\\ela_cache\762_0.png,0
D:\\zainab\\forgery-detector\\data\\ela_cache\763_1.png,1
D:\\zainab\\forgery-detector\\data\\ela_cache\764_0.png,0
D:\\zainab\\forgery-detector\\data\\ela_cache\765_1.png,1
D:\\zainab\\forgery-detector\\data\\ela_cache\766_0.png,0
D:\\zainab\\forgery-detector\\data\\ela_cache\767_1.png,1
D:\\zainab\\forgery-detector\\data\\ela_cache\768_0.png,0
D:\\zainab\\forgery-detector\\data\\ela_cache\769_0.png,0
D:\\zainab\\forgery-detector\\data\\ela_cache\770_0.png,0
D:\\zainab\\forgery-detector\\data\\ela_cache\771_0.png,0
D:\\zainab\\forgery-detector\\data\\ela_cache\772_0.png,0
D:\\zainab\\forgery-detector\\data\\ela_cache\773_1.png,1
D:\\zainab\\forgery-detector\\data\\ela_cache\774_0.png,0
D:\\zainab\\forgery-detector\\data\\ela_cache\775_0.png,0
D:\\zainab\\forgery-detector\\data\\ela_cache\776_1.png,1
D:\\zainab\\forgery-detector\\data\\ela_cache\777_0.png,0
D:\\zainab\\forgery-detector\\data\\ela_cache\778_0.png,0
D:\\zainab\\forgery-detector\\data\\ela_cache\779_0.png,0
D:\\zainab\\forgery-detector\\data\\ela_cache\780_1.png,1
D:\\zainab\\forgery-detector\\data\\ela_cache\781_1.png,1
D:\\zainab\\forgery-detector\\data\\ela_cache\782_0.png,0
D:\\zainab\\forgery-detector\\data\\ela_cache\783_0.png,0
D:\\zainab\\forgery-detector\\data\\ela_cache\784_1.png,1
D:\\zainab\\forgery-detector\\data\\ela_cache\785_1.png,1
D:\\zainab\\forgery-detector\\data\\ela_cache\786_1.png,1
D:\\zainab\\forgery-detector\\data\\ela_cache\787_1.png,1
D:\\zainab\\forgery-detector\\data\\ela_cache\788_0.png,0
D:\\zainab\\forgery-detector\\data\\ela_cache\789_0.png,0
D:\\zainab\\forgery-detector\\data\\ela_cache\790_1.png,1
D:\\zainab\\forgery-detector\\data\\ela_cache\791_1.png,1
D:\\zainab\\forgery-detector\\data\\ela_cache\792_0.png,0
D:\\zainab\\forgery-detector\\data\\ela_cache\793_0.png,0
D:\\zainab\\forgery-detector\\data\\ela_cache\794_0.png,0
D:\\zainab\\forgery-detector\\data\\ela_cache\795_0.png,0
D:\\zainab\\forgery-detector\\data\\ela_cache\796_0.png,0
D:\\zainab\\forgery-detector\\data\\ela_cache\797_0.png,0
D:\\zainab\\forgery-detector\\data\\ela_cache\798_0.png,0
D:\\zainab\\forgery-detector\\data\\ela_cache\799_1.png,1
D:\\zainab\\forgery-detector\\data\\ela_cache\800_0.png,0
D:\\zainab\\forgery-detector\\data\\ela_cache\801_1.png,1
D:\\zainab\\forgery-detector\\data\\ela_cache\802_0.png,0
D:\\zainab\\forgery-detector\\data\\ela_cache\803_1.png,1
D:\\zainab\\forgery-detector\\data\\ela_cache\804_0.png,0
D:\\zainab\\forgery-detector\\data\\ela_cache\805_1.png,1
D:\\zainab\\forgery-detector\\data\\ela_cache\806_1.png,1
D:\\zainab\\forgery-detector\\data\\ela_cache\807_0.png,0
D:\\zainab\\forgery-detector\\data\\ela_cache\808_0.png,0
D:\\zainab\\forgery-detector\\data\\ela_cache\809_0.png,0
D:\\zainab\\forgery-detector\\data\\ela_cache\810_0.png,0
D:\\zainab\\forgery-detector\\data\\ela_cache\811_1.png,1
D:\\zainab\\forgery-detector\\data\\ela_cache\812_1.png,1
D:\\zainab\\forgery-detector\\data\\ela_cache\813_0.png,0
D:\\zainab\\forgery-detector\\data\\ela_cache\814_0.png,0
D:\\zainab\\forgery-detector\\data\\ela_cache\815_1.png,1
D:\\zainab\\forgery-detector\\data\\ela_cache\816_1.png,1
D:\\zainab\\forgery-detector\\data\\ela_cache\817_0.png,0
D:\\zainab\\forgery-detector\\data\\ela_cache\818_0.png,0
D:\\zainab\\forgery-detector\\data\\ela_cache\819_1.png,1
D:\\zainab\\forgery-detector\\data\\ela_cache\820_1.png,1
D:\\zainab\\forgery-detector\\data\\ela_cache\821_0.png,0
D:\\zainab\\forgery-detector\\data\\ela_cache\822_0.png,0
D:\\zainab\\forgery-detector\\data\\ela_cache\823_0.png,0
D:\\zainab\\forgery-detector\\data\\ela_cache\824_0.png,0
D:\\zainab\\forgery-detector\\data\\ela_cache\825_0.png,0
D:\\zainab\\forgery-detector\\data\\ela_cache\826_1.png,1
D:\\zainab\\forgery-detector\\data\\ela_cache\827_0.png,0
D:\\zainab\\forgery-detector\\data\\ela_cache\828_1.png,1
D:\\zainab\\forgery-detector\\data\\ela_cache\829_0.png,0
D:\\zainab\\forgery-detector\\data\\ela_cache\830_0.png,0
D:\\zainab\\forgery-detector\\data\\ela_cache\831_1.png,1
D:\\zainab\\forgery-detector\\data\\ela_cache\832_0.png,0
D:\\zainab\\forgery-detector\\data\\ela_cache\833_1.png,1
D:\\zainab\\forgery-detector\\data\\ela_cache\834_0.png,0
D:\\zainab\\forgery-detector\\data\\ela_cache\835_0.png,0
D:\\zainab\\forgery-detector\\data\\ela_cache\836_0.png,0
D:\\zainab\\forgery-detector\\data\\ela_cache\837_0.png,0
D:\\zainab\\forgery-detector\\data\\ela_cache\838_0.png,0
D:\\zainab\\forgery-detector\\data\\ela_cache\839_0.png,0
D:\\zainab\\forgery-detector\\data\\ela_cache\840_1.png,1
D:\\zainab\\forgery-detector\\data\\ela_cache\841_0.png,0
D:\\zainab\\forgery-detector\\data\\ela_cache\842_0.png,0
D:\\zainab\\forgery-detector\\data\\ela_cache\843_0.png,0
D:\\zainab\\forgery-detector\\data\\ela_cache\844_0.png,0
D:\\zainab\\forgery-detector\\data\\ela_cache\845_1.png,1
D:\\zainab\\forgery-detector\\data\\ela_cache\846_1.png,1
D:\\zainab\\forgery-detector\\data\\ela_cache\847_1.png,1
D:\\zainab\\forgery-detector\\data\\ela_cache\848_1.png,1
D:\\zainab\\forgery-detector\\data\\ela_cache\849_1.png,1
D:\\zainab\\forgery-detector\\data\\ela_cache\850_0.png,0
D:\\zainab\\forgery-detector\\data\\ela_cache\851_1.png,1
D:\\zainab\\forgery-detector\\data\\ela_cache\852_0.png,0
D:\\zainab\\forgery-detector\\data\\ela_cache\853_0.png,0
D:\\zainab\\forgery-detector\\data\\ela_cache\854_0.png,0
D:\\zainab\\forgery-detector\\data\\ela_cache\855_0.png,0
D:\\zainab\\forgery-detector\\data\\ela_cache\856_0.png,0
D:\\zainab\\forgery-detector\\data\\ela_cache\857_1.png,1
D:\\zainab\\forgery-detector\\data\\ela_cache\858_0.png,0
D:\\zainab\\forgery-detector\\data\\ela_cache\859_1.png,1
D:\\zainab\\forgery-detector\\data\\ela_cache\860_1.png,1
D:\\zainab\\forgery-detector\\data\\ela_cache\861_0.png,0
D:\\zainab\\forgery-detector\\data\\ela_cache\862_1.png,1
D:\\zainab\\forgery-detector\\data\\ela_cache\863_0.png,0
D:\\zainab\\forgery-detector\\data\\ela_cache\864_0.png,0
D:\\zainab\\forgery-detector\\data\\ela_cache\865_0.png,0
D:\\zainab\\forgery-detector\\data\\ela_cache\866_0.png,0
D:\\zainab\\forgery-detector\\data\\ela_cache\867_1.png,1
D:\\zainab\\forgery-detector\\data\\ela_cache\868_0.png,0
D:\\zainab\\forgery-detector\\data\\ela_cache\869_0.png,0
D:\\zainab\\forgery-detector\\data\\ela_cache\870_1.png,1
D:\\zainab\\forgery-detector\\data\\ela_cache\871_1.png,1
D:\\zainab\\forgery-detector\\data\\ela_cache\872_0.png,0
D:\\zainab\\forgery-detector\\data\\ela_cache\873_1.png,1
D:\\zainab\\forgery-detector\\data\\ela_cache\874_0.png,0
D:\\zainab\\forgery-detector\\data\\ela_cache\875_1.png,1
D:\\zainab\\forgery-detector\\data\\ela_cache\876_1.png,1
D:\\zainab\\forgery-detector\\data\\ela_cache\877_1.png,1
D:\\zainab\\forgery-detector\\data\\ela_cache\878_1.png,1
D:\\zainab\\forgery-detector\\data\\ela_cache\879_0.png,0
D:\\zainab\\forgery-detector\\data\\ela_cache\880_1.png,1
D:\\zainab\\forgery-detector\\data\\ela_cache\881_0.png,0
D:\\zainab\\forgery-detector\\data\\ela_cache\882_1.png,1
D:\\zainab\\forgery-detector\\data\\ela_cache\883_0.png,0
D:\\zainab\\forgery-detector\\data\\ela_cache\884_0.png,0
D:\\zainab\\forgery-detector\\data\\ela_cache\885_0.png,0
D:\\zainab\\forgery-detector\\data\\ela_cache\886_1.png,1
D:\\zainab\\forgery-detector\\data\\ela_cache\887_1.png,1
D:\\zainab\\forgery-detector\\data\\ela_cache\888_0.png,0
D:\\zainab\\forgery-detector\\data\\ela_cache\889_1.png,1
D:\\zainab\\forgery-detector\\data\\ela_cache\890_0.png,0
D:\\zainab\\forgery-detector\\data\\ela_cache\891_0.png,0
D:\\zainab\\forgery-detector\\data\\ela_cache\892_1.png,1
D:\\zainab\\forgery-detector\\data\\ela_cache\893_1.png,1
D:\\zainab\\forgery-detector\\data\\ela_cache\894_1.png,1
D:\\zainab\\forgery-detector\\data\\ela_cache\895_0.png,0
D:\\zainab\\forgery-detector\\data\\ela_cache\896_0.png,0
D:\\zainab\\forgery-detector\\data\\ela_cache\897_1.png,1
D:\\zainab\\forgery-detector\\data\\ela_cache\898_1.png,1
D:\\zainab\\forgery-detector\\data\\ela_cache\899_0.png,0
D:\\zainab\\forgery-detector\\data\\ela_cache\900_0.png,0
D:\\zainab\\forgery-detector\\data\\ela_cache\901_0.png,0
D:\\zainab\\forgery-detector\\data\\ela_cache\902_0.png,0
D:\\zainab\\forgery-detector\\data\\ela_cache\903_1.png,1
D:\\zainab\\forgery-detector\\data\\ela_cache\904_0.png,0
D:\\zainab\\forgery-detector\\data\\ela_cache\905_0.png,0
D:\\zainab\\forgery-detector\\data\\ela_cache\906_0.png,0
D:\\zainab\\forgery-detector\\data\\ela_cache\907_1.png,1
D:\\zainab\\forgery-detector\\data\\ela_cache\908_0.png,0
D:\\zainab\\forgery-detector\\data\\ela_cache\909_1.png,1
D:\\zainab\\forgery-detector\\data\\ela_cache\910_0.png,0
D:\\zainab\\forgery-detector\\data\\ela_cache\911_1.png,1
D:\\zainab\\forgery-detector\\data\\ela_cache\912_0.png,0
D:\\zainab\\forgery-detector\\data\\ela_cache\913_0.png,0
D:\\zainab\\forgery-detector\\data\\ela_cache\914_0.png,0
D:\\zainab\\forgery-detector\\data\\ela_cache\915_0.png,0
D:\\zainab\\forgery-detector\\data\\ela_cache\916_0.png,0
D:\\zainab\\forgery-detector\\data\\ela_cache\917_1.png,1
D:\\zainab\\forgery-detector\\data\\ela_cache\918_1.png,1
D:\\zainab\\forgery-detector\\data\\ela_cache\919_1.png,1
D:\\zainab\\forgery-detector\\data\\ela_cache\920_0.png,0
D:\\zainab\\forgery-detector\\data\\ela_cache\921_1.png,1
D:\\zainab\\forgery-detector\\data\\ela_cache\922_1.png,1
D:\\zainab\\forgery-detector\\data\\ela_cache\923_1.png,1
D:\\zainab\\forgery-detector\\data\\ela_cache\924_0.png,0
D:\\zainab\\forgery-detector\\data\\ela_cache\925_1.png,1
D:\\zainab\\forgery-detector\\data\\ela_cache\926_0.png,0
D:\\zainab\\forgery-detector\\data\\ela_cache\927_1.png,1
D:\\zainab\\forgery-detector\\data\\ela_cache\928_1.png,1
D:\\zainab\\forgery-detector\\data\\ela_cache\929_0.png,0
D:\\zainab\\forgery-detector\\data\\ela_cache\930_1.png,1
D:\\zainab\\forgery-detector\\data\\ela_cache\931_1.png,1
D:\\zainab\\forgery-detector\\data\\ela_cache\932_1.png,1
D:\\zainab\\forgery-detector\\data\\ela_cache\933_1.png,1
D:\\zainab\\forgery-detector\\data\\ela_cache\934_0.png,0
D:\\zainab\\forgery-detector\\data\\ela_cache\935_0.png,0
D:\\zainab\\forgery-detector\\data\\ela_cache\936_0.png,0
D:\\zainab\\forgery-detector\\data\\ela_cache\937_0.png,0
D:\\zainab\\forgery-detector\\data\\ela_cache\938_1.png,1
D:\\zainab\\forgery-detector\\data\\ela_cache\939_1.png,1
D:\\zainab\\forgery-detector\\data\\ela_cache\940_1.png,1
D:\\zainab\\forgery-detector\\data\\ela_cache\941_0.png,0
D:\\zainab\\forgery-detector\\data\\ela_cache\942_1.png,1
D:\\zainab\\forgery-detector\\data\\ela_cache\943_0.png,0
D:\\zainab\\forgery-detector\\data\\ela_cache\944_1.png,1
D:\\zainab\\forgery-detector\\data\\ela_cache\945_1.png,1
D:\\zainab\\forgery-detector\\data\\ela_cache\946_0.png,0
D:\\zainab\\forgery-detector\\data\\ela_cache\947_1.png,1
D:\\zainab\\forgery-detector\\data\\ela_cache\948_0.png,0
D:\\zainab\\forgery-detector\\data\\ela_cache\949_1.png,1
D:\\zainab\\forgery-detector\\data\\ela_cache\950_0.png,0
D:\\zainab\\forgery-detector\\data\\ela_cache\951_1.png,1
D:\\zainab\\forgery-detector\\data\\ela_cache\952_0.png,0
D:\\zainab\\forgery-detector\\data\\ela_cache\953_0.png,0
D:\\zainab\\forgery-detector\\data\\ela_cache\954_1.png,1
D:\\zainab\\forgery-detector\\data\\ela_cache\955_1.png,1
D:\\zainab\\forgery-detector\\data\\ela_cache\956_0.png,0
D:\\zainab\\forgery-detector\\data\\ela_cache\957_0.png,0
D:\\zainab\\forgery-detector\\data\\ela_cache\958_1.png,1
D:\\zainab\\forgery-detector\\data\\ela_cache\959_0.png,0
D:\\zainab\\forgery-detector\\data\\ela_cache\960_0.png,0
D:\\zainab\\forgery-detector\\data\\ela_cache\961_0.png,0
D:\\zainab\\forgery-detector\\data\\ela_cache\962_0.png,0
D:\\zainab\\forgery-detector\\data\\ela_cache\963_0.png,0
D:\\zainab\\forgery-detector\\data\\ela_cache\964_1.png,1
D:\\zainab\\forgery-detector\\data\\ela_cache\965_0.png,0
D:\\zainab\\forgery-detector\\data\\ela_cache\966_0.png,0
D:\\zainab\\forgery-detector\\data\\ela_cache\967_0.png,0
D:\\zainab\\forgery-detector\\data\\ela_cache\968_1.png,1
D:\\zainab\\forgery-detector\\data\\ela_cache\969_0.png,0
D:\\zainab\\forgery-detector\\data\\ela_cache\970_0.png,0
D:\\zainab\\forgery-detector\\data\\ela_cache\971_1.png,1
D:\\zainab\\forgery-detector\\data\\ela_cache\972_0.png,0
D:\\zainab\\forgery-detector\\data\\ela_cache\973_0.png,0
D:\\zainab\\forgery-detector\\data\\ela_cache\974_0.png,0
D:\\zainab\\forgery-detector\\data\\ela_cache\975_0.png,0
D:\\zainab\\forgery-detector\\data\\ela_cache\976_1.png,1
D:\\zainab\\forgery-detector\\data\\ela_cache\977_0.png,0
D:\\zainab\\forgery-detector\\data\\ela_cache\978_1.png,1
D:\\zainab\\forgery-detector\\data\\ela_cache\979_1.png,1
D:\\zainab\\forgery-detector\\data\\ela_cache\980_0.png,0
D:\\zainab\\forgery-detector\\data\\ela_cache\981_0.png,0
D:\\zainab\\forgery-detector\\data\\ela_cache\982_0.png,0
D:\\zainab\\forgery-detector\\data\\ela_cache\983_0.png,0
D:\\zainab\\forgery-detector\\data\\ela_cache\984_1.png,1
D:\\zainab\\forgery-detector\\data\\ela_cache\985_0.png,0
D:\\zainab\\forgery-detector\\data\\ela_cache\986_1.png,1
D:\\zainab\\forgery-detector\\data\\ela_cache\987_1.png,1
D:\\zainab\\forgery-detector\\data\\ela_cache\988_0.png,0
D:\\zainab\\forgery-detector\\data\\ela_cache\989_1.png,1
D:\\zainab\\forgery-detector\\data\\ela_cache\990_0.png,0
D:\\zainab\\forgery-detector\\data\\ela_cache\991_1.png,1
D:\\zainab\\forgery-detector\\data\\ela_cache\992_0.png,0
D:\\zainab\\forgery-detector\\data\\ela_cache\993_0.png,0
D:\\zainab\\forgery-detector\\data\\ela_cache\994_0.png,0
D:\\zainab\\forgery-detector\\data\\ela_cache\995_0.png,0
D:\\zainab\\forgery-detector\\data\\ela_cache\996_1.png,1
D:\\zainab\\forgery-detector\\data\\ela_cache\997_0.png,0
D:\\zainab\\forgery-detector\\data\\ela_cache\998_0.png,0
D:\\zainab\\forgery-detector\\data\\ela_cache\999_0.png,0
D:\\zainab\\forgery-detector\\data\\ela_cache\1000_0.png,0
D:\\zainab\\forgery-detector\\data\\ela_cache\1001_1.png,1
D:\\zainab\\forgery-detector\\data\\ela_cache\1002_0.png,0
D:\\zainab\\forgery-detector\\data\\ela_cache\1003_0.png,0
D:\\zainab\\forgery-detector\\data\\ela_cache\1004_0.png,0
D:\\zainab\\forgery-detector\\data\\ela_cache\1005_1.png,1
D:\\zainab\\forgery-detector\\data\\ela_cache\1006_0.png,0
D:\\zainab\\forgery-detector\\data\\ela_cache\1007_0.png,0
D:\\zainab\\forgery-detector\\data\\ela_cache\1008_1.png,1
D:\\zainab\\forgery-detector\\data\\ela_cache\1009_1.png,1
D:\\zainab\\forgery-detector\\data\\ela_cache\1010_0.png,0
D:\\zainab\\forgery-detector\\data\\ela_cache\1011_0.png,0
D:\\zainab\\forgery-detector\\data\\ela_cache\1012_0.png,0
D:\\zainab\\forgery-detector\\data\\ela_cache\1013_1.png,1
D:\\zainab\\forgery-detector\\data\\ela_cache\1014_0.png,0
D:\\zainab\\forgery-detector\\data\\ela_cache\1015_1.png,1
D:\\zainab\\forgery-detector\\data\\ela_cache\1016_1.png,1
D:\\zainab\\forgery-detector\\data\\ela_cache\1017_0.png,0
D:\\zainab\\forgery-detector\\data\\ela_cache\1018_1.png,1
D:\\zainab\\forgery-detector\\data\\ela_cache\1019_0.png,0
D:\\zainab\\forgery-detector\\data\\ela_cache\1020_0.png,0
D:\\zainab\\forgery-detector\\data\\ela_cache\1021_1.png,1
D:\\zainab\\forgery-detector\\data\\ela_cache\1022_0.png,0
D:\\zainab\\forgery-detector\\data\\ela_cache\1023_0.png,0
D:\\zainab\\forgery-detector\\data\\ela_cache\1024_0.png,0
D:\\zainab\\forgery-detector\\data\\ela_cache\1025_1.png,1
D:\\zainab\\forgery-detector\\data\\ela_cache\1026_1.png,1
D:\\zainab\\forgery-detector\\data\\ela_cache\1027_0.png,0
D:\\zainab\\forgery-detector\\data\\ela_cache\1028_0.png,0
D:\\zainab\\forgery-detector\\data\\ela_cache\1029_0.png,0
D:\\zainab\\forgery-detector\\data\\ela_cache\1030_0.png,0
D:\\zainab\\forgery-detector\\data\\ela_cache\1031_0.png,0
D:\\zainab\\forgery-detector\\data\\ela_cache\1032_0.png,0
D:\\zainab\\forgery-detector\\data\\ela_cache\1033_0.png,0
D:\\zainab\\forgery-detector\\data\\ela_cache\1034_0.png,0
D:\\zainab\\forgery-detector\\data\\ela_cache\1035_1.png,1
D:\\zainab\\forgery-detector\\data\\ela_cache\1036_0.png,0
D:\\zainab\\forgery-detector\\data\\ela_cache\1037_1.png,1
D:\\zainab\\forgery-detector\\data\\ela_cache\1038_0.png,0
D:\\zainab\\forgery-detector\\data\\ela_cache\1039_0.png,0
D:\\zainab\\forgery-detector\\data\\ela_cache\1040_1.png,1
D:\\zainab\\forgery-detector\\data\\ela_cache\1041_0.png,0
D:\\zainab\\forgery-detector\\data\\ela_cache\1042_1.png,1
D:\\zainab\\forgery-detector\\data\\ela_cache\1043_0.png,0
D:\\zainab\\forgery-detector\\data\\ela_cache\1044_0.png,0
D:\\zainab\\forgery-detector\\data\\ela_cache\1045_1.png,1
D:\\zainab\\forgery-detector\\data\\ela_cache\1046_1.png,1
D:\\zainab\\forgery-detector\\data\\ela_cache\1047_1.png,1
D:\\zainab\\forgery-detector\\data\\ela_cache\1048_1.png,1
D:\\zainab\\forgery-detector\\data\\ela_cache\1049_0.png,0
D:\\zainab\\forgery-detector\\data\\ela_cache\1050_1.png,1
D:\\zainab\\forgery-detector\\data\\ela_cache\1051_1.png,1
D:\\zainab\\forgery-detector\\data\\ela_cache\1052_0.png,0
D:\\zainab\\forgery-detector\\data\\ela_cache\1053_0.png,0
D:\\zainab\\forgery-detector\\data\\ela_cache\1054_0.png,0
D:\\zainab\\forgery-detector\\data\\ela_cache\1055_1.png,1
D:\\zainab\\forgery-detector\\data\\ela_cache\1056_0.png,0
D:\\zainab\\forgery-detector\\data\\ela_cache\1057_1.png,1
D:\\zainab\\forgery-detector\\data\\ela_cache\1058_1.png,1
D:\\zainab\\forgery-detector\\data\\ela_cache\1059_1.png,1
D:\\zainab\\forgery-detector\\data\\ela_cache\1060_0.png,0
D:\\zainab\\forgery-detector\\data\\ela_cache\1061_0.png,0
D:\\zainab\\forgery-detector\\data\\ela_cache\1062_0.png,0
D:\\zainab\\forgery-detector\\data\\ela_cache\1063_0.png,0
D:\\zainab\\forgery-detector\\data\\ela_cache\1064_0.png,0
D:\\zainab\\forgery-detector\\data\\ela_cache\1065_0.png,0
D:\\zainab\\forgery-detector\\data\\ela_cache\1066_0.png,0
D:\\zainab\\forgery-detector\\data\\ela_cache\1067_0.png,0
D:\\zainab\\forgery-detector\\data\\ela_cache\1068_1.png,1
D:\\zainab\\forgery-detector\\data\\ela_cache\1069_0.png,0
D:\\zainab\\forgery-detector\\data\\ela_cache\1070_1.png,1
D:\\zainab\\forgery-detector\\data\\ela_cache\1071_0.png,0
D:\\zainab\\forgery-detector\\data\\ela_cache\1072_1.png,1
D:\\zainab\\forgery-detector\\data\\ela_cache\1073_1.png,1
D:\\zainab\\forgery-detector\\data\\ela_cache\1074_0.png,0
D:\\zainab\\forgery-detector\\data\\ela_cache\1075_0.png,0
D:\\zainab\\forgery-detector\\data\\ela_cache\1076_1.png,1
D:\\zainab\\forgery-detector\\data\\ela_cache\1077_0.png,0
D:\\zainab\\forgery-detector\\data\\ela_cache\1078_1.png,1
D:\\zainab\\forgery-detector\\data\\ela_cache\1079_0.png,0
D:\\zainab\\forgery-detector\\data\\ela_cache\1080_1.png,1
D:\\zainab\\forgery-detector\\data\\ela_cache\1081_1.png,1
D:\\zainab\\forgery-detector\\data\\ela_cache\1082_0.png,0
D:\\zainab\\forgery-detector\\data\\ela_cache\1083_1.png,1
D:\\zainab\\forgery-detector\\data\\ela_cache\1084_0.png,0
D:\\zainab\\forgery-detector\\data\\ela_cache\1085_0.png,0
D:\\zainab\\forgery-detector\\data\\ela_cache\1086_0.png,0
D:\\zainab\\forgery-detector\\data\\ela_cache\1087_1.png,1
D:\\zainab\\forgery-detector\\data\\ela_cache\1088_0.png,0
D:\\zainab\\forgery-detector\\data\\ela_cache\1089_1.png,1
D:\\zainab\\forgery-detector\\data\\ela_cache\1090_1.png,1
D:\\zainab\\forgery-detector\\data\\ela_cache\1091_0.png,0
D:\\zainab\\forgery-detector\\data\\ela_cache\1092_0.png,0
D:\\zainab\\forgery-detector\\data\\ela_cache\1093_0.png,0
D:\\zainab\\forgery-detector\\data\\ela_cache\1094_0.png,0
D:\\zainab\\forgery-detector\\data\\ela_cache\1095_0.png,0
D:\\zainab\\forgery-detector\\data\\ela_cache\1096_1.png,1
D:\\zainab\\forgery-detector\\data\\ela_cache\1097_0.png,0
D:\\zainab\\forgery-detector\\data\\ela_cache\1098_0.png,0
D:\\zainab\\forgery-detector\\data\\ela_cache\1099_0.png,0
D:\\zainab\\forgery-detector\\data\\ela_cache\1100_1.png,1
D:\\zainab\\forgery-detector\\data\\ela_cache\1101_1.png,1
D:\\zainab\\forgery-detector\\data\\ela_cache\1102_1.png,1
D:\\zainab\\forgery-detector\\data\\ela_cache\1103_0.png,0
D:\\zainab\\forgery-detector\\data\\ela_cache\1104_0.png,0
D:\\zainab\\forgery-detector\\data\\ela_cache\1105_0.png,0
D:\\zainab\\forgery-detector\\data\\ela_cache\1106_0.png,0
D:\\zainab\\forgery-detector\\data\\ela_cache\1107_0.png,0
D:\\zainab\\forgery-detector\\data\\ela_cache\1108_0.png,0
D:\\zainab\\forgery-detector\\data\\ela_cache\1109_0.png,0
D:\\zainab\\forgery-detector\\data\\ela_cache\1110_0.png,0
D:\\zainab\\forgery-detector\\data\\ela_cache\1111_0.png,0
D:\\zainab\\forgery-detector\\data\\ela_cache\1112_1.png,1
D:\\zainab\\forgery-detector\\data\\ela_cache\1113_0.png,0
D:\\zainab\\forgery-detector\\data\\ela_cache\1114_0.png,0
D:\\zainab\\forgery-detector\\data\\ela_cache\1115_0.png,0
D:\\zainab\\forgery-detector\\data\\ela_cache\1116_0.png,0
D:\\zainab\\forgery-detector\\data\\ela_cache\1117_0.png,0
D:\\zainab\\forgery-detector\\data\\ela_cache\1118_1.png,1
D:\\zainab\\forgery-detector\\data\\ela_cache\1119_0.png,0
D:\\zainab\\forgery-detector\\data\\ela_cache\1120_1.png,1
D:\\zainab\\forgery-detector\\data\\ela_cache\1121_1.png,1
D:\\zainab\\forgery-detector\\data\\ela_cache\1122_1.png,1
D:\\zainab\\forgery-detector\\data\\ela_cache\1123_0.png,0
D:\\zainab\\forgery-detector\\data\\ela_cache\1124_1.png,1
D:\\zainab\\forgery-detector\\data\\ela_cache\1125_1.png,1
D:\\zainab\\forgery-detector\\data\\ela_cache\1126_0.png,0
D:\\zainab\\forgery-detector\\data\\ela_cache\1127_0.png,0
D:\\zainab\\forgery-detector\\data\\ela_cache\1128_1.png,1
D:\\zainab\\forgery-detector\\data\\ela_cache\1129_0.png,0
D:\\zainab\\forgery-detector\\data\\ela_cache\1130_0.png,0
D:\\zainab\\forgery-detector\\data\\ela_cache\1131_0.png,0
D:\\zainab\\forgery-detector\\data\\ela_cache\1132_1.png,1
D:\\zainab\\forgery-detector\\data\\ela_cache\1133_0.png,0
D:\\zainab\\forgery-detector\\data\\ela_cache\1134_0.png,0
D:\\zainab\\forgery-detector\\data\\ela_cache\1135_1.png,1
D:\\zainab\\forgery-detector\\data\\ela_cache\1136_0.png,0
D:\\zainab\\forgery-detector\\data\\ela_cache\1137_0.png,0
D:\\zainab\\forgery-detector\\data\\ela_cache\1138_0.png,0
D:\\zainab\\forgery-detector\\data\\ela_cache\1139_0.png,0
D:\\zainab\\forgery-detector\\data\\ela_cache\1140_0.png,0
D:\\zainab\\forgery-detector\\data\\ela_cache\1141_0.png,0
D:\\zainab\\forgery-detector\\data\\ela_cache\1142_0.png,0
D:\\zainab\\forgery-detector\\data\\ela_cache\1143_1.png,1
D:\\zainab\\forgery-detector\\data\\ela_cache\1144_1.png,1
D:\\zainab\\forgery-detector\\data\\ela_cache\1145_0.png,0
D:\\zainab\\forgery-detector\\data\\ela_cache\1146_0.png,0
D:\\zainab\\forgery-detector\\data\\ela_cache\1147_1.png,1
D:\\zainab\\forgery-detector\\data\\ela_cache\1148_0.png,0
D:\\zainab\\forgery-detector\\data\\ela_cache\1149_1.png,1
D:\\zainab\\forgery-detector\\data\\ela_cache\1150_0.png,0
D:\\zainab\\forgery-detector\\data\\ela_cache\1151_1.png,1
D:\\zainab\\forgery-detector\\data\\ela_cache\1152_0.png,0
D:\\zainab\\forgery-detector\\data\\ela_cache\1153_0.png,0
D:\\zainab\\forgery-detector\\data\\ela_cache\1154_0.png,0
D:\\zainab\\forgery-detector\\data\\ela_cache\1155_0.png,0
D:\\zainab\\forgery-detector\\data\\ela_cache\1156_0.png,0
D:\\zainab\\forgery-detector\\data\\ela_cache\1157_1.png,1
D:\\zainab\\forgery-detector\\data\\ela_cache\1158_0.png,0
D:\\zainab\\forgery-detector\\data\\ela_cache\1159_1.png,1
D:\\zainab\\forgery-detector\\data\\ela_cache\1160_1.png,1
D:\\zainab\\forgery-detector\\data\\ela_cache\1161_0.png,0
D:\\zainab\\forgery-detector\\data\\ela_cache\1162_0.png,0
D:\\zainab\\forgery-detector\\data\\ela_cache\1163_0.png,0
D:\\zainab\\forgery-detector\\data\\ela_cache\1164_0.png,0
D:\\zainab\\forgery-detector\\data\\ela_cache\1165_1.png,1
D:\\zainab\\forgery-detector\\data\\ela_cache\1166_1.png,1
D:\\zainab\\forgery-detector\\data\\ela_cache\1167_1.png,1
D:\\zainab\\forgery-detector\\data\\ela_cache\1168_0.png,0
D:\\zainab\\forgery-detector\\data\\ela_cache\1169_0.png,0
D:\\zainab\\forgery-detector\\data\\ela_cache\1170_1.png,1
D:\\zainab\\forgery-detector\\data\\ela_cache\1171_1.png,1
D:\\zainab\\forgery-detector\\data\\ela_cache\1172_0.png,0
D:\\zainab\\forgery-detector\\data\\ela_cache\1173_0.png,0
D:\\zainab\\forgery-detector\\data\\ela_cache\1174_1.png,1
D:\\zainab\\forgery-detector\\data\\ela_cache\1175_0.png,0
D:\\zainab\\forgery-detector\\data\\ela_cache\1176_0.png,0
D:\\zainab\\forgery-detector\\data\\ela_cache\1177_0.png,0
D:\\zainab\\forgery-detector\\data\\ela_cache\1178_1.png,1
D:\\zainab\\forgery-detector\\data\\ela_cache\1179_0.png,0
D:\\zainab\\forgery-detector\\data\\ela_cache\1180_0.png,0
D:\\zainab\\forgery-detector\\data\\ela_cache\1181_0.png,0
D:\\zainab\\forgery-detector\\data\\ela_cache\1182_1.png,1
D:\\zainab\\forgery-detector\\data\\ela_cache\1183_0.png,0
D:\\zainab\\forgery-detector\\data\\ela_cache\1184_0.png,0
D:\\zainab\\forgery-detector\\data\\ela_cache\1185_0.png,0
D:\\zainab\\forgery-detector\\data\\ela_cache\1186_1.png,1
D:\\zainab\\forgery-detector\\data\\ela_cache\1187_1.png,1
D:\\zainab\\forgery-detector\\data\\ela_cache\1188_0.png,0
D:\\zainab\\forgery-detector\\data\\ela_cache\1189_0.png,0
D:\\zainab\\forgery-detector\\data\\ela_cache\1190_1.png,1
D:\\zainab\\forgery-detector\\data\\ela_cache\1191_1.png,1
D:\\zainab\\forgery-detector\\data\\ela_cache\1192_1.png,1
D:\\zainab\\forgery-detector\\data\\ela_cache\1193_0.png,0
D:\\zainab\\forgery-detector\\data\\ela_cache\1194_1.png,1
D:\\zainab\\forgery-detector\\data\\ela_cache\1195_0.png,0
D:\\zainab\\forgery-detector\\data\\ela_cache\1196_1.png,1
D:\\zainab\\forgery-detector\\data\\ela_cache\1197_0.png,0
D:\\zainab\\forgery-detector\\data\\ela_cache\1198_0.png,0
D:\\zainab\\forgery-detector\\data\\ela_cache\1199_0.png,0
D:\\zainab\\forgery-detector\\data\\ela_cache\1200_0.png,0
D:\\zainab\\forgery-detector\\data\\ela_cache\1201_1.png,1
D:\\zainab\\forgery-detector\\data\\ela_cache\1202_0.png,0
D:\\zainab\\forgery-detector\\data\\ela_cache\1203_0.png,0
D:\\zainab\\forgery-detector\\data\\ela_cache\1204_0.png,0
D:\\zainab\\forgery-detector\\data\\ela_cache\1205_1.png,1
D:\\zainab\\forgery-detector\\data\\ela_cache\1206_1.png,1
D:\\zainab\\forgery-detector\\data\\ela_cache\1207_1.png,1
D:\\zainab\\forgery-detector\\data\\ela_cache\1208_0.png,0
D:\\zainab\\forgery-detector\\data\\ela_cache\1209_0.png,0
D:\\zainab\\forgery-detector\\data\\ela_cache\1210_0.png,0
D:\\zainab\\forgery-detector\\data\\ela_cache\1211_0.png,0
D:\\zainab\\forgery-detector\\data\\ela_cache\1212_1.png,1
D:\\zainab\\forgery-detector\\data\\ela_cache\1213_0.png,0
D:\\zainab\\forgery-detector\\data\\ela_cache\1214_0.png,0
D:\\zainab\\forgery-detector\\data\\ela_cache\1215_1.png,1
D:\\zainab\\forgery-detector\\data\\ela_cache\1216_1.png,1
D:\\zainab\\forgery-detector\\data\\ela_cache\1217_0.png,0
D:\\zainab\\forgery-detector\\data\\ela_cache\1218_0.png,0
D:\\zainab\\forgery-detector\\data\\ela_cache\1219_0.png,0
D:\\zainab\\forgery-detector\\data\\ela_cache\1220_0.png,0
D:\\zainab\\forgery-detector\\data\\ela_cache\1221_0.png,0
D:\\zainab\\forgery-detector\\data\\ela_cache\1222_1.png,1
D:\\zainab\\forgery-detector\\data\\ela_cache\1223_0.png,0
D:\\zainab\\forgery-detector\\data\\ela_cache\1224_1.png,1
D:\\zainab\\forgery-detector\\data\\ela_cache\1225_0.png,0
D:\\zainab\\forgery-detector\\data\\ela_cache\1226_1.png,1
D:\\zainab\\forgery-detector\\data\\ela_cache\1227_0.png,0
D:\\zainab\\forgery-detector\\data\\ela_cache\1228_0.png,0
D:\\zainab\\forgery-detector\\data\\ela_cache\1229_1.png,1
D:\\zainab\\forgery-detector\\data\\ela_cache\1230_0.png,0
D:\\zainab\\forgery-detector\\data\\ela_cache\1231_1.png,1
D:\\zainab\\forgery-detector\\data\\ela_cache\1232_0.png,0
D:\\zainab\\forgery-detector\\data\\ela_cache\1233_1.png,1
D:\\zainab\\forgery-detector\\data\\ela_cache\1234_1.png,1
D:\\zainab\\forgery-detector\\data\\ela_cache\1235_0.png,0
D:\\zainab\\forgery-detector\\data\\ela_cache\1236_0.png,0
D:\\zainab\\forgery-detector\\data\\ela_cache\1237_1.png,1
D:\\zainab\\forgery-detector\\data\\ela_cache\1238_1.png,1
D:\\zainab\\forgery-detector\\data\\ela_cache\1239_1.png,1
D:\\zainab\\forgery-detector\\data\\ela_cache\1240_0.png,0
D:\\zainab\\forgery-detector\\data\\ela_cache\1241_1.png,1
D:\\zainab\\forgery-detector\\data\\ela_cache\1242_0.png,0
D:\\zainab\\forgery-detector\\data\\ela_cache\1243_0.png,0
D:\\zainab\\forgery-detector\\data\\ela_cache\1244_0.png,0
D:\\zainab\\forgery-detector\\data\\ela_cache\1245_0.png,0
D:\\zainab\\forgery-detector\\data\\ela_cache\1246_0.png,0
D:\\zainab\\forgery-detector\\data\\ela_cache\1247_1.png,1
D:\\zainab\\forgery-detector\\data\\ela_cache\1248_0.png,0
D:\\zainab\\forgery-detector\\data\\ela_cache\1249_1.png,1
D:\\zainab\\forgery-detector\\data\\ela_cache\1250_1.png,1
D:\\zainab\\forgery-detector\\data\\ela_cache\1251_0.png,0
D:\\zainab\\forgery-detector\\data\\ela_cache\1252_1.png,1
D:\\zainab\\forgery-detector\\data\\ela_cache\1253_0.png,0
D:\\zainab\\forgery-detector\\data\\ela_cache\1254_0.png,0
D:\\zainab\\forgery-detector\\data\\ela_cache\1255_1.png,1
D:\\zainab\\forgery-detector\\data\\ela_cache\1256_0.png,0
D:\\zainab\\forgery-detector\\data\\ela_cache\1257_1.png,1
D:\\zainab\\forgery-detector\\data\\ela_cache\1258_0.png,0
D:\\zainab\\forgery-detector\\data\\ela_cache\1259_0.png,0
D:\\zainab\\forgery-detector\\data\\ela_cache\1260_1.png,1
D:\\zainab\\forgery-detector\\data\\ela_cache\1261_0.png,0
D:\\zainab\\forgery-detector\\data\\ela_cache\1262_0.png,0
D:\\zainab\\forgery-detector\\data\\ela_cache\1263_1.png,1
D:\\zainab\\forgery-detector\\data\\ela_cache\1264_1.png,1
D:\\zainab\\forgery-detector\\data\\ela_cache\1265_1.png,1
D:\\zainab\\forgery-detector\\data\\ela_cache\1266_0.png,0
D:\\zainab\\forgery-detector\\data\\ela_cache\1267_0.png,0
D:\\zainab\\forgery-detector\\data\\ela_cache\1268_1.png,1
D:\\zainab\\forgery-detector\\data\\ela_cache\1269_0.png,0
D:\\zainab\\forgery-detector\\data\\ela_cache\1270_0.png,0
D:\\zainab\\forgery-detector\\data\\ela_cache\1271_1.png,1
D:\\zainab\\forgery-detector\\data\\ela_cache\1272_0.png,0
D:\\zainab\\forgery-detector\\data\\ela_cache\1273_1.png,1
D:\\zainab\\forgery-detector\\data\\ela_cache\1274_0.png,0
D:\\zainab\\forgery-detector\\data\\ela_cache\1275_0.png,0
D:\\zainab\\forgery-detector\\data\\ela_cache\1276_1.png,1
D:\\zainab\\forgery-detector\\data\\ela_cache\1277_0.png,0
D:\\zainab\\forgery-detector\\data\\ela_cache\1278_1.png,1
D:\\zainab\\forgery-detector\\data\\ela_cache\1279_0.png,0
D:\\zainab\\forgery-detector\\data\\ela_cache\1280_0.png,0
D:\\zainab\\forgery-detector\\data\\ela_cache\1281_1.png,1
D:\\zainab\\forgery-detector\\data\\ela_cache\1282_0.png,0
D:\\zainab\\forgery-detector\\data\\ela_cache\1283_1.png,1
D:\\zainab\\forgery-detector\\data\\ela_cache\1284_0.png,0
D:\\zainab\\forgery-detector\\data\\ela_cache\1285_1.png,1
D:\\zainab\\forgery-detector\\data\\ela_cache\1286_0.png,0
D:\\zainab\\forgery-detector\\data\\ela_cache\1287_1.png,1
D:\\zainab\\forgery-detector\\data\\ela_cache\1288_1.png,1
D:\\zainab\\forgery-detector\\data\\ela_cache\1289_0.png,0
D:\\zainab\\forgery-detector\\data\\ela_cache\1290_1.png,1
D:\\zainab\\forgery-detector\\data\\ela_cache\1291_0.png,0
D:\\zainab\\forgery-detector\\data\\ela_cache\1292_0.png,0
D:\\zainab\\forgery-detector\\data\\ela_cache\1293_0.png,0
D:\\zainab\\forgery-detector\\data\\ela_cache\1294_0.png,0
D:\\zainab\\forgery-detector\\data\\ela_cache\1295_0.png,0
D:\\zainab\\forgery-detector\\data\\ela_cache\1296_1.png,1
D:\\zainab\\forgery-detector\\data\\ela_cache\1297_0.png,0
D:\\zainab\\forgery-detector\\data\\ela_cache\1298_1.png,1
D:\\zainab\\forgery-detector\\data\\ela_cache\1299_1.png,1
D:\\zainab\\forgery-detector\\data\\ela_cache\1300_0.png,0
D:\\zainab\\forgery-detector\\data\\ela_cache\1301_1.png,1
D:\\zainab\\forgery-detector\\data\\ela_cache\1302_1.png,1
D:\\zainab\\forgery-detector\\data\\ela_cache\1303_1.png,1
D:\\zainab\\forgery-detector\\data\\ela_cache\1304_1.png,1
D:\\zainab\\forgery-detector\\data\\ela_cache\1305_0.png,0
D:\\zainab\\forgery-detector\\data\\ela_cache\1306_0.png,0
D:\\zainab\\forgery-detector\\data\\ela_cache\1307_0.png,0
D:\\zainab\\forgery-detector\\data\\ela_cache\1308_1.png,1
D:\\zainab\\forgery-detector\\data\\ela_cache\1309_1.png,1
D:\\zainab\\forgery-detector\\data\\ela_cache\1310_1.png,1
D:\\zainab\\forgery-detector\\data\\ela_cache\1311_0.png,0
D:\\zainab\\forgery-detector\\data\\ela_cache\1312_0.png,0
D:\\zainab\\forgery-detector\\data\\ela_cache\1313_1.png,1
D:\\zainab\\forgery-detector\\data\\ela_cache\1314_0.png,0
D:\\zainab\\forgery-detector\\data\\ela_cache\1315_0.png,0
D:\\zainab\\forgery-detector\\data\\ela_cache\1316_1.png,1
D:\\zainab\\forgery-detector\\data\\ela_cache\1317_1.png,1
D:\\zainab\\forgery-detector\\data\\ela_cache\1318_1.png,1
D:\\zainab\\forgery-detector\\data\\ela_cache\1319_0.png,0
D:\\zainab\\forgery-detector\\data\\ela_cache\1320_0.png,0
D:\\zainab\\forgery-detector\\data\\ela_cache\1321_0.png,0
D:\\zainab\\forgery-detector\\data\\ela_cache\1322_0.png,0
D:\\zainab\\forgery-detector\\data\\ela_cache\1323_0.png,0
D:\\zainab\\forgery-detector\\data\\ela_cache\1324_0.png,0
D:\\zainab\\forgery-detector\\data\\ela_cache\1325_0.png,0
D:\\zainab\\forgery-detector\\data\\ela_cache\1326_0.png,0
D:\\zainab\\forgery-detector\\data\\ela_cache\1327_1.png,1
D:\\zainab\\forgery-detector\\data\\ela_cache\1328_1.png,1
D:\\zainab\\forgery-detector\\data\\ela_cache\1329_0.png,0
D:\\zainab\\forgery-detector\\data\\ela_cache\1330_1.png,1
D:\\zainab\\forgery-detector\\data\\ela_cache\1331_0.png,0
D:\\zainab\\forgery-detector\\data\\ela_cache\1332_0.png,0
D:\\zainab\\forgery-detector\\data\\ela_cache\1333_1.png,1
D:\\zainab\\forgery-detector\\data\\ela_cache\1334_0.png,0
D:\\zainab\\forgery-detector\\data\\ela_cache\1335_1.png,1
D:\\zainab\\forgery-detector\\data\\ela_cache\1336_1.png,1
D:\\zainab\\forgery-detector\\data\\ela_cache\1337_1.png,1
D:\\zainab\\forgery-detector\\data\\ela_cache\1338_0.png,0
D:\\zainab\\forgery-detector\\data\\ela_cache\1339_0.png,0
D:\\zainab\\forgery-detector\\data\\ela_cache\1340_1.png,1
D:\\zainab\\forgery-detector\\data\\ela_cache\1341_0.png,0
D:\\zainab\\forgery-detector\\data\\ela_cache\1342_1.png,1
D:\\zainab\\forgery-detector\\data\\ela_cache\1343_0.png,0
D:\\zainab\\forgery-detector\\data\\ela_cache\1344_0.png,0
D:\\zainab\\forgery-detector\\data\\ela_cache\1345_1.png,1
D:\\zainab\\forgery-detector\\data\\ela_cache\1346_0.png,0
D:\\zainab\\forgery-detector\\data\\ela_cache\1347_0.png,0
D:\\zainab\\forgery-detector\\data\\ela_cache\1348_1.png,1
D:\\zainab\\forgery-detector\\data\\ela_cache\1349_1.png,1
D:\\zainab\\forgery-detector\\data\\ela_cache\1350_1.png,1
D:\\zainab\\forgery-detector\\data\\ela_cache\1351_1.png,1
D:\\zainab\\forgery-detector\\data\\ela_cache\1352_0.png,0
D:\\zainab\\forgery-detector\\data\\ela_cache\1353_0.png,0
D:\\zainab\\forgery-detector\\data\\ela_cache\1354_1.png,1
D:\\zainab\\forgery-detector\\data\\ela_cache\1355_0.png,0
D:\\zainab\\forgery-detector\\data\\ela_cache\1356_0.png,0
D:\\zainab\\forgery-detector\\data\\ela_cache\1357_1.png,1
D:\\zainab\\forgery-detector\\data\\ela_cache\1358_1.png,1
D:\\zainab\\forgery-detector\\data\\ela_cache\1359_0.png,0
D:\\zainab\\forgery-detector\\data\\ela_cache\1360_0.png,0
D:\\zainab\\forgery-detector\\data\\ela_cache\1361_0.png,0
D:\\zainab\\forgery-detector\\data\\ela_cache\1362_0.png,0
D:\\zainab\\forgery-detector\\data\\ela_cache\1363_0.png,0
D:\\zainab\\forgery-detector\\data\\ela_cache\1364_1.png,1
D:\\zainab\\forgery-detector\\data\\ela_cache\1365_1.png,1
D:\\zainab\\forgery-detector\\data\\ela_cache\1366_0.png,0
D:\\zainab\\forgery-detector\\data\\ela_cache\1367_0.png,0
D:\\zainab\\forgery-detector\\data\\ela_cache\1368_1.png,1
D:\\zainab\\forgery-detector\\data\\ela_cache\1369_0.png,0
D:\\zainab\\forgery-detector\\data\\ela_cache\1370_0.png,0
D:\\zainab\\forgery-detector\\data\\ela_cache\1371_1.png,1
D:\\zainab\\forgery-detector\\data\\ela_cache\1372_1.png,1
D:\\zainab\\forgery-detector\\data\\ela_cache\1373_0.png,0
D:\\zainab\\forgery-detector\\data\\ela_cache\1374_1.png,1
D:\\zainab\\forgery-detector\\data\\ela_cache\1375_1.png,1
D:\\zainab\\forgery-detector\\data\\ela_cache\1376_0.png,0
D:\\zainab\\forgery-detector\\data\\ela_cache\1377_0.png,0
D:\\zainab\\forgery-detector\\data\\ela_cache\1378_0.png,0
D:\\zainab\\forgery-detector\\data\\ela_cache\1379_1.png,1
D:\\zainab\\forgery-detector\\data\\ela_cache\1380_1.png,1
D:\\zainab\\forgery-detector\\data\\ela_cache\1381_0.png,0
D:\\zainab\\forgery-detector\\data\\ela_cache\1382_1.png,1
D:\\zainab\\forgery-detector\\data\\ela_cache\1383_1.png,1
D:\\zainab\\forgery-detector\\data\\ela_cache\1384_0.png,0
D:\\zainab\\forgery-detector\\data\\ela_cache\1385_0.png,0
D:\\zainab\\forgery-detector\\data\\ela_cache\1386_0.png,0
D:\\zainab\\forgery-detector\\data\\ela_cache\1387_0.png,0
D:\\zainab\\forgery-detector\\data\\ela_cache\1388_0.png,0
D:\\zainab\\forgery-detector\\data\\ela_cache\1389_1.png,1
D:\\zainab\\forgery-detector\\data\\ela_cache\1390_0.png,0
D:\\zainab\\forgery-detector\\data\\ela_cache\1391_0.png,0
D:\\zainab\\forgery-detector\\data\\ela_cache\1392_0.png,0
D:\\zainab\\forgery-detector\\data\\ela_cache\1393_1.png,1
D:\\zainab\\forgery-detector\\data\\ela_cache\1394_0.png,0
D:\\zainab\\forgery-detector\\data\\ela_cache\1395_0.png,0
D:\\zainab\\forgery-detector\\data\\ela_cache\1396_0.png,0
D:\\zainab\\forgery-detector\\data\\ela_cache\1397_0.png,0
D:\\zainab\\forgery-detector\\data\\ela_cache\1398_0.png,0
D:\\zainab\\forgery-detector\\data\\ela_cache\1399_0.png,0
D:\\zainab\\forgery-detector\\data\\ela_cache\1400_1.png,1
D:\\zainab\\forgery-detector\\data\\ela_cache\1401_0.png,0
D:\\zainab\\forgery-detector\\data\\ela_cache\1402_1.png,1
D:\\zainab\\forgery-detector\\data\\ela_cache\1403_0.png,0
D:\\zainab\\forgery-detector\\data\\ela_cache\1404_1.png,1
D:\\zainab\\forgery-detector\\data\\ela_cache\1405_0.png,0
D:\\zainab\\forgery-detector\\data\\ela_cache\1406_1.png,1
D:\\zainab\\forgery-detector\\data\\ela_cache\1407_0.png,0
D:\\zainab\\forgery-detector\\data\\ela_cache\1408_0.png,0
D:\\zainab\\forgery-detector\\data\\ela_cache\1409_0.png,0
D:\\zainab\\forgery-detector\\data\\ela_cache\1410_1.png,1
D:\\zainab\\forgery-detector\\data\\ela_cache\1411_0.png,0
D:\\zainab\\forgery-detector\\data\\ela_cache\1412_0.png,0
D:\\zainab\\forgery-detector\\data\\ela_cache\1413_0.png,0
D:\\zainab\\forgery-detector\\data\\ela_cache\1414_1.png,1
D:\\zainab\\forgery-detector\\data\\ela_cache\1415_0.png,0
D:\\zainab\\forgery-detector\\data\\ela_cache\1416_0.png,0
D:\\zainab\\forgery-detector\\data\\ela_cache\1417_0.png,0
D:\\zainab\\forgery-detector\\data\\ela_cache\1418_1.png,1
D:\\zainab\\forgery-detector\\data\\ela_cache\1419_0.png,0
D:\\zainab\\forgery-detector\\data\\ela_cache\1420_1.png,1
D:\\zainab\\forgery-detector\\data\\ela_cache\1421_0.png,0
D:\\zainab\\forgery-detector\\data\\ela_cache\1422_0.png,0
D:\\zainab\\forgery-detector\\data\\ela_cache\1423_0.png,0
D:\\zainab\\forgery-detector\\data\\ela_cache\1424_0.png,0
D:\\zainab\\forgery-detector\\data\\ela_cache\1425_0.png,0
D:\\zainab\\forgery-detector\\data\\ela_cache\1426_0.png,0
D:\\zainab\\forgery-detector\\data\\ela_cache\1427_1.png,1
D:\\zainab\\forgery-detector\\data\\ela_cache\1428_1.png,1
D:\\zainab\\forgery-detector\\data\\ela_cache\1429_1.png,1
D:\\zainab\\forgery-detector\\data\\ela_cache\1430_0.png,0
D:\\zainab\\forgery-detector\\data\\ela_cache\1431_1.png,1
D:\\zainab\\forgery-detector\\data\\ela_cache\1432_0.png,0
D:\\zainab\\forgery-detector\\data\\ela_cache\1433_0.png,0
D:\\zainab\\forgery-detector\\data\\ela_cache\1434_0.png,0
D:\\zainab\\forgery-detector\\data\\ela_cache\1435_0.png,0
D:\\zainab\\forgery-detector\\data\\ela_cache\1436_0.png,0
D:\\zainab\\forgery-detector\\data\\ela_cache\1437_0.png,0
D:\\zainab\\forgery-detector\\data\\ela_cache\1438_1.png,1
D:\\zainab\\forgery-detector\\data\\ela_cache\1439_0.png,0
D:\\zainab\\forgery-detector\\data\\ela_cache\1440_1.png,1
D:\\zainab\\forgery-detector\\data\\ela_cache\1441_0.png,0
D:\\zainab\\forgery-detector\\data\\ela_cache\1442_1.png,1
D:\\zainab\\forgery-detector\\data\\ela_cache\1443_0.png,0
D:\\zainab\\forgery-detector\\data\\ela_cache\1444_0.png,0
D:\\zainab\\forgery-detector\\data\\ela_cache\1445_1.png,1
D:\\zainab\\forgery-detector\\data\\ela_cache\1446_0.png,0
D:\\zainab\\forgery-detector\\data\\ela_cache\1447_1.png,1
D:\\zainab\\forgery-detector\\data\\ela_cache\1448_0.png,0
D:\\zainab\\forgery-detector\\data\\ela_cache\1449_1.png,1
D:\\zainab\\forgery-detector\\data\\ela_cache\1450_0.png,0
D:\\zainab\\forgery-detector\\data\\ela_cache\1451_0.png,0
D:\\zainab\\forgery-detector\\data\\ela_cache\1452_0.png,0
D:\\zainab\\forgery-detector\\data\\ela_cache\1453_1.png,1
D:\\zainab\\forgery-detector\\data\\ela_cache\1454_1.png,1
D:\\zainab\\forgery-detector\\data\\ela_cache\1455_0.png,0
D:\\zainab\\forgery-detector\\data\\ela_cache\1456_1.png,1
D:\\zainab\\forgery-detector\\data\\ela_cache\1457_0.png,0
D:\\zainab\\forgery-detector\\data\\ela_cache\1458_1.png,1
D:\\zainab\\forgery-detector\\data\\ela_cache\1459_0.png,0
D:\\zainab\\forgery-detector\\data\\ela_cache\1460_1.png,1
D:\\zainab\\forgery-detector\\data\\ela_cache\1461_1.png,1
D:\\zainab\\forgery-detector\\data\\ela_cache\1462_1.png,1
D:\\zainab\\forgery-detector\\data\\ela_cache\1463_0.png,0
D:\\zainab\\forgery-detector\\data\\ela_cache\1464_1.png,1
D:\\zainab\\forgery-detector\\data\\ela_cache\1465_0.png,0
D:\\zainab\\forgery-detector\\data\\ela_cache\1466_0.png,0
D:\\zainab\\forgery-detector\\data\\ela_cache\1467_0.png,0
D:\\zainab\\forgery-detector\\data\\ela_cache\1468_1.png,1
D:\\zainab\\forgery-detector\\data\\ela_cache\1469_0.png,0
D:\\zainab\\forgery-detector\\data\\ela_cache\1470_1.png,1
D:\\zainab\\forgery-detector\\data\\ela_cache\1471_0.png,0
D:\\zainab\\forgery-detector\\data\\ela_cache\1472_0.png,0
D:\\zainab\\forgery-detector\\data\\ela_cache\1473_0.png,0
D:\\zainab\\forgery-detector\\data\\ela_cache\1474_0.png,0
D:\\zainab\\forgery-detector\\data\\ela_cache\1475_0.png,0
D:\\zainab\\forgery-detector\\data\\ela_cache\1476_0.png,0
D:\\zainab\\forgery-detector\\data\\ela_cache\1477_1.png,1
D:\\zainab\\forgery-detector\\data\\ela_cache\1478_1.png,1
D:\\zainab\\forgery-detector\\data\\ela_cache\1479_1.png,1
D:\\zainab\\forgery-detector\\data\\ela_cache\1480_0.png,0
D:\\zainab\\forgery-detector\\data\\ela_cache\1481_0.png,0
D:\\zainab\\forgery-detector\\data\\ela_cache\1482_1.png,1
D:\\zainab\\forgery-detector\\data\\ela_cache\1483_1.png,1
D:\\zainab\\forgery-detector\\data\\ela_cache\1484_0.png,0
D:\\zainab\\forgery-detector\\data\\ela_cache\1485_1.png,1
D:\\zainab\\forgery-detector\\data\\ela_cache\1486_0.png,0
D:\\zainab\\forgery-detector\\data\\ela_cache\1487_0.png,0
D:\\zainab\\forgery-detector\\data\\ela_cache\1488_1.png,1
D:\\zainab\\forgery-detector\\data\\ela_cache\1489_0.png,0
D:\\zainab\\forgery-detector\\data\\ela_cache\1490_1.png,1
D:\\zainab\\forgery-detector\\data\\ela_cache\1491_0.png,0
D:\\zainab\\forgery-detector\\data\\ela_cache\1492_0.png,0
D:\\zainab\\forgery-detector\\data\\ela_cache\1493_0.png,0
D:\\zainab\\forgery-detector\\data\\ela_cache\1494_1.png,1
D:\\zainab\\forgery-detector\\data\\ela_cache\1495_1.png,1
D:\\zainab\\forgery-detector\\data\\ela_cache\1496_0.png,0
D:\\zainab\\forgery-detector\\data\\ela_cache\1497_1.png,1
D:\\zainab\\forgery-detector\\data\\ela_cache\1498_0.png,0
D:\\zainab\\forgery-detector\\data\\ela_cache\1499_0.png,0
D:\\zainab\\forgery-detector\\data\\ela_cache\1500_0.png,0
D:\\zainab\\forgery-detector\\data\\ela_cache\1501_0.png,0
D:\\zainab\\forgery-detector\\data\\ela_cache\1502_0.png,0
D:\\zainab\\forgery-detector\\data\\ela_cache\1503_1.png,1
D:\\zainab\\forgery-detector\\data\\ela_cache\1504_1.png,1
D:\\zainab\\forgery-detector\\data\\ela_cache\1505_0.png,0
D:\\zainab\\forgery-detector\\data\\ela_cache\1506_0.png,0
D:\\zainab\\forgery-detector\\data\\ela_cache\1507_1.png,1
D:\\zainab\\forgery-detector\\data\\ela_cache\1508_1.png,1
D:\\zainab\\forgery-detector\\data\\ela_cache\1509_0.png,0
D:\\zainab\\forgery-detector\\data\\ela_cache\1510_0.png,0
D:\\zainab\\forgery-detector\\data\\ela_cache\1511_0.png,0
D:\\zainab\\forgery-detector\\data\\ela_cache\1512_1.png,1
D:\\zainab\\forgery-detector\\data\\ela_cache\1513_1.png,1
D:\\zainab\\forgery-detector\\data\\ela_cache\1514_1.png,1
D:\\zainab\\forgery-detector\\data\\ela_cache\1515_0.png,0
D:\\zainab\\forgery-detector\\data\\ela_cache\1516_0.png,0
D:\\zainab\\forgery-detector\\data\\ela_cache\1517_0.png,0
D:\\zainab\\forgery-detector\\data\\ela_cache\1518_0.png,0
D:\\zainab\\forgery-detector\\data\\ela_cache\1519_1.png,1
D:\\zainab\\forgery-detector\\data\\ela_cache\1520_0.png,0
D:\\zainab\\forgery-detector\\data\\ela_cache\1521_1.png,1
D:\\zainab\\forgery-detector\\data\\ela_cache\1522_0.png,0
D:\\zainab\\forgery-detector\\data\\ela_cache\1523_1.png,1
D:\\zainab\\forgery-detector\\data\\ela_cache\1524_1.png,1
D:\\zainab\\forgery-detector\\data\\ela_cache\1525_1.png,1
D:\\zainab\\forgery-detector\\data\\ela_cache\1526_0.png,0
D:\\zainab\\forgery-detector\\data\\ela_cache\1527_0.png,0
D:\\zainab\\forgery-detector\\data\\ela_cache\1528_0.png,0
D:\\zainab\\forgery-detector\\data\\ela_cache\1529_0.png,0
D:\\zainab\\forgery-detector\\data\\ela_cache\1530_0.png,0
D:\\zainab\\forgery-detector\\data\\ela_cache\1531_1.png,1
D:\\zainab\\forgery-detector\\data\\ela_cache\1532_1.png,1
D:\\zainab\\forgery-detector\\data\\ela_cache\1533_1.png,1
D:\\zainab\\forgery-detector\\data\\ela_cache\1534_0.png,0
D:\\zainab\\forgery-detector\\data\\ela_cache\1535_1.png,1
D:\\zainab\\forgery-detector\\data\\ela_cache\1536_0.png,0
D:\\zainab\\forgery-detector\\data\\ela_cache\1537_1.png,1
D:\\zainab\\forgery-detector\\data\\ela_cache\1538_0.png,0
D:\\zainab\\forgery-detector\\data\\ela_cache\1539_0.png,0
D:\\zainab\\forgery-detector\\data\\ela_cache\1540_0.png,0
D:\\zainab\\forgery-detector\\data\\ela_cache\1541_0.png,0
D:\\zainab\\forgery-detector\\data\\ela_cache\1542_0.png,0
D:\\zainab\\forgery-detector\\data\\ela_cache\1543_0.png,0
D:\\zainab\\forgery-detector\\data\\ela_cache\1544_0.png,0
D:\\zainab\\forgery-detector\\data\\ela_cache\1545_0.png,0
D:\\zainab\\forgery-detector\\data\\ela_cache\1546_0.png,0
D:\\zainab\\forgery-detector\\data\\ela_cache\1547_0.png,0
D:\\zainab\\forgery-detector\\data\\ela_cache\1548_0.png,0
D:\\zainab\\forgery-detector\\data\\ela_cache\1549_0.png,0
D:\\zainab\\forgery-detector\\data\\ela_cache\1550_0.png,0
D:\\zainab\\forgery-detector\\data\\ela_cache\1551_1.png,1
D:\\zainab\\forgery-detector\\data\\ela_cache\1552_1.png,1
D:\\zainab\\forgery-detector\\data\\ela_cache\1553_0.png,0
D:\\zainab\\forgery-detector\\data\\ela_cache\1554_0.png,0
D:\\zainab\\forgery-detector\\data\\ela_cache\1555_1.png,1
D:\\zainab\\forgery-detector\\data\\ela_cache\1556_0.png,0
D:\\zainab\\forgery-detector\\data\\ela_cache\1557_1.png,1
D:\\zainab\\forgery-detector\\data\\ela_cache\1558_0.png,0
D:\\zainab\\forgery-detector\\data\\ela_cache\1559_0.png,0
D:\\zainab\\forgery-detector\\data\\ela_cache\1560_0.png,0
D:\\zainab\\forgery-detector\\data\\ela_cache\1561_1.png,1
D:\\zainab\\forgery-detector\\data\\ela_cache\1562_1.png,1
D:\\zainab\\forgery-detector\\data\\ela_cache\1563_0.png,0
D:\\zainab\\forgery-detector\\data\\ela_cache\1564_0.png,0
D:\\zainab\\forgery-detector\\data\\ela_cache\1565_0.png,0
D:\\zainab\\forgery-detector\\data\\ela_cache\1566_1.png,1
D:\\zainab\\forgery-detector\\data\\ela_cache\1567_1.png,1
D:\\zainab\\forgery-detector\\data\\ela_cache\1568_0.png,0
D:\\zainab\\forgery-detector\\data\\ela_cache\1569_0.png,0
D:\\zainab\\forgery-detector\\data\\ela_cache\1570_0.png,0
D:\\zainab\\forgery-detector\\data\\ela_cache\1571_0.png,0
D:\\zainab\\forgery-detector\\data\\ela_cache\1572_0.png,0
D:\\zainab\\forgery-detector\\data\\ela_cache\1573_0.png,0
D:\\zainab\\forgery-detector\\data\\ela_cache\1574_0.png,0
D:\\zainab\\forgery-detector\\data\\ela_cache\1575_0.png,0
D:\\zainab\\forgery-detector\\data\\ela_cache\1576_0.png,0
D:\\zainab\\forgery-detector\\data\\ela_cache\1577_0.png,0
D:\\zainab\\forgery-detector\\data\\ela_cache\1578_0.png,0
D:\\zainab\\forgery-detector\\data\\ela_cache\1579_0.png,0
D:\\zainab\\forgery-detector\\data\\ela_cache\1580_0.png,0
D:\\zainab\\forgery-detector\\data\\ela_cache\1581_0.png,0
D:\\zainab\\forgery-detector\\data\\ela_cache\1582_1.png,1
D:\\zainab\\forgery-detector\\data\\ela_cache\1583_0.png,0
D:\\zainab\\forgery-detector\\data\\ela_cache\1584_0.png,0
D:\\zainab\\forgery-detector\\data\\ela_cache\1585_0.png,0
D:\\zainab\\forgery-detector\\data\\ela_cache\1586_1.png,1
D:\\zainab\\forgery-detector\\data\\ela_cache\1587_1.png,1
D:\\zainab\\forgery-detector\\data\\ela_cache\1588_0.png,0
D:\\zainab\\forgery-detector\\data\\ela_cache\1589_0.png,0
D:\\zainab\\forgery-detector\\data\\ela_cache\1590_0.png,0
D:\\zainab\\forgery-detector\\data\\ela_cache\1591_0.png,0
D:\\zainab\\forgery-detector\\data\\ela_cache\1592_1.png,1
D:\\zainab\\forgery-detector\\data\\ela_cache\1593_1.png,1
D:\\zainab\\forgery-detector\\data\\ela_cache\1594_1.png,1
D:\\zainab\\forgery-detector\\data\\ela_cache\1595_1.png,1
D:\\zainab\\forgery-detector\\data\\ela_cache\1596_1.png,1
D:\\zainab\\forgery-detector\\data\\ela_cache\1597_1.png,1
D:\\zainab\\forgery-detector\\data\\ela_cache\1598_0.png,0
D:\\zainab\\forgery-detector\\data\\ela_cache\1599_0.png,0
D:\\zainab\\forgery-detector\\data\\ela_cache\1600_0.png,0
D:\\zainab\\forgery-detector\\data\\ela_cache\1601_0.png,0
D:\\zainab\\forgery-detector\\data\\ela_cache\1602_0.png,0
D:\\zainab\\forgery-detector\\data\\ela_cache\1603_0.png,0
D:\\zainab\\forgery-detector\\data\\ela_cache\1604_1.png,1
D:\\zainab\\forgery-detector\\data\\ela_cache\1605_0.png,0
D:\\zainab\\forgery-detector\\data\\ela_cache\1606_1.png,1
D:\\zainab\\forgery-detector\\data\\ela_cache\1607_1.png,1
D:\\zainab\\forgery-detector\\data\\ela_cache\1608_0.png,0
D:\\zainab\\forgery-detector\\data\\ela_cache\1609_1.png,1
D:\\zainab\\forgery-detector\\data\\ela_cache\1610_1.png,1
D:\\zainab\\forgery-detector\\data\\ela_cache\1611_1.png,1
D:\\zainab\\forgery-detector\\data\\ela_cache\1612_1.png,1
D:\\zainab\\forgery-detector\\data\\ela_cache\1613_0.png,0
D:\\zainab\\forgery-detector\\data\\ela_cache\1614_1.png,1
D:\\zainab\\forgery-detector\\data\\ela_cache\1615_0.png,0
D:\\zainab\\forgery-detector\\data\\ela_cache\1616_1.png,1
D:\\zainab\\forgery-detector\\data\\ela_cache\1617_1.png,1
D:\\zainab\\forgery-detector\\data\\ela_cache\1618_0.png,0
D:\\zainab\\forgery-detector\\data\\ela_cache\1619_1.png,1
D:\\zainab\\forgery-detector\\data\\ela_cache\1620_0.png,0
D:\\zainab\\forgery-detector\\data\\ela_cache\1621_1.png,1
D:\\zainab\\forgery-detector\\data\\ela_cache\1622_0.png,0
D:\\zainab\\forgery-detector\\data\\ela_cache\1623_0.png,0
D:\\zainab\\forgery-detector\\data\\ela_cache\1624_0.png,0
D:\\zainab\\forgery-detector\\data\\ela_cache\1625_1.png,1
D:\\zainab\\forgery-detector\\data\\ela_cache\1626_0.png,0
D:\\zainab\\forgery-detector\\data\\ela_cache\1627_1.png,1
D:\\zainab\\forgery-detector\\data\\ela_cache\1628_0.png,0
D:\\zainab\\forgery-detector\\data\\ela_cache\1629_0.png,0
D:\\zainab\\forgery-detector\\data\\ela_cache\1630_1.png,1
D:\\zainab\\forgery-detector\\data\\ela_cache\1631_0.png,0
D:\\zainab\\forgery-detector\\data\\ela_cache\1632_0.png,0
D:\\zainab\\forgery-detector\\data\\ela_cache\1633_1.png,1
D:\\zainab\\forgery-detector\\data\\ela_cache\1634_1.png,1
D:\\zainab\\forgery-detector\\data\\ela_cache\1635_0.png,0
D:\\zainab\\forgery-detector\\data\\ela_cache\1636_0.png,0
D:\\zainab\\forgery-detector\\data\\ela_cache\1637_0.png,0
D:\\zainab\\forgery-detector\\data\\ela_cache\1638_0.png,0
D:\\zainab\\forgery-detector\\data\\ela_cache\1639_1.png,1
D:\\zainab\\forgery-detector\\data\\ela_cache\1640_0.png,0
D:\\zainab\\forgery-detector\\data\\ela_cache\1641_0.png,0
D:\\zainab\\forgery-detector\\data\\ela_cache\1642_1.png,1
D:\\zainab\\forgery-detector\\data\\ela_cache\1643_0.png,0
D:\\zainab\\forgery-detector\\data\\ela_cache\1644_1.png,1
D:\\zainab\\forgery-detector\\data\\ela_cache\1645_0.png,0
D:\\zainab\\forgery-detector\\data\\ela_cache\1646_1.png,1
D:\\zainab\\forgery-detector\\data\\ela_cache\1647_1.png,1
D:\\zainab\\forgery-detector\\data\\ela_cache\1648_1.png,1
D:\\zainab\\forgery-detector\\data\\ela_cache\1649_1.png,1
D:\\zainab\\forgery-detector\\data\\ela_cache\1650_0.png,0
D:\\zainab\\forgery-detector\\data\\ela_cache\1651_0.png,0
D:\\zainab\\forgery-detector\\data\\ela_cache\1652_0.png,0
D:\\zainab\\forgery-detector\\data\\ela_cache\1653_0.png,0
D:\\zainab\\forgery-detector\\data\\ela_cache\1654_1.png,1
D:\\zainab\\forgery-detector\\data\\ela_cache\1655_0.png,0
D:\\zainab\\forgery-detector\\data\\ela_cache\1656_1.png,1
D:\\zainab\\forgery-detector\\data\\ela_cache\1657_1.png,1
D:\\zainab\\forgery-detector\\data\\ela_cache\1658_0.png,0
D:\\zainab\\forgery-detector\\data\\ela_cache\1659_0.png,0
D:\\zainab\\forgery-detector\\data\\ela_cache\1660_0.png,0
D:\\zainab\\forgery-detector\\data\\ela_cache\1661_1.png,1
D:\\zainab\\forgery-detector\\data\\ela_cache\1662_0.png,0
D:\\zainab\\forgery-detector\\data\\ela_cache\1663_0.png,0
D:\\zainab\\forgery-detector\\data\\ela_cache\1664_0.png,0
D:\\zainab\\forgery-detector\\data\\ela_cache\1665_0.png,0
D:\\zainab\\forgery-detector\\data\\ela_cache\1666_0.png,0
D:\\zainab\\forgery-detector\\data\\ela_cache\1667_0.png,0
D:\\zainab\\forgery-detector\\data\\ela_cache\1668_1.png,1
D:\\zainab\\forgery-detector\\data\\ela_cache\1669_0.png,0
D:\\zainab\\forgery-detector\\data\\ela_cache\1670_1.png,1
D:\\zainab\\forgery-detector\\data\\ela_cache\1671_1.png,1
D:\\zainab\\forgery-detector\\data\\ela_cache\1672_1.png,1
D:\\zainab\\forgery-detector\\data\\ela_cache\1673_0.png,0
D:\\zainab\\forgery-detector\\data\\ela_cache\1674_0.png,0
D:\\zainab\\forgery-detector\\data\\ela_cache\1675_1.png,1
D:\\zainab\\forgery-detector\\data\\ela_cache\1676_1.png,1
D:\\zainab\\forgery-detector\\data\\ela_cache\1677_0.png,0
D:\\zainab\\forgery-detector\\data\\ela_cache\1678_0.png,0
D:\\zainab\\forgery-detector\\data\\ela_cache\1679_0.png,0
D:\\zainab\\forgery-detector\\data\\ela_cache\1680_0.png,0
D:\\zainab\\forgery-detector\\data\\ela_cache\1681_1.png,1
D:\\zainab\\forgery-detector\\data\\ela_cache\1682_0.png,0
D:\\zainab\\forgery-detector\\data\\ela_cache\1683_1.png,1
D:\\zainab\\forgery-detector\\data\\ela_cache\1684_0.png,0
D:\\zainab\\forgery-detector\\data\\ela_cache\1685_0.png,0
D:\\zainab\\forgery-detector\\data\\ela_cache\1686_0.png,0
D:\\zainab\\forgery-detector\\data\\ela_cache\1687_1.png,1
D:\\zainab\\forgery-detector\\data\\ela_cache\1688_0.png,0
D:\\zainab\\forgery-detector\\data\\ela_cache\1689_1.png,1
D:\\zainab\\forgery-detector\\data\\ela_cache\1690_0.png,0
D:\\zainab\\forgery-detector\\data\\ela_cache\1691_1.png,1
D:\\zainab\\forgery-detector\\data\\ela_cache\1692_0.png,0
D:\\zainab\\forgery-detector\\data\\ela_cache\1693_0.png,0
D:\\zainab\\forgery-detector\\data\\ela_cache\1694_0.png,0
D:\\zainab\\forgery-detector\\data\\ela_cache\1695_0.png,0
D:\\zainab\\forgery-detector\\data\\ela_cache\1696_1.png,1
D:\\zainab\\forgery-detector\\data\\ela_cache\1697_1.png,1
D:\\zainab\\forgery-detector\\data\\ela_cache\1698_1.png,1
D:\\zainab\\forgery-detector\\data\\ela_cache\1699_1.png,1
D:\\zainab\\forgery-detector\\data\\ela_cache\1700_0.png,0
D:\\zainab\\forgery-detector\\data\\ela_cache\1701_0.png,0
D:\\zainab\\forgery-detector\\data\\ela_cache\1702_0.png,0
D:\\zainab\\forgery-detector\\data\\ela_cache\1703_1.png,1
D:\\zainab\\forgery-detector\\data\\ela_cache\1704_0.png,0
D:\\zainab\\forgery-detector\\data\\ela_cache\1705_0.png,0
D:\\zainab\\forgery-detector\\data\\ela_cache\1706_1.png,1
D:\\zainab\\forgery-detector\\data\\ela_cache\1707_0.png,0
D:\\zainab\\forgery-detector\\data\\ela_cache\1708_0.png,0
D:\\zainab\\forgery-detector\\data\\ela_cache\1709_0.png,0
D:\\zainab\\forgery-detector\\data\\ela_cache\1710_1.png,1
D:\\zainab\\forgery-detector\\data\\ela_cache\1711_0.png,0
D:\\zainab\\forgery-detector\\data\\ela_cache\1712_0.png,0
D:\\zainab\\forgery-detector\\data\\ela_cache\1713_0.png,0
D:\\zainab\\forgery-detector\\data\\ela_cache\1714_0.png,0
D:\\zainab\\forgery-detector\\data\\ela_cache\1715_0.png,0
D:\\zainab\\forgery-detector\\data\\ela_cache\1716_1.png,1
D:\\zainab\\forgery-detector\\data\\ela_cache\1717_0.png,0
D:\\zainab\\forgery-detector\\data\\ela_cache\1718_1.png,1
D:\\zainab\\forgery-detector\\data\\ela_cache\1719_0.png,0
D:\\zainab\\forgery-detector\\data\\ela_cache\1720_0.png,0
D:\\zainab\\forgery-detector\\data\\ela_cache\1721_1.png,1
D:\\zainab\\forgery-detector\\data\\ela_cache\1722_1.png,1
D:\\zainab\\forgery-detector\\data\\ela_cache\1723_1.png,1
D:\\zainab\\forgery-detector\\data\\ela_cache\1724_0.png,0
D:\\zainab\\forgery-detector\\data\\ela_cache\1725_0.png,0
D:\\zainab\\forgery-detector\\data\\ela_cache\1726_0.png,0
D:\\zainab\\forgery-detector\\data\\ela_cache\1727_0.png,0
D:\\zainab\\forgery-detector\\data\\ela_cache\1728_0.png,0
D:\\zainab\\forgery-detector\\data\\ela_cache\1729_1.png,1
D:\\zainab\\forgery-detector\\data\\ela_cache\1730_0.png,0
D:\\zainab\\forgery-detector\\data\\ela_cache\1731_0.png,0
D:\\zainab\\forgery-detector\\data\\ela_cache\1732_1.png,1
D:\\zainab\\forgery-detector\\data\\ela_cache\1733_1.png,1
D:\\zainab\\forgery-detector\\data\\ela_cache\1734_1.png,1
D:\\zainab\\forgery-detector\\data\\ela_cache\1735_1.png,1
D:\\zainab\\forgery-detector\\data\\ela_cache\1736_0.png,0
D:\\zainab\\forgery-detector\\data\\ela_cache\1737_1.png,1
D:\\zainab\\forgery-detector\\data\\ela_cache\1738_1.png,1
D:\\zainab\\forgery-detector\\data\\ela_cache\1739_1.png,1
D:\\zainab\\forgery-detector\\data\\ela_cache\1740_0.png,0
D:\\zainab\\forgery-detector\\data\\ela_cache\1741_1.png,1
D:\\zainab\\forgery-detector\\data\\ela_cache\1742_1.png,1
D:\\zainab\\forgery-detector\\data\\ela_cache\1743_0.png,0
D:\\zainab\\forgery-detector\\data\\ela_cache\1744_0.png,0
D:\\zainab\\forgery-detector\\data\\ela_cache\1745_1.png,1
D:\\zainab\\forgery-detector\\data\\ela_cache\1746_0.png,0
D:\\zainab\\forgery-detector\\data\\ela_cache\1747_0.png,0
D:\\zainab\\forgery-detector\\data\\ela_cache\1748_0.png,0
D:\\zainab\\forgery-detector\\data\\ela_cache\1749_0.png,0
D:\\zainab\\forgery-detector\\data\\ela_cache\1750_1.png,1
D:\\zainab\\forgery-detector\\data\\ela_cache\1751_0.png,0
D:\\zainab\\forgery-detector\\data\\ela_cache\1752_0.png,0
D:\\zainab\\forgery-detector\\data\\ela_cache\1753_0.png,0
D:\\zainab\\forgery-detector\\data\\ela_cache\1754_0.png,0
D:\\zainab\\forgery-detector\\data\\ela_cache\1755_0.png,0
D:\\zainab\\forgery-detector\\data\\ela_cache\1756_0.png,0
D:\\zainab\\forgery-detector\\data\\ela_cache\1757_0.png,0
D:\\zainab\\forgery-detector\\data\\ela_cache\1758_0.png,0
D:\\zainab\\forgery-detector\\data\\ela_cache\1759_1.png,1
D:\\zainab\\forgery-detector\\data\\ela_cache\1760_0.png,0
D:\\zainab\\forgery-detector\\data\\ela_cache\1761_1.png,1
D:\\zainab\\forgery-detector\\data\\ela_cache\1762_0.png,0
D:\\zainab\\forgery-detector\\data\\ela_cache\1763_1.png,1
D:\\zainab\\forgery-detector\\data\\ela_cache\1764_0.png,0
D:\\zainab\\forgery-detector\\data\\ela_cache\1765_0.png,0
D:\\zainab\\forgery-detector\\data\\ela_cache\1766_0.png,0
D:\\zainab\\forgery-detector\\data\\ela_cache\1767_0.png,0
D:\\zainab\\forgery-detector\\data\\ela_cache\1768_0.png,0
D:\\zainab\\forgery-detector\\data\\ela_cache\1769_0.png,0
D:\\zainab\\forgery-detector\\data\\ela_cache\1770_1.png,1
D:\\zainab\\forgery-detector\\data\\ela_cache\1771_0.png,0
D:\\zainab\\forgery-detector\\data\\ela_cache\1772_0.png,0
D:\\zainab\\forgery-detector\\data\\ela_cache\1773_0.png,0
D:\\zainab\\forgery-detector\\data\\ela_cache\1774_1.png,1
D:\\zainab\\forgery-detector\\data\\ela_cache\1775_1.png,1
D:\\zainab\\forgery-detector\\data\\ela_cache\1776_0.png,0
D:\\zainab\\forgery-detector\\data\\ela_cache\1777_0.png,0
D:\\zainab\\forgery-detector\\data\\ela_cache\1778_1.png,1
D:\\zainab\\forgery-detector\\data\\ela_cache\1779_1.png,1
D:\\zainab\\forgery-detector\\data\\ela_cache\1780_1.png,1
D:\\zainab\\forgery-detector\\data\\ela_cache\1781_0.png,0
D:\\zainab\\forgery-detector\\data\\ela_cache\1782_0.png,0
D:\\zainab\\forgery-detector\\data\\ela_cache\1783_0.png,0
D:\\zainab\\forgery-detector\\data\\ela_cache\1784_0.png,0
D:\\zainab\\forgery-detector\\data\\ela_cache\1785_0.png,0
D:\\zainab\\forgery-detector\\data\\ela_cache\1786_0.png,0
D:\\zainab\\forgery-detector\\data\\ela_cache\1787_1.png,1
D:\\zainab\\forgery-detector\\data\\ela_cache\1788_0.png,0
D:\\zainab\\forgery-detector\\data\\ela_cache\1789_0.png,0
D:\\zainab\\forgery-detector\\data\\ela_cache\1790_0.png,0
D:\\zainab\\forgery-detector\\data\\ela_cache\1791_0.png,0
D:\\zainab\\forgery-detector\\data\\ela_cache\1792_1.png,1
D:\\zainab\\forgery-detector\\data\\ela_cache\1793_0.png,0
D:\\zainab\\forgery-detector\\data\\ela_cache\1794_0.png,0
D:\\zainab\\forgery-detector\\data\\ela_cache\1795_1.png,1
D:\\zainab\\forgery-detector\\data\\ela_cache\1796_0.png,0
D:\\zainab\\forgery-detector\\data\\ela_cache\1797_0.png,0
D:\\zainab\\forgery-detector\\data\\ela_cache\1798_0.png,0
D:\\zainab\\forgery-detector\\data\\ela_cache\1799_0.png,0
D:\\zainab\\forgery-detector\\data\\ela_cache\1800_0.png,0
D:\\zainab\\forgery-detector\\data\\ela_cache\1801_1.png,1
D:\\zainab\\forgery-detector\\data\\ela_cache\1802_1.png,1
D:\\zainab\\forgery-detector\\data\\ela_cache\1803_0.png,0
D:\\zainab\\forgery-detector\\data\\ela_cache\1804_0.png,0
D:\\zainab\\forgery-detector\\data\\ela_cache\1805_0.png,0
D:\\zainab\\forgery-detector\\data\\ela_cache\1806_0.png,0
D:\\zainab\\forgery-detector\\data\\ela_cache\1807_1.png,1
D:\\zainab\\forgery-detector\\data\\ela_cache\1808_0.png,0
D:\\zainab\\forgery-detector\\data\\ela_cache\1809_1.png,1
D:\\zainab\\forgery-detector\\data\\ela_cache\1810_0.png,0
D:\\zainab\\forgery-detector\\data\\ela_cache\1811_1.png,1
D:\\zainab\\forgery-detector\\data\\ela_cache\1812_0.png,0
D:\\zainab\\forgery-detector\\data\\ela_cache\1813_0.png,0
D:\\zainab\\forgery-detector\\data\\ela_cache\1814_0.png,0
D:\\zainab\\forgery-detector\\data\\ela_cache\1815_1.png,1
D:\\zainab\\forgery-detector\\data\\ela_cache\1816_0.png,0
D:\\zainab\\forgery-detector\\data\\ela_cache\1817_0.png,0
D:\\zainab\\forgery-detector\\data\\ela_cache\1818_1.png,1
D:\\zainab\\forgery-detector\\data\\ela_cache\1819_0.png,0
D:\\zainab\\forgery-detector\\data\\ela_cache\1820_0.png,0
D:\\zainab\\forgery-detector\\data\\ela_cache\1821_0.png,0
D:\\zainab\\forgery-detector\\data\\ela_cache\1822_1.png,1
D:\\zainab\\forgery-detector\\data\\ela_cache\1823_0.png,0
D:\\zainab\\forgery-detector\\data\\ela_cache\1824_0.png,0
D:\\zainab\\forgery-detector\\data\\ela_cache\1825_0.png,0
D:\\zainab\\forgery-detector\\data\\ela_cache\1826_0.png,0
D:\\zainab\\forgery-detector\\data\\ela_cache\1827_0.png,0
D:\\zainab\\forgery-detector\\data\\ela_cache\1828_0.png,0
D:\\zainab\\forgery-detector\\data\\ela_cache\1829_1.png,1
D:\\zainab\\forgery-detector\\data\\ela_cache\1830_0.png,0
D:\\zainab\\forgery-detector\\data\\ela_cache\1831_0.png,0
D:\\zainab\\forgery-detector\\data\\ela_cache\1832_0.png,0
D:\\zainab\\forgery-detector\\data\\ela_cache\1833_0.png,0
D:\\zainab\\forgery-detector\\data\\ela_cache\1834_0.png,0
D:\\zainab\\forgery-detector\\data\\ela_cache\1835_1.png,1
D:\\zainab\\forgery-detector\\data\\ela_cache\1836_1.png,1
D:\\zainab\\forgery-detector\\data\\ela_cache\1837_0.png,0
D:\\zainab\\forgery-detector\\data\\ela_cache\1838_0.png,0
D:\\zainab\\forgery-detector\\data\\ela_cache\1839_1.png,1
D:\\zainab\\forgery-detector\\data\\ela_cache\1840_1.png,1
D:\\zainab\\forgery-detector\\data\\ela_cache\1841_0.png,0
D:\\zainab\\forgery-detector\\data\\ela_cache\1842_1.png,1
D:\\zainab\\forgery-detector\\data\\ela_cache\1843_0.png,0
D:\\zainab\\forgery-detector\\data\\ela_cache\1844_0.png,0
D:\\zainab\\forgery-detector\\data\\ela_cache\1845_0.png,0
D:\\zainab\\forgery-detector\\data\\ela_cache\1846_0.png,0
D:\\zainab\\forgery-detector\\data\\ela_cache\1847_0.png,0
D:\\zainab\\forgery-detector\\data\\ela_cache\1848_1.png,1
D:\\zainab\\forgery-detector\\data\\ela_cache\1849_1.png,1
D:\\zainab\\forgery-detector\\data\\ela_cache\1850_0.png,0
D:\\zainab\\forgery-detector\\data\\ela_cache\1851_0.png,0
D:\\zainab\\forgery-detector\\data\\ela_cache\1852_1.png,1
D:\\zainab\\forgery-detector\\data\\ela_cache\1853_1.png,1
D:\\zainab\\forgery-detector\\data\\ela_cache\1854_0.png,0
D:\\zainab\\forgery-detector\\data\\ela_cache\1855_1.png,1
D:\\zainab\\forgery-detector\\data\\ela_cache\1856_1.png,1
D:\\zainab\\forgery-detector\\data\\ela_cache\1857_0.png,0
D:\\zainab\\forgery-detector\\data\\ela_cache\1858_0.png,0
D:\\zainab\\forgery-detector\\data\\ela_cache\1859_1.png,1
D:\\zainab\\forgery-detector\\data\\ela_cache\1860_0.png,0
D:\\zainab\\forgery-detector\\data\\ela_cache\1861_1.png,1
D:\\zainab\\forgery-detector\\data\\ela_cache\1862_0.png,0
D:\\zainab\\forgery-detector\\data\\ela_cache\1863_0.png,0
D:\\zainab\\forgery-detector\\data\\ela_cache\1864_0.png,0
D:\\zainab\\forgery-detector\\data\\ela_cache\1865_0.png,0
D:\\zainab\\forgery-detector\\data\\ela_cache\1866_1.png,1
D:\\zainab\\forgery-detector\\data\\ela_cache\1867_1.png,1
D:\\zainab\\forgery-detector\\data\\ela_cache\1868_0.png,0
D:\\zainab\\forgery-detector\\data\\ela_cache\1869_1.png,1
D:\\zainab\\forgery-detector\\data\\ela_cache\1870_1.png,1
D:\\zainab\\forgery-detector\\data\\ela_cache\1871_0.png,0
D:\\zainab\\forgery-detector\\data\\ela_cache\1872_0.png,0
D:\\zainab\\forgery-detector\\data\\ela_cache\1873_0.png,0
D:\\zainab\\forgery-detector\\data\\ela_cache\1874_0.png,0
D:\\zainab\\forgery-detector\\data\\ela_cache\1875_0.png,0
D:\\zainab\\forgery-detector\\data\\ela_cache\1876_1.png,1
D:\\zainab\\forgery-detector\\data\\ela_cache\1877_1.png,1
D:\\zainab\\forgery-detector\\data\\ela_cache\1878_1.png,1
D:\\zainab\\forgery-detector\\data\\ela_cache\1879_0.png,0
D:\\zainab\\forgery-detector\\data\\ela_cache\1880_0.png,0
D:\\zainab\\forgery-detector\\data\\ela_cache\1881_1.png,1
D:\\zainab\\forgery-detector\\data\\ela_cache\1882_0.png,0
D:\\zainab\\forgery-detector\\data\\ela_cache\1883_1.png,1
D:\\zainab\\forgery-detector\\data\\ela_cache\1884_0.png,0
D:\\zainab\\forgery-detector\\data\\ela_cache\1885_0.png,0
D:\\zainab\\forgery-detector\\data\\ela_cache\1886_1.png,1
D:\\zainab\\forgery-detector\\data\\ela_cache\1887_1.png,1
D:\\zainab\\forgery-detector\\data\\ela_cache\1888_1.png,1
D:\\zainab\\forgery-detector\\data\\ela_cache\1889_0.png,0
D:\\zainab\\forgery-detector\\data\\ela_cache\1890_0.png,0
D:\\zainab\\forgery-detector\\data\\ela_cache\1891_0.png,0
D:\\zainab\\forgery-detector\\data\\ela_cache\1892_0.png,0
D:\\zainab\\forgery-detector\\data\\ela_cache\1893_1.png,1
D:\\zainab\\forgery-detector\\data\\ela_cache\1894_0.png,0
D:\\zainab\\forgery-detector\\data\\ela_cache\1895_1.png,1
D:\\zainab\\forgery-detector\\data\\ela_cache\1896_1.png,1
D:\\zainab\\forgery-detector\\data\\ela_cache\1897_0.png,0
D:\\zainab\\forgery-detector\\data\\ela_cache\1898_1.png,1
D:\\zainab\\forgery-detector\\data\\ela_cache\1899_0.png,0
D:\\zainab\\forgery-detector\\data\\ela_cache\1900_1.png,1
D:\\zainab\\forgery-detector\\data\\ela_cache\1901_1.png,1
D:\\zainab\\forgery-detector\\data\\ela_cache\1902_0.png,0
D:\\zainab\\forgery-detector\\data\\ela_cache\1903_1.png,1
D:\\zainab\\forgery-detector\\data\\ela_cache\1904_0.png,0
D:\\zainab\\forgery-detector\\data\\ela_cache\1905_0.png,0
D:\\zainab\\forgery-detector\\data\\ela_cache\1906_0.png,0
D:\\zainab\\forgery-detector\\data\\ela_cache\1907_0.png,0
D:\\zainab\\forgery-detector\\data\\ela_cache\1908_0.png,0
D:\\zainab\\forgery-detector\\data\\ela_cache\1909_1.png,1
D:\\zainab\\forgery-detector\\data\\ela_cache\1910_0.png,0
D:\\zainab\\forgery-detector\\data\\ela_cache\1911_0.png,0
D:\\zainab\\forgery-detector\\data\\ela_cache\1912_1.png,1
D:\\zainab\\forgery-detector\\data\\ela_cache\1913_1.png,1
D:\\zainab\\forgery-detector\\data\\ela_cache\1914_0.png,0
D:\\zainab\\forgery-detector\\data\\ela_cache\1915_0.png,0
D:\\zainab\\forgery-detector\\data\\ela_cache\1916_0.png,0
D:\\zainab\\forgery-detector\\data\\ela_cache\1917_0.png,0
D:\\zainab\\forgery-detector\\data\\ela_cache\1918_1.png,1
D:\\zainab\\forgery-detector\\data\\ela_cache\1919_1.png,1
D:\\zainab\\forgery-detector\\data\\ela_cache\1920_0.png,0
D:\\zainab\\forgery-detector\\data\\ela_cache\1921_0.png,0
D:\\zainab\\forgery-detector\\data\\ela_cache\1922_0.png,0
D:\\zainab\\forgery-detector\\data\\ela_cache\1923_1.png,1
D:\\zainab\\forgery-detector\\data\\ela_cache\1924_1.png,1
D:\\zainab\\forgery-detector\\data\\ela_cache\1925_0.png,0
D:\\zainab\\forgery-detector\\data\\ela_cache\1926_1.png,1
D:\\zainab\\forgery-detector\\data\\ela_cache\1927_0.png,0
D:\\zainab\\forgery-detector\\data\\ela_cache\1928_0.png,0
D:\\zainab\\forgery-detector\\data\\ela_cache\1929_1.png,1
D:\\zainab\\forgery-detector\\data\\ela_cache\1930_0.png,0
D:\\zainab\\forgery-detector\\data\\ela_cache\1931_1.png,1
D:\\zainab\\forgery-detector\\data\\ela_cache\1932_0.png,0
D:\\zainab\\forgery-detector\\data\\ela_cache\1933_0.png,0
D:\\zainab\\forgery-detector\\data\\ela_cache\1934_0.png,0
D:\\zainab\\forgery-detector\\data\\ela_cache\1935_1.png,1
D:\\zainab\\forgery-detector\\data\\ela_cache\1936_0.png,0
D:\\zainab\\forgery-detector\\data\\ela_cache\1937_0.png,0
D:\\zainab\\forgery-detector\\data\\ela_cache\1938_1.png,1
D:\\zainab\\forgery-detector\\data\\ela_cache\1939_1.png,1
D:\\zainab\\forgery-detector\\data\\ela_cache\1940_1.png,1
D:\\zainab\\forgery-detector\\data\\ela_cache\1941_1.png,1
D:\\zainab\\forgery-detector\\data\\ela_cache\1942_1.png,1
D:\\zainab\\forgery-detector\\data\\ela_cache\1943_0.png,0
D:\\zainab\\forgery-detector\\data\\ela_cache\1944_1.png,1
D:\\zainab\\forgery-detector\\data\\ela_cache\1945_0.png,0
D:\\zainab\\forgery-detector\\data\\ela_cache\1946_0.png,0
D:\\zainab\\forgery-detector\\data\\ela_cache\1947_0.png,0
D:\\zainab\\forgery-detector\\data\\ela_cache\1948_0.png,0
D:\\zainab\\forgery-detector\\data\\ela_cache\1949_0.png,0
D:\\zainab\\forgery-detector\\data\\ela_cache\1950_0.png,0
D:\\zainab\\forgery-detector\\data\\ela_cache\1951_0.png,0
D:\\zainab\\forgery-detector\\data\\ela_cache\1952_0.png,0
D:\\zainab\\forgery-detector\\data\\ela_cache\1953_0.png,0
D:\\zainab\\forgery-detector\\data\\ela_cache\1954_0.png,0
D:\\zainab\\forgery-detector\\data\\ela_cache\1955_0.png,0
D:\\zainab\\forgery-detector\\data\\ela_cache\1956_0.png,0
D:\\zainab\\forgery-detector\\data\\ela_cache\1957_0.png,0
D:\\zainab\\forgery-detector\\data\\ela_cache\1958_0.png,0
D:\\zainab\\forgery-detector\\data\\ela_cache\1959_0.png,0
D:\\zainab\\forgery-detector\\data\\ela_cache\1960_0.png,0
D:\\zainab\\forgery-detector\\data\\ela_cache\1961_1.png,1
D:\\zainab\\forgery-detector\\data\\ela_cache\1962_0.png,0
D:\\zainab\\forgery-detector\\data\\ela_cache\1963_1.png,1
D:\\zainab\\forgery-detector\\data\\ela_cache\1964_1.png,1
D:\\zainab\\forgery-detector\\data\\ela_cache\1965_0.png,0
D:\\zainab\\forgery-detector\\data\\ela_cache\1966_0.png,0
D:\\zainab\\forgery-detector\\data\\ela_cache\1967_1.png,1
D:\\zainab\\forgery-detector\\data\\ela_cache\1968_0.png,0
D:\\zainab\\forgery-detector\\data\\ela_cache\1969_0.png,0
D:\\zainab\\forgery-detector\\data\\ela_cache\1970_1.png,1
D:\\zainab\\forgery-detector\\data\\ela_cache\1971_0.png,0
D:\\zainab\\forgery-detector\\data\\ela_cache\1972_0.png,0
D:\\zainab\\forgery-detector\\data\\ela_cache\1973_1.png,1
D:\\zainab\\forgery-detector\\data\\ela_cache\1974_0.png,0
D:\\zainab\\forgery-detector\\data\\ela_cache\1975_0.png,0
D:\\zainab\\forgery-detector\\data\\ela_cache\1976_1.png,1
D:\\zainab\\forgery-detector\\data\\ela_cache\1977_0.png,0
D:\\zainab\\forgery-detector\\data\\ela_cache\1978_1.png,1
D:\\zainab\\forgery-detector\\data\\ela_cache\1979_0.png,0
D:\\zainab\\forgery-detector\\data\\ela_cache\1980_0.png,0
D:\\zainab\\forgery-detector\\data\\ela_cache\1981_0.png,0
D:\\zainab\\forgery-detector\\data\\ela_cache\1982_0.png,0
D:\\zainab\\forgery-detector\\data\\ela_cache\1983_0.png,0
D:\\zainab\\forgery-detector\\data\\ela_cache\1984_1.png,1
D:\\zainab\\forgery-detector\\data\\ela_cache\1985_0.png,0
D:\\zainab\\forgery-detector\\data\\ela_cache\1986_0.png,0
D:\\zainab\\forgery-detector\\data\\ela_cache\1987_0.png,0
D:\\zainab\\forgery-detector\\data\\ela_cache\1988_0.png,0
D:\\zainab\\forgery-detector\\data\\ela_cache\1989_0.png,0
D:\\zainab\\forgery-detector\\data\\ela_cache\1990_0.png,0
D:\\zainab\\forgery-detector\\data\\ela_cache\1991_0.png,0
D:\\zainab\\forgery-detector\\data\\ela_cache\1992_0.png,0
D:\\zainab\\forgery-detector\\data\\ela_cache\1993_1.png,1
D:\\zainab\\forgery-detector\\data\\ela_cache\1994_1.png,1
D:\\zainab\\forgery-detector\\data\\ela_cache\1995_0.png,0
D:\\zainab\\forgery-detector\\data\\ela_cache\1996_0.png,0
D:\\zainab\\forgery-detector\\data\\ela_cache\1997_0.png,0
D:\\zainab\\forgery-detector\\data\\ela_cache\1998_1.png,1
D:\\zainab\\forgery-detector\\data\\ela_cache\1999_1.png,1
D:\\zainab\\forgery-detector\\data\\ela_cache\2000_1.png,1
D:\\zainab\\forgery-detector\\data\\ela_cache\2001_1.png,1
D:\\zainab\\forgery-detector\\data\\ela_cache\2002_1.png,1
D:\\zainab\\forgery-detector\\data\\ela_cache\2003_1.png,1
D:\\zainab\\forgery-detector\\data\\ela_cache\2004_1.png,1
D:\\zainab\\forgery-detector\\data\\ela_cache\2005_0.png,0
D:\\zainab\\forgery-detector\\data\\ela_cache\2006_0.png,0
D:\\zainab\\forgery-detector\\data\\ela_cache\2007_0.png,0
D:\\zainab\\forgery-detector\\data\\ela_cache\2008_0.png,0
D:\\zainab\\forgery-detector\\data\\ela_cache\2009_1.png,1
D:\\zainab\\forgery-detector\\data\\ela_cache\2010_0.png,0
D:\\zainab\\forgery-detector\\data\\ela_cache\2011_0.png,0
D:\\zainab\\forgery-detector\\data\\ela_cache\2012_0.png,0
D:\\zainab\\forgery-detector\\data\\ela_cache\2013_1.png,1
D:\\zainab\\forgery-detector\\data\\ela_cache\2014_0.png,0
D:\\zainab\\forgery-detector\\data\\ela_cache\2015_0.png,0
D:\\zainab\\forgery-detector\\data\\ela_cache\2016_1.png,1
D:\\zainab\\forgery-detector\\data\\ela_cache\2017_0.png,0
D:\\zainab\\forgery-detector\\data\\ela_cache\2018_0.png,0
D:\\zainab\\forgery-detector\\data\\ela_cache\2019_0.png,0
D:\\zainab\\forgery-detector\\data\\ela_cache\2020_0.png,0
D:\\zainab\\forgery-detector\\data\\ela_cache\2021_0.png,0
D:\\zainab\\forgery-detector\\data\\ela_cache\2022_1.png,1
D:\\zainab\\forgery-detector\\data\\ela_cache\2023_1.png,1
D:\\zainab\\forgery-detector\\data\\ela_cache\2024_0.png,0
D:\\zainab\\forgery-detector\\data\\ela_cache\2025_1.png,1
D:\\zainab\\forgery-detector\\data\\ela_cache\2026_0.png,0
D:\\zainab\\forgery-detector\\data\\ela_cache\2027_0.png,0
D:\\zainab\\forgery-detector\\data\\ela_cache\2028_1.png,1
D:\\zainab\\forgery-detector\\data\\ela_cache\2029_0.png,0
D:\\zainab\\forgery-detector\\data\\ela_cache\2030_1.png,1
D:\\zainab\\forgery-detector\\data\\ela_cache\2031_1.png,1
D:\\zainab\\forgery-detector\\data\\ela_cache\2032_0.png,0
D:\\zainab\\forgery-detector\\data\\ela_cache\2033_1.png,1
D:\\zainab\\forgery-detector\\data\\ela_cache\2034_1.png,1
D:\\zainab\\forgery-detector\\data\\ela_cache\2035_1.png,1
D:\\zainab\\forgery-detector\\data\\ela_cache\2036_1.png,1
D:\\zainab\\forgery-detector\\data\\ela_cache\2037_1.png,1
D:\\zainab\\forgery-detector\\data\\ela_cache\2038_1.png,1
D:\\zainab\\forgery-detector\\data\\ela_cache\2039_0.png,0
D:\\zainab\\forgery-detector\\data\\ela_cache\2040_0.png,0
D:\\zainab\\forgery-detector\\data\\ela_cache\2041_1.png,1
D:\\zainab\\forgery-detector\\data\\ela_cache\2042_0.png,0
D:\\zainab\\forgery-detector\\data\\ela_cache\2043_0.png,0
D:\\zainab\\forgery-detector\\data\\ela_cache\2044_1.png,1
D:\\zainab\\forgery-detector\\data\\ela_cache\2045_1.png,1
D:\\zainab\\forgery-detector\\data\\ela_cache\2046_1.png,1
D:\\zainab\\forgery-detector\\data\\ela_cache\2047_1.png,1
D:\\zainab\\forgery-detector\\data\\ela_cache\2048_0.png,0
D:\\zainab\\forgery-detector\\data\\ela_cache\2049_1.png,1
D:\\zainab\\forgery-detector\\data\\ela_cache\2050_0.png,0
D:\\zainab\\forgery-detector\\data\\ela_cache\2051_0.png,0
D:\\zainab\\forgery-detector\\data\\ela_cache\2052_0.png,0
D:\\zainab\\forgery-detector\\data\\ela_cache\2053_1.png,1
D:\\zainab\\forgery-detector\\data\\ela_cache\2054_0.png,0
D:\\zainab\\forgery-detector\\data\\ela_cache\2055_1.png,1
D:\\zainab\\forgery-detector\\data\\ela_cache\2056_0.png,0
D:\\zainab\\forgery-detector\\data\\ela_cache\2057_1.png,1
D:\\zainab\\forgery-detector\\data\\ela_cache\2058_1.png,1
D:\\zainab\\forgery-detector\\data\\ela_cache\2059_0.png,0
D:\\zainab\\forgery-detector\\data\\ela_cache\2060_0.png,0
D:\\zainab\\forgery-detector\\data\\ela_cache\2061_0.png,0
D:\\zainab\\forgery-detector\\data\\ela_cache\2062_1.png,1
D:\\zainab\\forgery-detector\\data\\ela_cache\2063_0.png,0
D:\\zainab\\forgery-detector\\data\\ela_cache\2064_0.png,0
D:\\zainab\\forgery-detector\\data\\ela_cache\2065_0.png,0
D:\\zainab\\forgery-detector\\data\\ela_cache\2066_0.png,0
D:\\zainab\\forgery-detector\\data\\ela_cache\2067_1.png,1
D:\\zainab\\forgery-detector\\data\\ela_cache\2068_0.png,0
D:\\zainab\\forgery-detector\\data\\ela_cache\2069_0.png,0
D:\\zainab\\forgery-detector\\data\\ela_cache\2070_1.png,1
D:\\zainab\\forgery-detector\\data\\ela_cache\2071_1.png,1
D:\\zainab\\forgery-detector\\data\\ela_cache\2072_0.png,0
D:\\zainab\\forgery-detector\\data\\ela_cache\2073_0.png,0
D:\\zainab\\forgery-detector\\data\\ela_cache\2074_0.png,0
D:\\zainab\\forgery-detector\\data\\ela_cache\2075_0.png,0
D:\\zainab\\forgery-detector\\data\\ela_cache\2076_1.png,1
D:\\zainab\\forgery-detector\\data\\ela_cache\2077_1.png,1
D:\\zainab\\forgery-detector\\data\\ela_cache\2078_0.png,0
D:\\zainab\\forgery-detector\\data\\ela_cache\2079_0.png,0
D:\\zainab\\forgery-detector\\data\\ela_cache\2080_0.png,0
D:\\zainab\\forgery-detector\\data\\ela_cache\2081_1.png,1
D:\\zainab\\forgery-detector\\data\\ela_cache\2082_0.png,0
D:\\zainab\\forgery-detector\\data\\ela_cache\2083_0.png,0
D:\\zainab\\forgery-detector\\data\\ela_cache\2084_0.png,0
D:\\zainab\\forgery-detector\\data\\ela_cache\2085_1.png,1
D:\\zainab\\forgery-detector\\data\\ela_cache\2086_1.png,1
D:\\zainab\\forgery-detector\\data\\ela_cache\2087_0.png,0
D:\\zainab\\forgery-detector\\data\\ela_cache\2088_0.png,0
D:\\zainab\\forgery-detector\\data\\ela_cache\2089_1.png,1
D:\\zainab\\forgery-detector\\data\\ela_cache\2090_1.png,1
D:\\zainab\\forgery-detector\\data\\ela_cache\2091_1.png,1
D:\\zainab\\forgery-detector\\data\\ela_cache\2092_0.png,0
D:\\zainab\\forgery-detector\\data\\ela_cache\2093_1.png,1
D:\\zainab\\forgery-detector\\data\\ela_cache\2094_0.png,0
D:\\zainab\\forgery-detector\\data\\ela_cache\2095_0.png,0
D:\\zainab\\forgery-detector\\data\\ela_cache\2096_0.png,0
D:\\zainab\\forgery-detector\\data\\ela_cache\2097_0.png,0
D:\\zainab\\forgery-detector\\data\\ela_cache\2098_0.png,0
D:\\zainab\\forgery-detector\\data\\ela_cache\2099_0.png,0
D:\\zainab\\forgery-detector\\data\\ela_cache\2100_1.png,1
D:\\zainab\\forgery-detector\\data\\ela_cache\2101_1.png,1
D:\\zainab\\forgery-detector\\data\\ela_cache\2102_0.png,0
D:\\zainab\\forgery-detector\\data\\ela_cache\2103_0.png,0
D:\\zainab\\forgery-detector\\data\\ela_cache\2104_0.png,0
D:\\zainab\\forgery-detector\\data\\ela_cache\2105_1.png,1
D:\\zainab\\forgery-detector\\data\\ela_cache\2106_0.png,0
D:\\zainab\\forgery-detector\\data\\ela_cache\2107_1.png,1
D:\\zainab\\forgery-detector\\data\\ela_cache\2108_0.png,0
D:\\zainab\\forgery-detector\\data\\ela_cache\2109_0.png,0
D:\\zainab\\forgery-detector\\data\\ela_cache\2110_1.png,1
D:\\zainab\\forgery-detector\\data\\ela_cache\2111_0.png,0
D:\\zainab\\forgery-detector\\data\\ela_cache\2112_1.png,1
D:\\zainab\\forgery-detector\\data\\ela_cache\2113_1.png,1
D:\\zainab\\forgery-detector\\data\\ela_cache\2114_1.png,1
D:\\zainab\\forgery-detector\\data\\ela_cache\2115_0.png,0
D:\\zainab\\forgery-detector\\data\\ela_cache\2116_0.png,0
D:\\zainab\\forgery-detector\\data\\ela_cache\2117_1.png,1
D:\\zainab\\forgery-detector\\data\\ela_cache\2118_1.png,1
D:\\zainab\\forgery-detector\\data\\ela_cache\2119_0.png,0
D:\\zainab\\forgery-detector\\data\\ela_cache\2120_0.png,0
D:\\zainab\\forgery-detector\\data\\ela_cache\2121_1.png,1
D:\\zainab\\forgery-detector\\data\\ela_cache\2122_0.png,0
D:\\zainab\\forgery-detector\\data\\ela_cache\2123_1.png,1
D:\\zainab\\forgery-detector\\data\\ela_cache\2124_1.png,1
D:\\zainab\\forgery-detector\\data\\ela_cache\2125_1.png,1
D:\\zainab\\forgery-detector\\data\\ela_cache\2126_0.png,0
D:\\zainab\\forgery-detector\\data\\ela_cache\2127_1.png,1
D:\\zainab\\forgery-detector\\data\\ela_cache\2128_1.png,1
D:\\zainab\\forgery-detector\\data\\ela_cache\2129_1.png,1
D:\\zainab\\forgery-detector\\data\\ela_cache\2130_0.png,0
D:\\zainab\\forgery-detector\\data\\ela_cache\2131_0.png,0
D:\\zainab\\forgery-detector\\data\\ela_cache\2132_0.png,0
D:\\zainab\\forgery-detector\\data\\ela_cache\2133_1.png,1
D:\\zainab\\forgery-detector\\data\\ela_cache\2134_0.png,0
D:\\zainab\\forgery-detector\\data\\ela_cache\2135_0.png,0
D:\\zainab\\forgery-detector\\data\\ela_cache\2136_0.png,0
D:\\zainab\\forgery-detector\\data\\ela_cache\2137_0.png,0
D:\\zainab\\forgery-detector\\data\\ela_cache\2138_1.png,1
D:\\zainab\\forgery-detector\\data\\ela_cache\2139_0.png,0
D:\\zainab\\forgery-detector\\data\\ela_cache\2140_0.png,0
D:\\zainab\\forgery-detector\\data\\ela_cache\2141_0.png,0
D:\\zainab\\forgery-detector\\data\\ela_cache\2142_0.png,0
D:\\zainab\\forgery-detector\\data\\ela_cache\2143_0.png,0
D:\\zainab\\forgery-detector\\data\\ela_cache\2144_0.png,0
D:\\zainab\\forgery-detector\\data\\ela_cache\2145_0.png,0
D:\\zainab\\forgery-detector\\data\\ela_cache\2146_1.png,1
D:\\zainab\\forgery-detector\\data\\ela_cache\2147_0.png,0
D:\\zainab\\forgery-detector\\data\\ela_cache\2148_0.png,0
D:\\zainab\\forgery-detector\\data\\ela_cache\2149_1.png,1
D:\\zainab\\forgery-detector\\data\\ela_cache\2150_0.png,0
D:\\zainab\\forgery-detector\\data\\ela_cache\2151_0.png,0
D:\\zainab\\forgery-detector\\data\\ela_cache\2152_1.png,1
D:\\zainab\\forgery-detector\\data\\ela_cache\2153_1.png,1
D:\\zainab\\forgery-detector\\data\\ela_cache\2154_1.png,1
D:\\zainab\\forgery-detector\\data\\ela_cache\2155_0.png,0
D:\\zainab\\forgery-detector\\data\\ela_cache\2156_1.png,1
D:\\zainab\\forgery-detector\\data\\ela_cache\2157_1.png,1
D:\\zainab\\forgery-detector\\data\\ela_cache\2158_0.png,0
D:\\zainab\\forgery-detector\\data\\ela_cache\2159_1.png,1
D:\\zainab\\forgery-detector\\data\\ela_cache\2160_1.png,1
D:\\zainab\\forgery-detector\\data\\ela_cache\2161_1.png,1
D:\\zainab\\forgery-detector\\data\\ela_cache\2162_0.png,0
D:\\zainab\\forgery-detector\\data\\ela_cache\2163_1.png,1
D:\\zainab\\forgery-detector\\data\\ela_cache\2164_0.png,0
D:\\zainab\\forgery-detector\\data\\ela_cache\2165_1.png,1
D:\\zainab\\forgery-detector\\data\\ela_cache\2166_0.png,0
D:\\zainab\\forgery-detector\\data\\ela_cache\2167_0.png,0
D:\\zainab\\forgery-detector\\data\\ela_cache\2168_0.png,0
D:\\zainab\\forgery-detector\\data\\ela_cache\2169_0.png,0
D:\\zainab\\forgery-detector\\data\\ela_cache\2170_0.png,0
D:\\zainab\\forgery-detector\\data\\ela_cache\2171_0.png,0
D:\\zainab\\forgery-detector\\data\\ela_cache\2172_0.png,0
D:\\zainab\\forgery-detector\\data\\ela_cache\2173_0.png,0
D:\\zainab\\forgery-detector\\data\\ela_cache\2174_0.png,0
D:\\zainab\\forgery-detector\\data\\ela_cache\2175_1.png,1
D:\\zainab\\forgery-detector\\data\\ela_cache\2176_0.png,0
D:\\zainab\\forgery-detector\\data\\ela_cache\2177_0.png,0
D:\\zainab\\forgery-detector\\data\\ela_cache\2178_0.png,0
D:\\zainab\\forgery-detector\\data\\ela_cache\2179_1.png,1
D:\\zainab\\forgery-detector\\data\\ela_cache\2180_1.png,1
D:\\zainab\\forgery-detector\\data\\ela_cache\2181_0.png,0
D:\\zainab\\forgery-detector\\data\\ela_cache\2182_1.png,1
D:\\zainab\\forgery-detector\\data\\ela_cache\2183_0.png,0
D:\\zainab\\forgery-detector\\data\\ela_cache\2184_0.png,0
D:\\zainab\\forgery-detector\\data\\ela_cache\2185_0.png,0
D:\\zainab\\forgery-detector\\data\\ela_cache\2186_1.png,1
D:\\zainab\\forgery-detector\\data\\ela_cache\2187_1.png,1
D:\\zainab\\forgery-detector\\data\\ela_cache\2188_1.png,1
D:\\zainab\\forgery-detector\\data\\ela_cache\2189_1.png,1
D:\\zainab\\forgery-detector\\data\\ela_cache\2190_1.png,1
D:\\zainab\\forgery-detector\\data\\ela_cache\2191_0.png,0
D:\\zainab\\forgery-detector\\data\\ela_cache\2192_1.png,1
D:\\zainab\\forgery-detector\\data\\ela_cache\2193_0.png,0
D:\\zainab\\forgery-detector\\data\\ela_cache\2194_0.png,0
D:\\zainab\\forgery-detector\\data\\ela_cache\2195_1.png,1
D:\\zainab\\forgery-detector\\data\\ela_cache\2196_0.png,0
D:\\zainab\\forgery-detector\\data\\ela_cache\2197_1.png,1
D:\\zainab\\forgery-detector\\data\\ela_cache\2198_1.png,1
D:\\zainab\\forgery-detector\\data\\ela_cache\2199_1.png,1
D:\\zainab\\forgery-detector\\data\\ela_cache\2200_1.png,1
D:\\zainab\\forgery-detector\\data\\ela_cache\2201_0.png,0
D:\\zainab\\forgery-detector\\data\\ela_cache\2202_0.png,0
D:\\zainab\\forgery-detector\\data\\ela_cache\2203_1.png,1
D:\\zainab\\forgery-detector\\data\\ela_cache\2204_0.png,0
D:\\zainab\\forgery-detector\\data\\ela_cache\2205_1.png,1
D:\\zainab\\forgery-detector\\data\\ela_cache\2206_1.png,1
D:\\zainab\\forgery-detector\\data\\ela_cache\2207_0.png,0
D:\\zainab\\forgery-detector\\data\\ela_cache\2208_0.png,0
D:\\zainab\\forgery-detector\\data\\ela_cache\2209_0.png,0
D:\\zainab\\forgery-detector\\data\\ela_cache\2210_0.png,0
D:\\zainab\\forgery-detector\\data\\ela_cache\2211_0.png,0
D:\\zainab\\forgery-detector\\data\\ela_cache\2212_0.png,0
D:\\zainab\\forgery-detector\\data\\ela_cache\2213_1.png,1
D:\\zainab\\forgery-detector\\data\\ela_cache\2214_0.png,0
D:\\zainab\\forgery-detector\\data\\ela_cache\2215_0.png,0
D:\\zainab\\forgery-detector\\data\\ela_cache\2216_1.png,1
D:\\zainab\\forgery-detector\\data\\ela_cache\2217_0.png,0
D:\\zainab\\forgery-detector\\data\\ela_cache\2218_1.png,1
D:\\zainab\\forgery-detector\\data\\ela_cache\2219_1.png,1
D:\\zainab\\forgery-detector\\data\\ela_cache\2220_0.png,0
D:\\zainab\\forgery-detector\\data\\ela_cache\2221_1.png,1
D:\\zainab\\forgery-detector\\data\\ela_cache\2222_1.png,1
D:\\zainab\\forgery-detector\\data\\ela_cache\2223_0.png,0
D:\\zainab\\forgery-detector\\data\\ela_cache\2224_1.png,1
D:\\zainab\\forgery-detector\\data\\ela_cache\2225_0.png,0
D:\\zainab\\forgery-detector\\data\\ela_cache\2226_1.png,1
D:\\zainab\\forgery-detector\\data\\ela_cache\2227_1.png,1
D:\\zainab\\forgery-detector\\data\\ela_cache\2228_1.png,1
D:\\zainab\\forgery-detector\\data\\ela_cache\2229_0.png,0
D:\\zainab\\forgery-detector\\data\\ela_cache\2230_0.png,0
D:\\zainab\\forgery-detector\\data\\ela_cache\2231_1.png,1
D:\\zainab\\forgery-detector\\data\\ela_cache\2232_0.png,0
D:\\zainab\\forgery-detector\\data\\ela_cache\2233_1.png,1
D:\\zainab\\forgery-detector\\data\\ela_cache\2234_0.png,0
D:\\zainab\\forgery-detector\\data\\ela_cache\2235_0.png,0
D:\\zainab\\forgery-detector\\data\\ela_cache\2236_1.png,1
D:\\zainab\\forgery-detector\\data\\ela_cache\2237_0.png,0
D:\\zainab\\forgery-detector\\data\\ela_cache\2238_0.png,0
D:\\zainab\\forgery-detector\\data\\ela_cache\2239_1.png,1
D:\\zainab\\forgery-detector\\data\\ela_cache\2240_0.png,0
D:\\zainab\\forgery-detector\\data\\ela_cache\2241_0.png,0
D:\\zainab\\forgery-detector\\data\\ela_cache\2242_1.png,1
D:\\zainab\\forgery-detector\\data\\ela_cache\2243_0.png,0
D:\\zainab\\forgery-detector\\data\\ela_cache\2244_1.png,1
D:\\zainab\\forgery-detector\\data\\ela_cache\2245_0.png,0
D:\\zainab\\forgery-detector\\data\\ela_cache\2246_0.png,0
D:\\zainab\\forgery-detector\\data\\ela_cache\2247_0.png,0
D:\\zainab\\forgery-detector\\data\\ela_cache\2248_0.png,0
D:\\zainab\\forgery-detector\\data\\ela_cache\2249_0.png,0
D:\\zainab\\forgery-detector\\data\\ela_cache\2250_0.png,0
D:\\zainab\\forgery-detector\\data\\ela_cache\2251_1.png,1
D:\\zainab\\forgery-detector\\data\\ela_cache\2252_0.png,0
D:\\zainab\\forgery-detector\\data\\ela_cache\2253_0.png,0
D:\\zainab\\forgery-detector\\data\\ela_cache\2254_1.png,1
D:\\zainab\\forgery-detector\\data\\ela_cache\2255_0.png,0
D:\\zainab\\forgery-detector\\data\\ela_cache\2256_1.png,1
D:\\zainab\\forgery-detector\\data\\ela_cache\2257_0.png,0
D:\\zainab\\forgery-detector\\data\\ela_cache\2258_1.png,1
D:\\zainab\\forgery-detector\\data\\ela_cache\2259_0.png,0
D:\\zainab\\forgery-detector\\data\\ela_cache\2260_0.png,0
D:\\zainab\\forgery-detector\\data\\ela_cache\2261_0.png,0
D:\\zainab\\forgery-detector\\data\\ela_cache\2262_0.png,0
D:\\zainab\\forgery-detector\\data\\ela_cache\2263_0.png,0
D:\\zainab\\forgery-detector\\data\\ela_cache\2264_0.png,0
D:\\zainab\\forgery-detector\\data\\ela_cache\2265_1.png,1
D:\\zainab\\forgery-detector\\data\\ela_cache\2266_1.png,1
D:\\zainab\\forgery-detector\\data\\ela_cache\2267_0.png,0
D:\\zainab\\forgery-detector\\data\\ela_cache\2268_1.png,1
D:\\zainab\\forgery-detector\\data\\ela_cache\2269_1.png,1
D:\\zainab\\forgery-detector\\data\\ela_cache\2270_1.png,1
D:\\zainab\\forgery-detector\\data\\ela_cache\2271_0.png,0
D:\\zainab\\forgery-detector\\data\\ela_cache\2272_0.png,0
D:\\zainab\\forgery-detector\\data\\ela_cache\2273_1.png,1
D:\\zainab\\forgery-detector\\data\\ela_cache\2274_0.png,0
D:\\zainab\\forgery-detector\\data\\ela_cache\2275_0.png,0
D:\\zainab\\forgery-detector\\data\\ela_cache\2276_0.png,0
D:\\zainab\\forgery-detector\\data\\ela_cache\2277_1.png,1
D:\\zainab\\forgery-detector\\data\\ela_cache\2278_1.png,1
D:\\zainab\\forgery-detector\\data\\ela_cache\2279_0.png,0
D:\\zainab\\forgery-detector\\data\\ela_cache\2280_0.png,0
D:\\zainab\\forgery-detector\\data\\ela_cache\2281_1.png,1
D:\\zainab\\forgery-detector\\data\\ela_cache\2282_0.png,0
D:\\zainab\\forgery-detector\\data\\ela_cache\2283_1.png,1
D:\\zainab\\forgery-detector\\data\\ela_cache\2284_0.png,0
D:\\zainab\\forgery-detector\\data\\ela_cache\2285_1.png,1
D:\\zainab\\forgery-detector\\data\\ela_cache\2286_0.png,0
D:\\zainab\\forgery-detector\\data\\ela_cache\2287_0.png,0
D:\\zainab\\forgery-detector\\data\\ela_cache\2288_0.png,0
D:\\zainab\\forgery-detector\\data\\ela_cache\2289_1.png,1
D:\\zainab\\forgery-detector\\data\\ela_cache\2290_0.png,0
D:\\zainab\\forgery-detector\\data\\ela_cache\2291_0.png,0
D:\\zainab\\forgery-detector\\data\\ela_cache\2292_1.png,1
D:\\zainab\\forgery-detector\\data\\ela_cache\2293_0.png,0
D:\\zainab\\forgery-detector\\data\\ela_cache\2294_1.png,1
D:\\zainab\\forgery-detector\\data\\ela_cache\2295_1.png,1
D:\\zainab\\forgery-detector\\data\\ela_cache\2296_0.png,0
D:\\zainab\\forgery-detector\\data\\ela_cache\2297_1.png,1
D:\\zainab\\forgery-detector\\data\\ela_cache\2298_1.png,1
D:\\zainab\\forgery-detector\\data\\ela_cache\2299_1.png,1
D:\\zainab\\forgery-detector\\data\\ela_cache\2300_1.png,1
D:\\zainab\\forgery-detector\\data\\ela_cache\2301_0.png,0
D:\\zainab\\forgery-detector\\data\\ela_cache\2302_0.png,0
D:\\zainab\\forgery-detector\\data\\ela_cache\2303_0.png,0
D:\\zainab\\forgery-detector\\data\\ela_cache\2304_1.png,1
D:\\zainab\\forgery-detector\\data\\ela_cache\2305_0.png,0
D:\\zainab\\forgery-detector\\data\\ela_cache\2306_1.png,1
D:\\zainab\\forgery-detector\\data\\ela_cache\2307_0.png,0
D:\\zainab\\forgery-detector\\data\\ela_cache\2308_0.png,0
D:\\zainab\\forgery-detector\\data\\ela_cache\2309_1.png,1
D:\\zainab\\forgery-detector\\data\\ela_cache\2310_0.png,0
D:\\zainab\\forgery-detector\\data\\ela_cache\2311_0.png,0
D:\\zainab\\forgery-detector\\data\\ela_cache\2312_1.png,1
D:\\zainab\\forgery-detector\\data\\ela_cache\2313_1.png,1
D:\\zainab\\forgery-detector\\data\\ela_cache\2314_0.png,0
D:\\zainab\\forgery-detector\\data\\ela_cache\2315_1.png,1
D:\\zainab\\forgery-detector\\data\\ela_cache\2316_0.png,0
D:\\zainab\\forgery-detector\\data\\ela_cache\2317_0.png,0
D:\\zainab\\forgery-detector\\data\\ela_cache\2318_0.png,0
D:\\zainab\\forgery-detector\\data\\ela_cache\2319_0.png,0
D:\\zainab\\forgery-detector\\data\\ela_cache\2320_1.png,1
D:\\zainab\\forgery-detector\\data\\ela_cache\2321_1.png,1
D:\\zainab\\forgery-detector\\data\\ela_cache\2322_0.png,0
D:\\zainab\\forgery-detector\\data\\ela_cache\2323_0.png,0
D:\\zainab\\forgery-detector\\data\\ela_cache\2324_0.png,0
D:\\zainab\\forgery-detector\\data\\ela_cache\2325_1.png,1
D:\\zainab\\forgery-detector\\data\\ela_cache\2326_0.png,0
D:\\zainab\\forgery-detector\\data\\ela_cache\2327_0.png,0
D:\\zainab\\forgery-detector\\data\\ela_cache\2328_1.png,1
D:\\zainab\\forgery-detector\\data\\ela_cache\2329_0.png,0
D:\\zainab\\forgery-detector\\data\\ela_cache\2330_1.png,1
D:\\zainab\\forgery-detector\\data\\ela_cache\2331_1.png,1
D:\\zainab\\forgery-detector\\data\\ela_cache\2332_1.png,1
D:\\zainab\\forgery-detector\\data\\ela_cache\2333_1.png,1
D:\\zainab\\forgery-detector\\data\\ela_cache\2334_0.png,0
D:\\zainab\\forgery-detector\\data\\ela_cache\2335_0.png,0
D:\\zainab\\forgery-detector\\data\\ela_cache\2336_0.png,0
D:\\zainab\\forgery-detector\\data\\ela_cache\2337_1.png,1
D:\\zainab\\forgery-detector\\data\\ela_cache\2338_0.png,0
D:\\zainab\\forgery-detector\\data\\ela_cache\2339_0.png,0
D:\\zainab\\forgery-detector\\data\\ela_cache\2340_0.png,0
D:\\zainab\\forgery-detector\\data\\ela_cache\2341_1.png,1
D:\\zainab\\forgery-detector\\data\\ela_cache\2342_1.png,1
D:\\zainab\\forgery-detector\\data\\ela_cache\2343_0.png,0
D:\\zainab\\forgery-detector\\data\\ela_cache\2344_1.png,1
D:\\zainab\\forgery-detector\\data\\ela_cache\2345_0.png,0
D:\\zainab\\forgery-detector\\data\\ela_cache\2346_0.png,0
D:\\zainab\\forgery-detector\\data\\ela_cache\2347_1.png,1
D:\\zainab\\forgery-detector\\data\\ela_cache\2348_0.png,0
D:\\zainab\\forgery-detector\\data\\ela_cache\2349_0.png,0
D:\\zainab\\forgery-detector\\data\\ela_cache\2350_0.png,0
D:\\zainab\\forgery-detector\\data\\ela_cache\2351_0.png,0
D:\\zainab\\forgery-detector\\data\\ela_cache\2352_0.png,0
D:\\zainab\\forgery-detector\\data\\ela_cache\2353_1.png,1
D:\\zainab\\forgery-detector\\data\\ela_cache\2354_0.png,0
D:\\zainab\\forgery-detector\\data\\ela_cache\2355_1.png,1
D:\\zainab\\forgery-detector\\data\\ela_cache\2356_0.png,0
D:\\zainab\\forgery-detector\\data\\ela_cache\2357_1.png,1
D:\\zainab\\forgery-detector\\data\\ela_cache\2358_0.png,0
D:\\zainab\\forgery-detector\\data\\ela_cache\2359_1.png,1
D:\\zainab\\forgery-detector\\data\\ela_cache\2360_1.png,1
D:\\zainab\\forgery-detector\\data\\ela_cache\2361_0.png,0
D:\\zainab\\forgery-detector\\data\\ela_cache\2362_0.png,0
D:\\zainab\\forgery-detector\\data\\ela_cache\2363_0.png,0
D:\\zainab\\forgery-detector\\data\\ela_cache\2364_1.png,1
D:\\zainab\\forgery-detector\\data\\ela_cache\2365_1.png,1
D:\\zainab\\forgery-detector\\data\\ela_cache\2366_1.png,1
D:\\zainab\\forgery-detector\\data\\ela_cache\2367_1.png,1
D:\\zainab\\forgery-detector\\data\\ela_cache\2368_1.png,1
D:\\zainab\\forgery-detector\\data\\ela_cache\2369_0.png,0
D:\\zainab\\forgery-detector\\data\\ela_cache\2370_0.png,0
D:\\zainab\\forgery-detector\\data\\ela_cache\2371_0.png,0
D:\\zainab\\forgery-detector\\data\\ela_cache\2372_0.png,0
D:\\zainab\\forgery-detector\\data\\ela_cache\2373_1.png,1
D:\\zainab\\forgery-detector\\data\\ela_cache\2374_1.png,1
D:\\zainab\\forgery-detector\\data\\ela_cache\2375_0.png,0
D:\\zainab\\forgery-detector\\data\\ela_cache\2376_0.png,0
D:\\zainab\\forgery-detector\\data\\ela_cache\2377_0.png,0
D:\\zainab\\forgery-detector\\data\\ela_cache\2378_1.png,1
D:\\zainab\\forgery-detector\\data\\ela_cache\2379_1.png,1
D:\\zainab\\forgery-detector\\data\\ela_cache\2380_0.png,0
D:\\zainab\\forgery-detector\\data\\ela_cache\2381_0.png,0
D:\\zainab\\forgery-detector\\data\\ela_cache\2382_0.png,0
D:\\zainab\\forgery-detector\\data\\ela_cache\2383_0.png,0
D:\\zainab\\forgery-detector\\data\\ela_cache\2384_0.png,0
D:\\zainab\\forgery-detector\\data\\ela_cache\2385_0.png,0
D:\\zainab\\forgery-detector\\data\\ela_cache\2386_0.png,0
D:\\zainab\\forgery-detector\\data\\ela_cache\2387_0.png,0
D:\\zainab\\forgery-detector\\data\\ela_cache\2388_0.png,0
D:\\zainab\\forgery-detector\\data\\ela_cache\2389_1.png,1
D:\\zainab\\forgery-detector\\data\\ela_cache\2390_1.png,1
D:\\zainab\\forgery-detector\\data\\ela_cache\2391_0.png,0
D:\\zainab\\forgery-detector\\data\\ela_cache\2392_0.png,0
D:\\zainab\\forgery-detector\\data\\ela_cache\2393_0.png,0
D:\\zainab\\forgery-detector\\data\\ela_cache\2394_0.png,0
D:\\zainab\\forgery-detector\\data\\ela_cache\2395_0.png,0
D:\\zainab\\forgery-detector\\data\\ela_cache\2396_0.png,0
D:\\zainab\\forgery-detector\\data\\ela_cache\2397_0.png,0
D:\\zainab\\forgery-detector\\data\\ela_cache\2398_0.png,0
D:\\zainab\\forgery-detector\\data\\ela_cache\2399_1.png,1
D:\\zainab\\forgery-detector\\data\\ela_cache\2400_0.png,0
D:\\zainab\\forgery-detector\\data\\ela_cache\2401_0.png,0
D:\\zainab\\forgery-detector\\data\\ela_cache\2402_0.png,0
D:\\zainab\\forgery-detector\\data\\ela_cache\2403_0.png,0
D:\\zainab\\forgery-detector\\data\\ela_cache\2404_1.png,1
D:\\zainab\\forgery-detector\\data\\ela_cache\2405_0.png,0
D:\\zainab\\forgery-detector\\data\\ela_cache\2406_1.png,1
D:\\zainab\\forgery-detector\\data\\ela_cache\2407_0.png,0
D:\\zainab\\forgery-detector\\data\\ela_cache\2408_0.png,0
D:\\zainab\\forgery-detector\\data\\ela_cache\2409_1.png,1
D:\\zainab\\forgery-detector\\data\\ela_cache\2410_0.png,0
D:\\zainab\\forgery-detector\\data\\ela_cache\2411_0.png,0
D:\\zainab\\forgery-detector\\data\\ela_cache\2412_0.png,0
D:\\zainab\\forgery-detector\\data\\ela_cache\2413_0.png,0
D:\\zainab\\forgery-detector\\data\\ela_cache\2414_0.png,0
D:\\zainab\\forgery-detector\\data\\ela_cache\2415_0.png,0
D:\\zainab\\forgery-detector\\data\\ela_cache\2416_0.png,0
D:\\zainab\\forgery-detector\\data\\ela_cache\2417_0.png,0
D:\\zainab\\forgery-detector\\data\\ela_cache\2418_1.png,1
D:\\zainab\\forgery-detector\\data\\ela_cache\2419_0.png,0
D:\\zainab\\forgery-detector\\data\\ela_cache\2420_1.png,1
D:\\zainab\\forgery-detector\\data\\ela_cache\2421_0.png,0
D:\\zainab\\forgery-detector\\data\\ela_cache\2422_0.png,0
D:\\zainab\\forgery-detector\\data\\ela_cache\2423_0.png,0
D:\\zainab\\forgery-detector\\data\\ela_cache\2424_1.png,1
D:\\zainab\\forgery-detector\\data\\ela_cache\2425_0.png,0
D:\\zainab\\forgery-detector\\data\\ela_cache\2426_0.png,0
D:\\zainab\\forgery-detector\\data\\ela_cache\2427_1.png,1
D:\\zainab\\forgery-detector\\data\\ela_cache\2428_0.png,0
D:\\zainab\\forgery-detector\\data\\ela_cache\2429_0.png,0
D:\\zainab\\forgery-detector\\data\\ela_cache\2430_0.png,0
D:\\zainab\\forgery-detector\\data\\ela_cache\2431_1.png,1
D:\\zainab\\forgery-detector\\data\\ela_cache\2432_1.png,1
D:\\zainab\\forgery-detector\\data\\ela_cache\2433_0.png,0
D:\\zainab\\forgery-detector\\data\\ela_cache\2434_0.png,0
D:\\zainab\\forgery-detector\\data\\ela_cache\2435_0.png,0
D:\\zainab\\forgery-detector\\data\\ela_cache\2436_1.png,1
D:\\zainab\\forgery-detector\\data\\ela_cache\2437_0.png,0
D:\\zainab\\forgery-detector\\data\\ela_cache\2438_1.png,1
D:\\zainab\\forgery-detector\\data\\ela_cache\2439_0.png,0
D:\\zainab\\forgery-detector\\data\\ela_cache\2440_0.png,0
D:\\zainab\\forgery-detector\\data\\ela_cache\2441_0.png,0
D:\\zainab\\forgery-detector\\data\\ela_cache\2442_1.png,1
D:\\zainab\\forgery-detector\\data\\ela_cache\2443_0.png,0
D:\\zainab\\forgery-detector\\data\\ela_cache\2444_1.png,1
D:\\zainab\\forgery-detector\\data\\ela_cache\2445_1.png,1
D:\\zainab\\forgery-detector\\data\\ela_cache\2446_0.png,0
D:\\zainab\\forgery-detector\\data\\ela_cache\2447_0.png,0
D:\\zainab\\forgery-detector\\data\\ela_cache\2448_0.png,0
D:\\zainab\\forgery-detector\\data\\ela_cache\2449_1.png,1
D:\\zainab\\forgery-detector\\data\\ela_cache\2450_1.png,1
D:\\zainab\\forgery-detector\\data\\ela_cache\2451_0.png,0
D:\\zainab\\forgery-detector\\data\\ela_cache\2452_1.png,1
D:\\zainab\\forgery-detector\\data\\ela_cache\2453_0.png,0
D:\\zainab\\forgery-detector\\data\\ela_cache\2454_0.png,0
D:\\zainab\\forgery-detector\\data\\ela_cache\2455_0.png,0
D:\\zainab\\forgery-detector\\data\\ela_cache\2456_0.png,0
D:\\zainab\\forgery-detector\\data\\ela_cache\2457_0.png,0
D:\\zainab\\forgery-detector\\data\\ela_cache\2458_0.png,0
D:\\zainab\\forgery-detector\\data\\ela_cache\2459_1.png,1
D:\\zainab\\forgery-detector\\data\\ela_cache\2460_1.png,1
D:\\zainab\\forgery-detector\\data\\ela_cache\2461_1.png,1
D:\\zainab\\forgery-detector\\data\\ela_cache\2462_0.png,0
D:\\zainab\\forgery-detector\\data\\ela_cache\2463_1.png,1
D:\\zainab\\forgery-detector\\data\\ela_cache\2464_0.png,0
D:\\zainab\\forgery-detector\\data\\ela_cache\2465_0.png,0
D:\\zainab\\forgery-detector\\data\\ela_cache\2466_1.png,1
D:\\zainab\\forgery-detector\\data\\ela_cache\2467_0.png,0
D:\\zainab\\forgery-detector\\data\\ela_cache\2468_0.png,0
D:\\zainab\\forgery-detector\\data\\ela_cache\2469_0.png,0
D:\\zainab\\forgery-detector\\data\\ela_cache\2470_1.png,1
D:\\zainab\\forgery-detector\\data\\ela_cache\2471_0.png,0
D:\\zainab\\forgery-detector\\data\\ela_cache\2472_0.png,0
D:\\zainab\\forgery-detector\\data\\ela_cache\2473_0.png,0
D:\\zainab\\forgery-detector\\data\\ela_cache\2474_0.png,0
D:\\zainab\\forgery-detector\\data\\ela_cache\2475_0.png,0
D:\\zainab\\forgery-detector\\data\\ela_cache\2476_0.png,0
D:\\zainab\\forgery-detector\\data\\ela_cache\2477_0.png,0
D:\\zainab\\forgery-detector\\data\\ela_cache\2478_1.png,1
D:\\zainab\\forgery-detector\\data\\ela_cache\2479_1.png,1
D:\\zainab\\forgery-detector\\data\\ela_cache\2480_1.png,1
D:\\zainab\\forgery-detector\\data\\ela_cache\2481_0.png,0
D:\\zainab\\forgery-detector\\data\\ela_cache\2482_0.png,0
D:\\zainab\\forgery-detector\\data\\ela_cache\2483_0.png,0
D:\\zainab\\forgery-detector\\data\\ela_cache\2484_0.png,0
D:\\zainab\\forgery-detector\\data\\ela_cache\2485_1.png,1
D:\\zainab\\forgery-detector\\data\\ela_cache\2486_0.png,0
D:\\zainab\\forgery-detector\\data\\ela_cache\2487_0.png,0
D:\\zainab\\forgery-detector\\data\\ela_cache\2488_0.png,0
D:\\zainab\\forgery-detector\\data\\ela_cache\2489_0.png,0
D:\\zainab\\forgery-detector\\data\\ela_cache\2490_0.png,0
D:\\zainab\\forgery-detector\\data\\ela_cache\2491_1.png,1
D:\\zainab\\forgery-detector\\data\\ela_cache\2492_0.png,0
D:\\zainab\\forgery-detector\\data\\ela_cache\2493_0.png,0
D:\\zainab\\forgery-detector\\data\\ela_cache\2494_0.png,0
D:\\zainab\\forgery-detector\\data\\ela_cache\2495_1.png,1
D:\\zainab\\forgery-detector\\data\\ela_cache\2496_0.png,0
D:\\zainab\\forgery-detector\\data\\ela_cache\2497_1.png,1
D:\\zainab\\forgery-detector\\data\\ela_cache\2498_1.png,1
D:\\zainab\\forgery-detector\\data\\ela_cache\2499_0.png,0
D:\\zainab\\forgery-detector\\data\\ela_cache\2500_0.png,0
D:\\zainab\\forgery-detector\\data\\ela_cache\2501_1.png,1
D:\\zainab\\forgery-detector\\data\\ela_cache\2502_0.png,0
D:\\zainab\\forgery-detector\\data\\ela_cache\2503_0.png,0
D:\\zainab\\forgery-detector\\data\\ela_cache\2504_1.png,1
D:\\zainab\\forgery-detector\\data\\ela_cache\2505_0.png,0
D:\\zainab\\forgery-detector\\data\\ela_cache\2506_1.png,1
D:\\zainab\\forgery-detector\\data\\ela_cache\2507_0.png,0
D:\\zainab\\forgery-detector\\data\\ela_cache\2508_0.png,0
D:\\zainab\\forgery-detector\\data\\ela_cache\2509_0.png,0
D:\\zainab\\forgery-detector\\data\\ela_cache\2510_0.png,0
D:\\zainab\\forgery-detector\\data\\ela_cache\2511_1.png,1
D:\\zainab\\forgery-detector\\data\\ela_cache\2512_1.png,1
D:\\zainab\\forgery-detector\\data\\ela_cache\2513_1.png,1
D:\\zainab\\forgery-detector\\data\\ela_cache\2514_0.png,0
D:\\zainab\\forgery-detector\\data\\ela_cache\2515_1.png,1
D:\\zainab\\forgery-detector\\data\\ela_cache\2516_1.png,1
D:\\zainab\\forgery-detector\\data\\ela_cache\2517_0.png,0
D:\\zainab\\forgery-detector\\data\\ela_cache\2518_1.png,1
D:\\zainab\\forgery-detector\\data\\ela_cache\2519_0.png,0
D:\\zainab\\forgery-detector\\data\\ela_cache\2520_0.png,0
D:\\zainab\\forgery-detector\\data\\ela_cache\2521_1.png,1
D:\\zainab\\forgery-detector\\data\\ela_cache\2522_0.png,0
D:\\zainab\\forgery-detector\\data\\ela_cache\2523_1.png,1
D:\\zainab\\forgery-detector\\data\\ela_cache\2524_0.png,0
D:\\zainab\\forgery-detector\\data\\ela_cache\2525_1.png,1
D:\\zainab\\forgery-detector\\data\\ela_cache\2526_1.png,1
D:\\zainab\\forgery-detector\\data\\ela_cache\2527_0.png,0
D:\\zainab\\forgery-detector\\data\\ela_cache\2528_0.png,0
D:\\zainab\\forgery-detector\\data\\ela_cache\2529_1.png,1
D:\\zainab\\forgery-detector\\data\\ela_cache\2530_0.png,0
D:\\zainab\\forgery-detector\\data\\ela_cache\2531_0.png,0
D:\\zainab\\forgery-detector\\data\\ela_cache\2532_0.png,0
D:\\zainab\\forgery-detector\\data\\ela_cache\2533_0.png,0
D:\\zainab\\forgery-detector\\data\\ela_cache\2534_1.png,1
D:\\zainab\\forgery-detector\\data\\ela_cache\2535_1.png,1
D:\\zainab\\forgery-detector\\data\\ela_cache\2536_0.png,0
D:\\zainab\\forgery-detector\\data\\ela_cache\2537_1.png,1
D:\\zainab\\forgery-detector\\data\\ela_cache\2538_1.png,1
D:\\zainab\\forgery-detector\\data\\ela_cache\2539_1.png,1
D:\\zainab\\forgery-detector\\data\\ela_cache\2540_1.png,1
D:\\zainab\\forgery-detector\\data\\ela_cache\2541_0.png,0
D:\\zainab\\forgery-detector\\data\\ela_cache\2542_0.png,0
D:\\zainab\\forgery-detector\\data\\ela_cache\2543_0.png,0
D:\\zainab\\forgery-detector\\data\\ela_cache\2544_0.png,0
D:\\zainab\\forgery-detector\\data\\ela_cache\2545_0.png,0
D:\\zainab\\forgery-detector\\data\\ela_cache\2546_1.png,1
D:\\zainab\\forgery-detector\\data\\ela_cache\2547_0.png,0
D:\\zainab\\forgery-detector\\data\\ela_cache\2548_0.png,0
D:\\zainab\\forgery-detector\\data\\ela_cache\2549_0.png,0
D:\\zainab\\forgery-detector\\data\\ela_cache\2550_1.png,1
D:\\zainab\\forgery-detector\\data\\ela_cache\2551_0.png,0
D:\\zainab\\forgery-detector\\data\\ela_cache\2552_0.png,0
D:\\zainab\\forgery-detector\\data\\ela_cache\2553_1.png,1
D:\\zainab\\forgery-detector\\data\\ela_cache\2554_1.png,1
D:\\zainab\\forgery-detector\\data\\ela_cache\2555_1.png,1
D:\\zainab\\forgery-detector\\data\\ela_cache\2556_1.png,1
D:\\zainab\\forgery-detector\\data\\ela_cache\2557_0.png,0
D:\\zainab\\forgery-detector\\data\\ela_cache\2558_0.png,0
D:\\zainab\\forgery-detector\\data\\ela_cache\2559_0.png,0
D:\\zainab\\forgery-detector\\data\\ela_cache\2560_0.png,0
D:\\zainab\\forgery-detector\\data\\ela_cache\2561_0.png,0
D:\\zainab\\forgery-detector\\data\\ela_cache\2562_1.png,1
D:\\zainab\\forgery-detector\\data\\ela_cache\2563_1.png,1
D:\\zainab\\forgery-detector\\data\\ela_cache\2564_0.png,0
D:\\zainab\\forgery-detector\\data\\ela_cache\2565_1.png,1
D:\\zainab\\forgery-detector\\data\\ela_cache\2566_1.png,1
D:\\zainab\\forgery-detector\\data\\ela_cache\2567_0.png,0
D:\\zainab\\forgery-detector\\data\\ela_cache\2568_0.png,0
D:\\zainab\\forgery-detector\\data\\ela_cache\2569_0.png,0
D:\\zainab\\forgery-detector\\data\\ela_cache\2570_1.png,1
D:\\zainab\\forgery-detector\\data\\ela_cache\2571_1.png,1
D:\\zainab\\forgery-detector\\data\\ela_cache\2572_1.png,1
D:\\zainab\\forgery-detector\\data\\ela_cache\2573_0.png,0
D:\\zainab\\forgery-detector\\data\\ela_cache\2574_0.png,0
D:\\zainab\\forgery-detector\\data\\ela_cache\2575_0.png,0
D:\\zainab\\forgery-detector\\data\\ela_cache\2576_1.png,1
D:\\zainab\\forgery-detector\\data\\ela_cache\2577_1.png,1
D:\\zainab\\forgery-detector\\data\\ela_cache\2578_1.png,1
D:\\zainab\\forgery-detector\\data\\ela_cache\2579_1.png,1
D:\\zainab\\forgery-detector\\data\\ela_cache\2580_1.png,1
D:\\zainab\\forgery-detector\\data\\ela_cache\2581_0.png,0
D:\\zainab\\forgery-detector\\data\\ela_cache\2582_0.png,0
D:\\zainab\\forgery-detector\\data\\ela_cache\2583_0.png,0
D:\\zainab\\forgery-detector\\data\\ela_cache\2584_0.png,0
D:\\zainab\\forgery-detector\\data\\ela_cache\2585_1.png,1
D:\\zainab\\forgery-detector\\data\\ela_cache\2586_0.png,0
D:\\zainab\\forgery-detector\\data\\ela_cache\2587_1.png,1
D:\\zainab\\forgery-detector\\data\\ela_cache\2588_0.png,0
D:\\zainab\\forgery-detector\\data\\ela_cache\2589_1.png,1
D:\\zainab\\forgery-detector\\data\\ela_cache\2590_0.png,0
D:\\zainab\\forgery-detector\\data\\ela_cache\2591_0.png,0
D:\\zainab\\forgery-detector\\data\\ela_cache\2592_1.png,1
D:\\zainab\\forgery-detector\\data\\ela_cache\2593_0.png,0
D:\\zainab\\forgery-detector\\data\\ela_cache\2594_0.png,0
D:\\zainab\\forgery-detector\\data\\ela_cache\2595_0.png,0
D:\\zainab\\forgery-detector\\data\\ela_cache\2596_0.png,0
D:\\zainab\\forgery-detector\\data\\ela_cache\2597_1.png,1
D:\\zainab\\forgery-detector\\data\\ela_cache\2598_1.png,1
D:\\zainab\\forgery-detector\\data\\ela_cache\2599_0.png,0
D:\\zainab\\forgery-detector\\data\\ela_cache\2600_1.png,1
D:\\zainab\\forgery-detector\\data\\ela_cache\2601_0.png,0
D:\\zainab\\forgery-detector\\data\\ela_cache\2602_0.png,0
D:\\zainab\\forgery-detector\\data\\ela_cache\2603_0.png,0
D:\\zainab\\forgery-detector\\data\\ela_cache\2604_0.png,0
D:\\zainab\\forgery-detector\\data\\ela_cache\2605_0.png,0
D:\\zainab\\forgery-detector\\data\\ela_cache\2606_0.png,0
D:\\zainab\\forgery-detector\\data\\ela_cache\2607_1.png,1
D:\\zainab\\forgery-detector\\data\\ela_cache\2608_0.png,0
D:\\zainab\\forgery-detector\\data\\ela_cache\2609_1.png,1
D:\\zainab\\forgery-detector\\data\\ela_cache\2610_0.png,0
D:\\zainab\\forgery-detector\\data\\ela_cache\2611_0.png,0
D:\\zainab\\forgery-detector\\data\\ela_cache\2612_0.png,0
D:\\zainab\\forgery-detector\\data\\ela_cache\2613_0.png,0
D:\\zainab\\forgery-detector\\data\\ela_cache\2614_0.png,0
D:\\zainab\\forgery-detector\\data\\ela_cache\2615_0.png,0
D:\\zainab\\forgery-detector\\data\\ela_cache\2616_1.png,1
D:\\zainab\\forgery-detector\\data\\ela_cache\2617_1.png,1
D:\\zainab\\forgery-detector\\data\\ela_cache\2618_1.png,1
D:\\zainab\\forgery-detector\\data\\ela_cache\2619_1.png,1
D:\\zainab\\forgery-detector\\data\\ela_cache\2620_1.png,1
D:\\zainab\\forgery-detector\\data\\ela_cache\2621_0.png,0
D:\\zainab\\forgery-detector\\data\\ela_cache\2622_1.png,1
D:\\zainab\\forgery-detector\\data\\ela_cache\2623_0.png,0
D:\\zainab\\forgery-detector\\data\\ela_cache\2624_0.png,0
D:\\zainab\\forgery-detector\\data\\ela_cache\2625_1.png,1
D:\\zainab\\forgery-detector\\data\\ela_cache\2626_0.png,0
D:\\zainab\\forgery-detector\\data\\ela_cache\2627_0.png,0
D:\\zainab\\forgery-detector\\data\\ela_cache\2628_1.png,1
D:\\zainab\\forgery-detector\\data\\ela_cache\2629_0.png,0
D:\\zainab\\forgery-detector\\data\\ela_cache\2630_0.png,0
D:\\zainab\\forgery-detector\\data\\ela_cache\2631_0.png,0
D:\\zainab\\forgery-detector\\data\\ela_cache\2632_1.png,1
D:\\zainab\\forgery-detector\\data\\ela_cache\2633_1.png,1
D:\\zainab\\forgery-detector\\data\\ela_cache\2634_0.png,0
D:\\zainab\\forgery-detector\\data\\ela_cache\2635_1.png,1
D:\\zainab\\forgery-detector\\data\\ela_cache\2636_1.png,1
D:\\zainab\\forgery-detector\\data\\ela_cache\2637_1.png,1
D:\\zainab\\forgery-detector\\data\\ela_cache\2638_0.png,0
D:\\zainab\\forgery-detector\\data\\ela_cache\2639_0.png,0
D:\\zainab\\forgery-detector\\data\\ela_cache\2640_1.png,1
D:\\zainab\\forgery-detector\\data\\ela_cache\2641_0.png,0
D:\\zainab\\forgery-detector\\data\\ela_cache\2642_1.png,1
D:\\zainab\\forgery-detector\\data\\ela_cache\2643_0.png,0
D:\\zainab\\forgery-detector\\data\\ela_cache\2644_1.png,1
D:\\zainab\\forgery-detector\\data\\ela_cache\2645_1.png,1
D:\\zainab\\forgery-detector\\data\\ela_cache\2646_0.png,0
D:\\zainab\\forgery-detector\\data\\ela_cache\2647_0.png,0
D:\\zainab\\forgery-detector\\data\\ela_cache\2648_1.png,1
D:\\zainab\\forgery-detector\\data\\ela_cache\2649_0.png,0
D:\\zainab\\forgery-detector\\data\\ela_cache\2650_0.png,0
D:\\zainab\\forgery-detector\\data\\ela_cache\2651_1.png,1
D:\\zainab\\forgery-detector\\data\\ela_cache\2652_0.png,0
D:\\zainab\\forgery-detector\\data\\ela_cache\2653_1.png,1
D:\\zainab\\forgery-detector\\data\\ela_cache\2654_0.png,0
D:\\zainab\\forgery-detector\\data\\ela_cache\2655_0.png,0
D:\\zainab\\forgery-detector\\data\\ela_cache\2656_1.png,1
D:\\zainab\\forgery-detector\\data\\ela_cache\2657_1.png,1
D:\\zainab\\forgery-detector\\data\\ela_cache\2658_1.png,1
D:\\zainab\\forgery-detector\\data\\ela_cache\2659_1.png,1
D:\\zainab\\forgery-detector\\data\\ela_cache\2660_0.png,0
D:\\zainab\\forgery-detector\\data\\ela_cache\2661_0.png,0
D:\\zainab\\forgery-detector\\data\\ela_cache\2662_0.png,0
D:\\zainab\\forgery-detector\\data\\ela_cache\2663_1.png,1
D:\\zainab\\forgery-detector\\data\\ela_cache\2664_1.png,1
D:\\zainab\\forgery-detector\\data\\ela_cache\2665_1.png,1
D:\\zainab\\forgery-detector\\data\\ela_cache\2666_1.png,1
D:\\zainab\\forgery-detector\\data\\ela_cache\2667_1.png,1
D:\\zainab\\forgery-detector\\data\\ela_cache\2668_0.png,0
D:\\zainab\\forgery-detector\\data\\ela_cache\2669_0.png,0
D:\\zainab\\forgery-detector\\data\\ela_cache\2670_0.png,0
D:\\zainab\\forgery-detector\\data\\ela_cache\2671_0.png,0
D:\\zainab\\forgery-detector\\data\\ela_cache\2672_0.png,0
D:\\zainab\\forgery-detector\\data\\ela_cache\2673_0.png,0
D:\\zainab\\forgery-detector\\data\\ela_cache\2674_0.png,0
D:\\zainab\\forgery-detector\\data\\ela_cache\2675_1.png,1
D:\\zainab\\forgery-detector\\data\\ela_cache\2676_0.png,0
D:\\zainab\\forgery-detector\\data\\ela_cache\2677_1.png,1
D:\\zainab\\forgery-detector\\data\\ela_cache\2678_1.png,1
D:\\zainab\\forgery-detector\\data\\ela_cache\2679_0.png,0
D:\\zainab\\forgery-detector\\data\\ela_cache\2680_1.png,1
D:\\zainab\\forgery-detector\\data\\ela_cache\2681_0.png,0
D:\\zainab\\forgery-detector\\data\\ela_cache\2682_1.png,1
D:\\zainab\\forgery-detector\\data\\ela_cache\2683_0.png,0
D:\\zainab\\forgery-detector\\data\\ela_cache\2684_0.png,0
D:\\zainab\\forgery-detector\\data\\ela_cache\2685_1.png,1
D:\\zainab\\forgery-detector\\data\\ela_cache\2686_0.png,0
D:\\zainab\\forgery-detector\\data\\ela_cache\2687_1.png,1
D:\\zainab\\forgery-detector\\data\\ela_cache\2688_0.png,0
D:\\zainab\\forgery-detector\\data\\ela_cache\2689_1.png,1
D:\\zainab\\forgery-detector\\data\\ela_cache\2690_0.png,0
D:\\zainab\\forgery-detector\\data\\ela_cache\2691_1.png,1
D:\\zainab\\forgery-detector\\data\\ela_cache\2692_1.png,1
D:\\zainab\\forgery-detector\\data\\ela_cache\2693_0.png,0
D:\\zainab\\forgery-detector\\data\\ela_cache\2694_1.png,1
D:\\zainab\\forgery-detector\\data\\ela_cache\2695_1.png,1
D:\\zainab\\forgery-detector\\data\\ela_cache\2696_0.png,0
D:\\zainab\\forgery-detector\\data\\ela_cache\2697_1.png,1
D:\\zainab\\forgery-detector\\data\\ela_cache\2698_0.png,0
D:\\zainab\\forgery-detector\\data\\ela_cache\2699_1.png,1
D:\\zainab\\forgery-detector\\data\\ela_cache\2700_1.png,1
D:\\zainab\\forgery-detector\\data\\ela_cache\2701_1.png,1
D:\\zainab\\forgery-detector\\data\\ela_cache\2702_1.png,1
D:\\zainab\\forgery-detector\\data\\ela_cache\2703_0.png,0
D:\\zainab\\forgery-detector\\data\\ela_cache\2704_0.png,0
D:\\zainab\\forgery-detector\\data\\ela_cache\2705_0.png,0
D:\\zainab\\forgery-detector\\data\\ela_cache\2706_0.png,0
D:\\zainab\\forgery-detector\\data\\ela_cache\2707_0.png,0
D:\\zainab\\forgery-detector\\data\\ela_cache\2708_1.png,1
D:\\zainab\\forgery-detector\\data\\ela_cache\2709_1.png,1
D:\\zainab\\forgery-detector\\data\\ela_cache\2710_1.png,1
D:\\zainab\\forgery-detector\\data\\ela_cache\2711_0.png,0
D:\\zainab\\forgery-detector\\data\\ela_cache\2712_1.png,1
D:\\zainab\\forgery-detector\\data\\ela_cache\2713_1.png,1
D:\\zainab\\forgery-detector\\data\\ela_cache\2714_0.png,0
D:\\zainab\\forgery-detector\\data\\ela_cache\2715_0.png,0
D:\\zainab\\forgery-detector\\data\\ela_cache\2716_0.png,0
D:\\zainab\\forgery-detector\\data\\ela_cache\2717_1.png,1
D:\\zainab\\forgery-detector\\data\\ela_cache\2718_1.png,1
D:\\zainab\\forgery-detector\\data\\ela_cache\2719_0.png,0
D:\\zainab\\forgery-detector\\data\\ela_cache\2720_0.png,0
D:\\zainab\\forgery-detector\\data\\ela_cache\2721_1.png,1
D:\\zainab\\forgery-detector\\data\\ela_cache\2722_1.png,1
D:\\zainab\\forgery-detector\\data\\ela_cache\2723_1.png,1
D:\\zainab\\forgery-detector\\data\\ela_cache\2724_0.png,0
D:\\zainab\\forgery-detector\\data\\ela_cache\2725_0.png,0
D:\\zainab\\forgery-detector\\data\\ela_cache\2726_0.png,0
D:\\zainab\\forgery-detector\\data\\ela_cache\2727_0.png,0
D:\\zainab\\forgery-detector\\data\\ela_cache\2728_0.png,0
D:\\zainab\\forgery-detector\\data\\ela_cache\2729_1.png,1
D:\\zainab\\forgery-detector\\data\\ela_cache\2730_1.png,1
D:\\zainab\\forgery-detector\\data\\ela_cache\2731_0.png,0
D:\\zainab\\forgery-detector\\data\\ela_cache\2732_0.png,0
D:\\zainab\\forgery-detector\\data\\ela_cache\2733_0.png,0
D:\\zainab\\forgery-detector\\data\\ela_cache\2734_1.png,1
D:\\zainab\\forgery-detector\\data\\ela_cache\2735_1.png,1
D:\\zainab\\forgery-detector\\data\\ela_cache\2736_0.png,0
D:\\zainab\\forgery-detector\\data\\ela_cache\2737_1.png,1
D:\\zainab\\forgery-detector\\data\\ela_cache\2738_1.png,1
D:\\zainab\\forgery-detector\\data\\ela_cache\2739_1.png,1
D:\\zainab\\forgery-detector\\data\\ela_cache\2740_0.png,0
D:\\zainab\\forgery-detector\\data\\ela_cache\2741_1.png,1
D:\\zainab\\forgery-detector\\data\\ela_cache\2742_1.png,1
D:\\zainab\\forgery-detector\\data\\ela_cache\2743_0.png,0
D:\\zainab\\forgery-detector\\data\\ela_cache\2744_0.png,0
D:\\zainab\\forgery-detector\\data\\ela_cache\2745_1.png,1
D:\\zainab\\forgery-detector\\data\\ela_cache\2746_0.png,0
D:\\zainab\\forgery-detector\\data\\ela_cache\2747_0.png,0
D:\\zainab\\forgery-detector\\data\\ela_cache\2748_0.png,0
D:\\zainab\\forgery-detector\\data\\ela_cache\2749_0.png,0
D:\\zainab\\forgery-detector\\data\\ela_cache\2750_0.png,0
D:\\zainab\\forgery-detector\\data\\ela_cache\2751_0.png,0
D:\\zainab\\forgery-detector\\data\\ela_cache\2752_0.png,0
D:\\zainab\\forgery-detector\\data\\ela_cache\2753_0.png,0
D:\\zainab\\forgery-detector\\data\\ela_cache\2754_1.png,1
D:\\zainab\\forgery-detector\\data\\ela_cache\2755_1.png,1
D:\\zainab\\forgery-detector\\data\\ela_cache\2756_0.png,0
D:\\zainab\\forgery-detector\\data\\ela_cache\2757_1.png,1
D:\\zainab\\forgery-detector\\data\\ela_cache\2758_0.png,0
D:\\zainab\\forgery-detector\\data\\ela_cache\2759_0.png,0
D:\\zainab\\forgery-detector\\data\\ela_cache\2760_1.png,1
D:\\zainab\\forgery-detector\\data\\ela_cache\2761_1.png,1
D:\\zainab\\forgery-detector\\data\\ela_cache\2762_0.png,0
D:\\zainab\\forgery-detector\\data\\ela_cache\2763_1.png,1
D:\\zainab\\forgery-detector\\data\\ela_cache\2764_0.png,0
D:\\zainab\\forgery-detector\\data\\ela_cache\2765_1.png,1
D:\\zainab\\forgery-detector\\data\\ela_cache\2766_1.png,1
D:\\zainab\\forgery-detector\\data\\ela_cache\2767_1.png,1
D:\\zainab\\forgery-detector\\data\\ela_cache\2768_1.png,1
D:\\zainab\\forgery-detector\\data\\ela_cache\2769_0.png,0
D:\\zainab\\forgery-detector\\data\\ela_cache\2770_0.png,0
D:\\zainab\\forgery-detector\\data\\ela_cache\2771_0.png,0
D:\\zainab\\forgery-detector\\data\\ela_cache\2772_0.png,0
D:\\zainab\\forgery-detector\\data\\ela_cache\2773_1.png,1
D:\\zainab\\forgery-detector\\data\\ela_cache\2774_1.png,1
D:\\zainab\\forgery-detector\\data\\ela_cache\2775_0.png,0
D:\\zainab\\forgery-detector\\data\\ela_cache\2776_0.png,0
D:\\zainab\\forgery-detector\\data\\ela_cache\2777_1.png,1
D:\\zainab\\forgery-detector\\data\\ela_cache\2778_1.png,1
D:\\zainab\\forgery-detector\\data\\ela_cache\2779_1.png,1
D:\\zainab\\forgery-detector\\data\\ela_cache\2780_0.png,0
D:\\zainab\\forgery-detector\\data\\ela_cache\2781_0.png,0
D:\\zainab\\forgery-detector\\data\\ela_cache\2782_1.png,1
D:\\zainab\\forgery-detector\\data\\ela_cache\2783_1.png,1
D:\\zainab\\forgery-detector\\data\\ela_cache\2784_0.png,0
D:\\zainab\\forgery-detector\\data\\ela_cache\2785_1.png,1
D:\\zainab\\forgery-detector\\data\\ela_cache\2786_0.png,0
D:\\zainab\\forgery-detector\\data\\ela_cache\2787_1.png,1
D:\\zainab\\forgery-detector\\data\\ela_cache\2788_0.png,0
D:\\zainab\\forgery-detector\\data\\ela_cache\2789_0.png,0
D:\\zainab\\forgery-detector\\data\\ela_cache\2790_0.png,0
D:\\zainab\\forgery-detector\\data\\ela_cache\2791_1.png,1
D:\\zainab\\forgery-detector\\data\\ela_cache\2792_1.png,1
D:\\zainab\\forgery-detector\\data\\ela_cache\2793_1.png,1
D:\\zainab\\forgery-detector\\data\\ela_cache\2794_0.png,0
D:\\zainab\\forgery-detector\\data\\ela_cache\2795_0.png,0
D:\\zainab\\forgery-detector\\data\\ela_cache\2796_0.png,0
D:\\zainab\\forgery-detector\\data\\ela_cache\2797_1.png,1
D:\\zainab\\forgery-detector\\data\\ela_cache\2798_0.png,0
D:\\zainab\\forgery-detector\\data\\ela_cache\2799_0.png,0
D:\\zainab\\forgery-detector\\data\\ela_cache\2800_0.png,0
D:\\zainab\\forgery-detector\\data\\ela_cache\2801_0.png,0
D:\\zainab\\forgery-detector\\data\\ela_cache\2802_1.png,1
D:\\zainab\\forgery-detector\\data\\ela_cache\2803_0.png,0
D:\\zainab\\forgery-detector\\data\\ela_cache\2804_0.png,0
D:\\zainab\\forgery-detector\\data\\ela_cache\2805_0.png,0
D:\\zainab\\forgery-detector\\data\\ela_cache\2806_1.png,1
D:\\zainab\\forgery-detector\\data\\ela_cache\2807_0.png,0
D:\\zainab\\forgery-detector\\data\\ela_cache\2808_0.png,0
D:\\zainab\\forgery-detector\\data\\ela_cache\2809_0.png,0
D:\\zainab\\forgery-detector\\data\\ela_cache\2810_0.png,0
D:\\zainab\\forgery-detector\\data\\ela_cache\2811_1.png,1
D:\\zainab\\forgery-detector\\data\\ela_cache\2812_1.png,1
D:\\zainab\\forgery-detector\\data\\ela_cache\2813_0.png,0
D:\\zainab\\forgery-detector\\data\\ela_cache\2814_1.png,1
D:\\zainab\\forgery-detector\\data\\ela_cache\2815_1.png,1
D:\\zainab\\forgery-detector\\data\\ela_cache\2816_0.png,0
D:\\zainab\\forgery-detector\\data\\ela_cache\2817_0.png,0
D:\\zainab\\forgery-detector\\data\\ela_cache\2818_0.png,0
D:\\zainab\\forgery-detector\\data\\ela_cache\2819_0.png,0
D:\\zainab\\forgery-detector\\data\\ela_cache\2820_0.png,0
D:\\zainab\\forgery-detector\\data\\ela_cache\2821_0.png,0
D:\\zainab\\forgery-detector\\data\\ela_cache\2822_1.png,1
D:\\zainab\\forgery-detector\\data\\ela_cache\2823_0.png,0
D:\\zainab\\forgery-detector\\data\\ela_cache\2824_1.png,1
D:\\zainab\\forgery-detector\\data\\ela_cache\2825_1.png,1
D:\\zainab\\forgery-detector\\data\\ela_cache\2826_0.png,0
D:\\zainab\\forgery-detector\\data\\ela_cache\2827_0.png,0
D:\\zainab\\forgery-detector\\data\\ela_cache\2828_0.png,0
D:\\zainab\\forgery-detector\\data\\ela_cache\2829_1.png,1
D:\\zainab\\forgery-detector\\data\\ela_cache\2830_0.png,0
D:\\zainab\\forgery-detector\\data\\ela_cache\2831_0.png,0
D:\\zainab\\forgery-detector\\data\\ela_cache\2832_0.png,0
D:\\zainab\\forgery-detector\\data\\ela_cache\2833_1.png,1
D:\\zainab\\forgery-detector\\data\\ela_cache\2834_0.png,0
D:\\zainab\\forgery-detector\\data\\ela_cache\2835_1.png,1
D:\\zainab\\forgery-detector\\data\\ela_cache\2836_0.png,0
D:\\zainab\\forgery-detector\\data\\ela_cache\2837_0.png,0
D:\\zainab\\forgery-detector\\data\\ela_cache\2838_0.png,0
D:\\zainab\\forgery-detector\\data\\ela_cache\2839_0.png,0
D:\\zainab\\forgery-detector\\data\\ela_cache\2840_0.png,0
D:\\zainab\\forgery-detector\\data\\ela_cache\2841_0.png,0
D:\\zainab\\forgery-detector\\data\\ela_cache\2842_0.png,0
D:\\zainab\\forgery-detector\\data\\ela_cache\2843_1.png,1
D:\\zainab\\forgery-detector\\data\\ela_cache\2844_1.png,1
D:\\zainab\\forgery-detector\\data\\ela_cache\2845_1.png,1
D:\\zainab\\forgery-detector\\data\\ela_cache\2846_1.png,1
D:\\zainab\\forgery-detector\\data\\ela_cache\2847_0.png,0
D:\\zainab\\forgery-detector\\data\\ela_cache\2848_1.png,1
D:\\zainab\\forgery-detector\\data\\ela_cache\2849_0.png,0
D:\\zainab\\forgery-detector\\data\\ela_cache\2850_1.png,1
D:\\zainab\\forgery-detector\\data\\ela_cache\2851_0.png,0
D:\\zainab\\forgery-detector\\data\\ela_cache\2852_1.png,1
D:\\zainab\\forgery-detector\\data\\ela_cache\2853_0.png,0
D:\\zainab\\forgery-detector\\data\\ela_cache\2854_1.png,1
D:\\zainab\\forgery-detector\\data\\ela_cache\2855_0.png,0
D:\\zainab\\forgery-detector\\data\\ela_cache\2856_1.png,1
D:\\zainab\\forgery-detector\\data\\ela_cache\2857_1.png,1
D:\\zainab\\forgery-detector\\data\\ela_cache\2858_1.png,1
D:\\zainab\\forgery-detector\\data\\ela_cache\2859_1.png,1
D:\\zainab\\forgery-detector\\data\\ela_cache\2860_1.png,1
D:\\zainab\\forgery-detector\\data\\ela_cache\2861_0.png,0
D:\\zainab\\forgery-detector\\data\\ela_cache\2862_0.png,0
D:\\zainab\\forgery-detector\\data\\ela_cache\2863_1.png,1
D:\\zainab\\forgery-detector\\data\\ela_cache\2864_0.png,0
D:\\zainab\\forgery-detector\\data\\ela_cache\2865_0.png,0
D:\\zainab\\forgery-detector\\data\\ela_cache\2866_0.png,0
D:\\zainab\\forgery-detector\\data\\ela_cache\2867_0.png,0
D:\\zainab\\forgery-detector\\data\\ela_cache\2868_0.png,0
D:\\zainab\\forgery-detector\\data\\ela_cache\2869_0.png,0
D:\\zainab\\forgery-detector\\data\\ela_cache\2870_0.png,0
D:\\zainab\\forgery-detector\\data\\ela_cache\2871_1.png,1
D:\\zainab\\forgery-detector\\data\\ela_cache\2872_0.png,0
D:\\zainab\\forgery-detector\\data\\ela_cache\2873_1.png,1
D:\\zainab\\forgery-detector\\data\\ela_cache\2874_1.png,1
D:\\zainab\\forgery-detector\\data\\ela_cache\2875_0.png,0
D:\\zainab\\forgery-detector\\data\\ela_cache\2876_1.png,1
D:\\zainab\\forgery-detector\\data\\ela_cache\2877_1.png,1
D:\\zainab\\forgery-detector\\data\\ela_cache\2878_0.png,0
D:\\zainab\\forgery-detector\\data\\ela_cache\2879_0.png,0
D:\\zainab\\forgery-detector\\data\\ela_cache\2880_1.png,1
D:\\zainab\\forgery-detector\\data\\ela_cache\2881_1.png,1
D:\\zainab\\forgery-detector\\data\\ela_cache\2882_1.png,1
D:\\zainab\\forgery-detector\\data\\ela_cache\2883_0.png,0
D:\\zainab\\forgery-detector\\data\\ela_cache\2884_0.png,0
D:\\zainab\\forgery-detector\\data\\ela_cache\2885_0.png,0
D:\\zainab\\forgery-detector\\data\\ela_cache\2886_0.png,0
D:\\zainab\\forgery-detector\\data\\ela_cache\2887_1.png,1
D:\\zainab\\forgery-detector\\data\\ela_cache\2888_1.png,1
D:\\zainab\\forgery-detector\\data\\ela_cache\2889_0.png,0
D:\\zainab\\forgery-detector\\data\\ela_cache\2890_0.png,0
D:\\zainab\\forgery-detector\\data\\ela_cache\2891_0.png,0
D:\\zainab\\forgery-detector\\data\\ela_cache\2892_1.png,1
D:\\zainab\\forgery-detector\\data\\ela_cache\2893_1.png,1
D:\\zainab\\forgery-detector\\data\\ela_cache\2894_1.png,1
D:\\zainab\\forgery-detector\\data\\ela_cache\2895_1.png,1
D:\\zainab\\forgery-detector\\data\\ela_cache\2896_1.png,1
D:\\zainab\\forgery-detector\\data\\ela_cache\2897_1.png,1
D:\\zainab\\forgery-detector\\data\\ela_cache\2898_0.png,0
D:\\zainab\\forgery-detector\\data\\ela_cache\2899_0.png,0
D:\\zainab\\forgery-detector\\data\\ela_cache\2900_1.png,1
D:\\zainab\\forgery-detector\\data\\ela_cache\2901_1.png,1
D:\\zainab\\forgery-detector\\data\\ela_cache\2902_0.png,0
D:\\zainab\\forgery-detector\\data\\ela_cache\2903_1.png,1
D:\\zainab\\forgery-detector\\data\\ela_cache\2904_1.png,1
D:\\zainab\\forgery-detector\\data\\ela_cache\2905_0.png,0
D:\\zainab\\forgery-detector\\data\\ela_cache\2906_1.png,1
D:\\zainab\\forgery-detector\\data\\ela_cache\2907_0.png,0
D:\\zainab\\forgery-detector\\data\\ela_cache\2908_0.png,0
D:\\zainab\\forgery-detector\\data\\ela_cache\2909_1.png,1
D:\\zainab\\forgery-detector\\data\\ela_cache\2910_1.png,1
D:\\zainab\\forgery-detector\\data\\ela_cache\2911_1.png,1
D:\\zainab\\forgery-detector\\data\\ela_cache\2912_1.png,1
D:\\zainab\\forgery-detector\\data\\ela_cache\2913_0.png,0
D:\\zainab\\forgery-detector\\data\\ela_cache\2914_0.png,0
D:\\zainab\\forgery-detector\\data\\ela_cache\2915_0.png,0
D:\\zainab\\forgery-detector\\data\\ela_cache\2916_0.png,0
D:\\zainab\\forgery-detector\\data\\ela_cache\2917_0.png,0
D:\\zainab\\forgery-detector\\data\\ela_cache\2918_0.png,0
D:\\zainab\\forgery-detector\\data\\ela_cache\2919_0.png,0
D:\\zainab\\forgery-detector\\data\\ela_cache\2920_0.png,0
D:\\zainab\\forgery-detector\\data\\ela_cache\2921_1.png,1
D:\\zainab\\forgery-detector\\data\\ela_cache\2922_1.png,1
D:\\zainab\\forgery-detector\\data\\ela_cache\2923_0.png,0
D:\\zainab\\forgery-detector\\data\\ela_cache\2924_1.png,1
D:\\zainab\\forgery-detector\\data\\ela_cache\2925_1.png,1
D:\\zainab\\forgery-detector\\data\\ela_cache\2926_0.png,0
D:\\zainab\\forgery-detector\\data\\ela_cache\2927_0.png,0
D:\\zainab\\forgery-detector\\data\\ela_cache\2928_1.png,1
D:\\zainab\\forgery-detector\\data\\ela_cache\2929_0.png,0
D:\\zainab\\forgery-detector\\data\\ela_cache\2930_1.png,1
D:\\zainab\\forgery-detector\\data\\ela_cache\2931_1.png,1
D:\\zainab\\forgery-detector\\data\\ela_cache\2932_0.png,0
D:\\zainab\\forgery-detector\\data\\ela_cache\2933_0.png,0
D:\\zainab\\forgery-detector\\data\\ela_cache\2934_1.png,1
D:\\zainab\\forgery-detector\\data\\ela_cache\2935_0.png,0
D:\\zainab\\forgery-detector\\data\\ela_cache\2936_0.png,0
D:\\zainab\\forgery-detector\\data\\ela_cache\2937_0.png,0
D:\\zainab\\forgery-detector\\data\\ela_cache\2938_0.png,0
D:\\zainab\\forgery-detector\\data\\ela_cache\2939_0.png,0
D:\\zainab\\forgery-detector\\data\\ela_cache\2940_0.png,0
D:\\zainab\\forgery-detector\\data\\ela_cache\2941_1.png,1
D:\\zainab\\forgery-detector\\data\\ela_cache\2942_0.png,0
D:\\zainab\\forgery-detector\\data\\ela_cache\2943_0.png,0
D:\\zainab\\forgery-detector\\data\\ela_cache\2944_1.png,1
D:\\zainab\\forgery-detector\\data\\ela_cache\2945_0.png,0
D:\\zainab\\forgery-detector\\data\\ela_cache\2946_1.png,1
D:\\zainab\\forgery-detector\\data\\ela_cache\2947_1.png,1
D:\\zainab\\forgery-detector\\data\\ela_cache\2948_0.png,0
D:\\zainab\\forgery-detector\\data\\ela_cache\2949_0.png,0
D:\\zainab\\forgery-detector\\data\\ela_cache\2950_1.png,1
D:\\zainab\\forgery-detector\\data\\ela_cache\2951_0.png,0
D:\\zainab\\forgery-detector\\data\\ela_cache\2952_1.png,1
D:\\zainab\\forgery-detector\\data\\ela_cache\2953_0.png,0
D:\\zainab\\forgery-detector\\data\\ela_cache\2954_0.png,0
D:\\zainab\\forgery-detector\\data\\ela_cache\2955_0.png,0
D:\\zainab\\forgery-detector\\data\\ela_cache\2956_1.png,1
D:\\zainab\\forgery-detector\\data\\ela_cache\2957_0.png,0
D:\\zainab\\forgery-detector\\data\\ela_cache\2958_0.png,0
D:\\zainab\\forgery-detector\\data\\ela_cache\2959_0.png,0
D:\\zainab\\forgery-detector\\data\\ela_cache\2960_0.png,0
D:\\zainab\\forgery-detector\\data\\ela_cache\2961_1.png,1
D:\\zainab\\forgery-detector\\data\\ela_cache\2962_1.png,1
D:\\zainab\\forgery-detector\\data\\ela_cache\2963_1.png,1
D:\\zainab\\forgery-detector\\data\\ela_cache\2964_1.png,1
D:\\zainab\\forgery-detector\\data\\ela_cache\2965_0.png,0
D:\\zainab\\forgery-detector\\data\\ela_cache\2966_1.png,1
D:\\zainab\\forgery-detector\\data\\ela_cache\2967_0.png,0
D:\\zainab\\forgery-detector\\data\\ela_cache\2968_0.png,0
D:\\zainab\\forgery-detector\\data\\ela_cache\2969_1.png,1
D:\\zainab\\forgery-detector\\data\\ela_cache\2970_1.png,1
D:\\zainab\\forgery-detector\\data\\ela_cache\2971_1.png,1
D:\\zainab\\forgery-detector\\data\\ela_cache\2972_0.png,0
D:\\zainab\\forgery-detector\\data\\ela_cache\2973_1.png,1
D:\\zainab\\forgery-detector\\data\\ela_cache\2974_0.png,0
D:\\zainab\\forgery-detector\\data\\ela_cache\2975_1.png,1
D:\\zainab\\forgery-detector\\data\\ela_cache\2976_1.png,1
D:\\zainab\\forgery-detector\\data\\ela_cache\2977_0.png,0
D:\\zainab\\forgery-detector\\data\\ela_cache\2978_1.png,1
D:\\zainab\\forgery-detector\\data\\ela_cache\2979_0.png,0
D:\\zainab\\forgery-detector\\data\\ela_cache\2980_1.png,1
D:\\zainab\\forgery-detector\\data\\ela_cache\2981_1.png,1
D:\\zainab\\forgery-detector\\data\\ela_cache\2982_0.png,0
D:\\zainab\\forgery-detector\\data\\ela_cache\2983_0.png,0
D:\\zainab\\forgery-detector\\data\\ela_cache\2984_0.png,0
D:\\zainab\\forgery-detector\\data\\ela_cache\2985_0.png,0
D:\\zainab\\forgery-detector\\data\\ela_cache\2986_0.png,0
D:\\zainab\\forgery-detector\\data\\ela_cache\2987_1.png,1
D:\\zainab\\forgery-detector\\data\\ela_cache\2988_0.png,0
D:\\zainab\\forgery-detector\\data\\ela_cache\2989_0.png,0
D:\\zainab\\forgery-detector\\data\\ela_cache\2990_0.png,0
D:\\zainab\\forgery-detector\\data\\ela_cache\2991_0.png,0
D:\\zainab\\forgery-detector\\data\\ela_cache\2992_1.png,1
D:\\zainab\\forgery-detector\\data\\ela_cache\2993_0.png,0
D:\\zainab\\forgery-detector\\data\\ela_cache\2994_0.png,0
D:\\zainab\\forgery-detector\\data\\ela_cache\2995_0.png,0
D:\\zainab\\forgery-detector\\data\\ela_cache\2996_1.png,1
D:\\zainab\\forgery-detector\\data\\ela_cache\2997_0.png,0
D:\\zainab\\forgery-detector\\data\\ela_cache\2998_1.png,1
D:\\zainab\\forgery-detector\\data\\ela_cache\2999_1.png,1
D:\\zainab\\forgery-detector\\data\\ela_cache\3000_0.png,0
D:\\zainab\\forgery-detector\\data\\ela_cache\3001_0.png,0
D:\\zainab\\forgery-detector\\data\\ela_cache\3002_1.png,1
D:\\zainab\\forgery-detector\\data\\ela_cache\3003_0.png,0
D:\\zainab\\forgery-detector\\data\\ela_cache\3004_0.png,0
D:\\zainab\\forgery-detector\\data\\ela_cache\3005_1.png,1
D:\\zainab\\forgery-detector\\data\\ela_cache\3006_0.png,0
D:\\zainab\\forgery-detector\\data\\ela_cache\3007_0.png,0
D:\\zainab\\forgery-detector\\data\\ela_cache\3008_0.png,0
D:\\zainab\\forgery-detector\\data\\ela_cache\3009_0.png,0
D:\\zainab\\forgery-detector\\data\\ela_cache\3010_0.png,0
D:\\zainab\\forgery-detector\\data\\ela_cache\3011_0.png,0
D:\\zainab\\forgery-detector\\data\\ela_cache\3012_1.png,1
D:\\zainab\\forgery-detector\\data\\ela_cache\3013_0.png,0
D:\\zainab\\forgery-detector\\data\\ela_cache\3014_1.png,1
D:\\zainab\\forgery-detector\\data\\ela_cache\3015_0.png,0
D:\\zainab\\forgery-detector\\data\\ela_cache\3016_1.png,1
D:\\zainab\\forgery-detector\\data\\ela_cache\3017_0.png,0
D:\\zainab\\forgery-detector\\data\\ela_cache\3018_0.png,0
D:\\zainab\\forgery-detector\\data\\ela_cache\3019_0.png,0
D:\\zainab\\forgery-detector\\data\\ela_cache\3020_0.png,0
D:\\zainab\\forgery-detector\\data\\ela_cache\3021_0.png,0
D:\\zainab\\forgery-detector\\data\\ela_cache\3022_0.png,0
D:\\zainab\\forgery-detector\\data\\ela_cache\3023_0.png,0
D:\\zainab\\forgery-detector\\data\\ela_cache\3024_0.png,0
D:\\zainab\\forgery-detector\\data\\ela_cache\3025_0.png,0
D:\\zainab\\forgery-detector\\data\\ela_cache\3026_0.png,0
D:\\zainab\\forgery-detector\\data\\ela_cache\3027_0.png,0
D:\\zainab\\forgery-detector\\data\\ela_cache\3028_0.png,0
D:\\zainab\\forgery-detector\\data\\ela_cache\3029_1.png,1
D:\\zainab\\forgery-detector\\data\\ela_cache\3030_0.png,0
D:\\zainab\\forgery-detector\\data\\ela_cache\3031_0.png,0
D:\\zainab\\forgery-detector\\data\\ela_cache\3032_0.png,0
D:\\zainab\\forgery-detector\\data\\ela_cache\3033_0.png,0
D:\\zainab\\forgery-detector\\data\\ela_cache\3034_1.png,1
D:\\zainab\\forgery-detector\\data\\ela_cache\3035_1.png,1
D:\\zainab\\forgery-detector\\data\\ela_cache\3036_0.png,0
D:\\zainab\\forgery-detector\\data\\ela_cache\3037_0.png,0
D:\\zainab\\forgery-detector\\data\\ela_cache\3038_1.png,1
D:\\zainab\\forgery-detector\\data\\ela_cache\3039_0.png,0
D:\\zainab\\forgery-detector\\data\\ela_cache\3040_0.png,0
D:\\zainab\\forgery-detector\\data\\ela_cache\3041_1.png,1
D:\\zainab\\forgery-detector\\data\\ela_cache\3042_1.png,1
D:\\zainab\\forgery-detector\\data\\ela_cache\3043_0.png,0
D:\\zainab\\forgery-detector\\data\\ela_cache\3044_0.png,0
D:\\zainab\\forgery-detector\\data\\ela_cache\3045_1.png,1
D:\\zainab\\forgery-detector\\data\\ela_cache\3046_1.png,1
D:\\zainab\\forgery-detector\\data\\ela_cache\3047_0.png,0
D:\\zainab\\forgery-detector\\data\\ela_cache\3048_0.png,0
D:\\zainab\\forgery-detector\\data\\ela_cache\3049_0.png,0
D:\\zainab\\forgery-detector\\data\\ela_cache\3050_0.png,0
D:\\zainab\\forgery-detector\\data\\ela_cache\3051_0.png,0
D:\\zainab\\forgery-detector\\data\\ela_cache\3052_0.png,0
D:\\zainab\\forgery-detector\\data\\ela_cache\3053_0.png,0
D:\\zainab\\forgery-detector\\data\\ela_cache\3054_1.png,1
D:\\zainab\\forgery-detector\\data\\ela_cache\3055_1.png,1
D:\\zainab\\forgery-detector\\data\\ela_cache\3056_0.png,0
D:\\zainab\\forgery-detector\\data\\ela_cache\3057_1.png,1
D:\\zainab\\forgery-detector\\data\\ela_cache\3058_0.png,0
D:\\zainab\\forgery-detector\\data\\ela_cache\3059_1.png,1
D:\\zainab\\forgery-detector\\data\\ela_cache\3060_0.png,0
D:\\zainab\\forgery-detector\\data\\ela_cache\3061_1.png,1
D:\\zainab\\forgery-detector\\data\\ela_cache\3062_1.png,1
D:\\zainab\\forgery-detector\\data\\ela_cache\3063_1.png,1
D:\\zainab\\forgery-detector\\data\\ela_cache\3064_0.png,0
D:\\zainab\\forgery-detector\\data\\ela_cache\3065_0.png,0
D:\\zainab\\forgery-detector\\data\\ela_cache\3066_0.png,0
D:\\zainab\\forgery-detector\\data\\ela_cache\3067_0.png,0
D:\\zainab\\forgery-detector\\data\\ela_cache\3068_1.png,1
D:\\zainab\\forgery-detector\\data\\ela_cache\3069_1.png,1
D:\\zainab\\forgery-detector\\data\\ela_cache\3070_0.png,0
D:\\zainab\\forgery-detector\\data\\ela_cache\3071_1.png,1
D:\\zainab\\forgery-detector\\data\\ela_cache\3072_0.png,0
D:\\zainab\\forgery-detector\\data\\ela_cache\3073_0.png,0
D:\\zainab\\forgery-detector\\data\\ela_cache\3074_1.png,1
D:\\zainab\\forgery-detector\\data\\ela_cache\3075_0.png,0
D:\\zainab\\forgery-detector\\data\\ela_cache\3076_1.png,1
D:\\zainab\\forgery-detector\\data\\ela_cache\3077_0.png,0
D:\\zainab\\forgery-detector\\data\\ela_cache\3078_1.png,1
D:\\zainab\\forgery-detector\\data\\ela_cache\3079_0.png,0
D:\\zainab\\forgery-detector\\data\\ela_cache\3080_0.png,0
D:\\zainab\\forgery-detector\\data\\ela_cache\3081_1.png,1
D:\\zainab\\forgery-detector\\data\\ela_cache\3082_0.png,0
D:\\zainab\\forgery-detector\\data\\ela_cache\3083_0.png,0
D:\\zainab\\forgery-detector\\data\\ela_cache\3084_1.png,1
D:\\zainab\\forgery-detector\\data\\ela_cache\3085_1.png,1
D:\\zainab\\forgery-detector\\data\\ela_cache\3086_0.png,0
D:\\zainab\\forgery-detector\\data\\ela_cache\3087_0.png,0
D:\\zainab\\forgery-detector\\data\\ela_cache\3088_1.png,1
D:\\zainab\\forgery-detector\\data\\ela_cache\3089_0.png,0
D:\\zainab\\forgery-detector\\data\\ela_cache\3090_0.png,0
D:\\zainab\\forgery-detector\\data\\ela_cache\3091_1.png,1
D:\\zainab\\forgery-detector\\data\\ela_cache\3092_0.png,0
D:\\zainab\\forgery-detector\\data\\ela_cache\3093_0.png,0
D:\\zainab\\forgery-detector\\data\\ela_cache\3094_0.png,0
D:\\zainab\\forgery-detector\\data\\ela_cache\3095_1.png,1
D:\\zainab\\forgery-detector\\data\\ela_cache\3096_1.png,1
D:\\zainab\\forgery-detector\\data\\ela_cache\3097_1.png,1
D:\\zainab\\forgery-detector\\data\\ela_cache\3098_0.png,0
D:\\zainab\\forgery-detector\\data\\ela_cache\3099_1.png,1
D:\\zainab\\forgery-detector\\data\\ela_cache\3100_0.png,0
D:\\zainab\\forgery-detector\\data\\ela_cache\3101_0.png,0
D:\\zainab\\forgery-detector\\data\\ela_cache\3102_1.png,1
D:\\zainab\\forgery-detector\\data\\ela_cache\3103_0.png,0
D:\\zainab\\forgery-detector\\data\\ela_cache\3104_1.png,1
D:\\zainab\\forgery-detector\\data\\ela_cache\3105_0.png,0
D:\\zainab\\forgery-detector\\data\\ela_cache\3106_0.png,0
D:\\zainab\\forgery-detector\\data\\ela_cache\3107_0.png,0
D:\\zainab\\forgery-detector\\data\\ela_cache\3108_0.png,0
D:\\zainab\\forgery-detector\\data\\ela_cache\3109_0.png,0
D:\\zainab\\forgery-detector\\data\\ela_cache\3110_1.png,1
D:\\zainab\\forgery-detector\\data\\ela_cache\3111_0.png,0
D:\\zainab\\forgery-detector\\data\\ela_cache\3112_0.png,0
D:\\zainab\\forgery-detector\\data\\ela_cache\3113_0.png,0
D:\\zainab\\forgery-detector\\data\\ela_cache\3114_0.png,0
D:\\zainab\\forgery-detector\\data\\ela_cache\3115_1.png,1
D:\\zainab\\forgery-detector\\data\\ela_cache\3116_0.png,0
D:\\zainab\\forgery-detector\\data\\ela_cache\3117_0.png,0
D:\\zainab\\forgery-detector\\data\\ela_cache\3118_0.png,0
D:\\zainab\\forgery-detector\\data\\ela_cache\3119_0.png,0
D:\\zainab\\forgery-detector\\data\\ela_cache\3120_0.png,0
D:\\zainab\\forgery-detector\\data\\ela_cache\3121_0.png,0
D:\\zainab\\forgery-detector\\data\\ela_cache\3122_0.png,0
D:\\zainab\\forgery-detector\\data\\ela_cache\3123_1.png,1
D:\\zainab\\forgery-detector\\data\\ela_cache\3124_0.png,0
D:\\zainab\\forgery-detector\\data\\ela_cache\3125_0.png,0
D:\\zainab\\forgery-detector\\data\\ela_cache\3126_0.png,0
D:\\zainab\\forgery-detector\\data\\ela_cache\3127_0.png,0
D:\\zainab\\forgery-detector\\data\\ela_cache\3128_0.png,0
D:\\zainab\\forgery-detector\\data\\ela_cache\3129_0.png,0
D:\\zainab\\forgery-detector\\data\\ela_cache\3130_0.png,0
D:\\zainab\\forgery-detector\\data\\ela_cache\3131_0.png,0
D:\\zainab\\forgery-detector\\data\\ela_cache\3132_1.png,1
D:\\zainab\\forgery-detector\\data\\ela_cache\3133_1.png,1
D:\\zainab\\forgery-detector\\data\\ela_cache\3134_0.png,0
D:\\zainab\\forgery-detector\\data\\ela_cache\3135_0.png,0
D:\\zainab\\forgery-detector\\data\\ela_cache\3136_1.png,1
D:\\zainab\\forgery-detector\\data\\ela_cache\3137_0.png,0
D:\\zainab\\forgery-detector\\data\\ela_cache\3138_0.png,0
D:\\zainab\\forgery-detector\\data\\ela_cache\3139_0.png,0
D:\\zainab\\forgery-detector\\data\\ela_cache\3140_0.png,0
D:\\zainab\\forgery-detector\\data\\ela_cache\3141_0.png,0
D:\\zainab\\forgery-detector\\data\\ela_cache\3142_0.png,0
D:\\zainab\\forgery-detector\\data\\ela_cache\3143_0.png,0
D:\\zainab\\forgery-detector\\data\\ela_cache\3144_0.png,0
D:\\zainab\\forgery-detector\\data\\ela_cache\3145_1.png,1
D:\\zainab\\forgery-detector\\data\\ela_cache\3146_0.png,0
D:\\zainab\\forgery-detector\\data\\ela_cache\3147_0.png,0
D:\\zainab\\forgery-detector\\data\\ela_cache\3148_1.png,1
D:\\zainab\\forgery-detector\\data\\ela_cache\3149_0.png,0
D:\\zainab\\forgery-detector\\data\\ela_cache\3150_0.png,0
D:\\zainab\\forgery-detector\\data\\ela_cache\3151_1.png,1
D:\\zainab\\forgery-detector\\data\\ela_cache\3152_0.png,0
D:\\zainab\\forgery-detector\\data\\ela_cache\3153_1.png,1
D:\\zainab\\forgery-detector\\data\\ela_cache\3154_1.png,1
D:\\zainab\\forgery-detector\\data\\ela_cache\3155_1.png,1
D:\\zainab\\forgery-detector\\data\\ela_cache\3156_1.png,1
D:\\zainab\\forgery-detector\\data\\ela_cache\3157_1.png,1
D:\\zainab\\forgery-detector\\data\\ela_cache\3158_1.png,1
D:\\zainab\\forgery-detector\\data\\ela_cache\3159_1.png,1
D:\\zainab\\forgery-detector\\data\\ela_cache\3160_0.png,0
D:\\zainab\\forgery-detector\\data\\ela_cache\3161_0.png,0
D:\\zainab\\forgery-detector\\data\\ela_cache\3162_0.png,0
D:\\zainab\\forgery-detector\\data\\ela_cache\3163_0.png,0
D:\\zainab\\forgery-detector\\data\\ela_cache\3164_1.png,1
D:\\zainab\\forgery-detector\\data\\ela_cache\3165_1.png,1
D:\\zainab\\forgery-detector\\data\\ela_cache\3166_0.png,0
D:\\zainab\\forgery-detector\\data\\ela_cache\3167_0.png,0
D:\\zainab\\forgery-detector\\data\\ela_cache\3168_0.png,0
D:\\zainab\\forgery-detector\\data\\ela_cache\3169_1.png,1
D:\\zainab\\forgery-detector\\data\\ela_cache\3170_1.png,1
D:\\zainab\\forgery-detector\\data\\ela_cache\3171_0.png,0
D:\\zainab\\forgery-detector\\data\\ela_cache\3172_0.png,0
D:\\zainab\\forgery-detector\\data\\ela_cache\3173_0.png,0
D:\\zainab\\forgery-detector\\data\\ela_cache\3174_0.png,0
D:\\zainab\\forgery-detector\\data\\ela_cache\3175_1.png,1
D:\\zainab\\forgery-detector\\data\\ela_cache\3176_0.png,0
D:\\zainab\\forgery-detector\\data\\ela_cache\3177_1.png,1
D:\\zainab\\forgery-detector\\data\\ela_cache\3178_0.png,0
D:\\zainab\\forgery-detector\\data\\ela_cache\3179_1.png,1
D:\\zainab\\forgery-detector\\data\\ela_cache\3180_1.png,1
D:\\zainab\\forgery-detector\\data\\ela_cache\3181_1.png,1
D:\\zainab\\forgery-detector\\data\\ela_cache\3182_0.png,0
D:\\zainab\\forgery-detector\\data\\ela_cache\3183_1.png,1
D:\\zainab\\forgery-detector\\data\\ela_cache\3184_1.png,1
D:\\zainab\\forgery-detector\\data\\ela_cache\3185_0.png,0
D:\\zainab\\forgery-detector\\data\\ela_cache\3186_1.png,1
D:\\zainab\\forgery-detector\\data\\ela_cache\3187_0.png,0
D:\\zainab\\forgery-detector\\data\\ela_cache\3188_1.png,1
D:\\zainab\\forgery-detector\\data\\ela_cache\3189_1.png,1
D:\\zainab\\forgery-detector\\data\\ela_cache\3190_1.png,1
D:\\zainab\\forgery-detector\\data\\ela_cache\3191_1.png,1
D:\\zainab\\forgery-detector\\data\\ela_cache\3192_0.png,0
D:\\zainab\\forgery-detector\\data\\ela_cache\3193_0.png,0
D:\\zainab\\forgery-detector\\data\\ela_cache\3194_0.png,0
D:\\zainab\\forgery-detector\\data\\ela_cache\3195_1.png,1
D:\\zainab\\forgery-detector\\data\\ela_cache\3196_1.png,1
D:\\zainab\\forgery-detector\\data\\ela_cache\3197_0.png,0
D:\\zainab\\forgery-detector\\data\\ela_cache\3198_0.png,0
D:\\zainab\\forgery-detector\\data\\ela_cache\3199_1.png,1
D:\\zainab\\forgery-detector\\data\\ela_cache\3200_1.png,1
D:\\zainab\\forgery-detector\\data\\ela_cache\3201_0.png,0
D:\\zainab\\forgery-detector\\data\\ela_cache\3202_0.png,0
D:\\zainab\\forgery-detector\\data\\ela_cache\3203_0.png,0
D:\\zainab\\forgery-detector\\data\\ela_cache\3204_0.png,0
D:\\zainab\\forgery-detector\\data\\ela_cache\3205_0.png,0
D:\\zainab\\forgery-detector\\data\\ela_cache\3206_1.png,1
D:\\zainab\\forgery-detector\\data\\ela_cache\3207_1.png,1
D:\\zainab\\forgery-detector\\data\\ela_cache\3208_0.png,0
D:\\zainab\\forgery-detector\\data\\ela_cache\3209_1.png,1
D:\\zainab\\forgery-detector\\data\\ela_cache\3210_0.png,0
D:\\zainab\\forgery-detector\\data\\ela_cache\3211_0.png,0
D:\\zainab\\forgery-detector\\data\\ela_cache\3212_1.png,1
D:\\zainab\\forgery-detector\\data\\ela_cache\3213_1.png,1
D:\\zainab\\forgery-detector\\data\\ela_cache\3214_1.png,1
D:\\zainab\\forgery-detector\\data\\ela_cache\3215_0.png,0
D:\\zainab\\forgery-detector\\data\\ela_cache\3216_0.png,0
D:\\zainab\\forgery-detector\\data\\ela_cache\3217_1.png,1
D:\\zainab\\forgery-detector\\data\\ela_cache\3218_1.png,1
D:\\zainab\\forgery-detector\\data\\ela_cache\3219_0.png,0
D:\\zainab\\forgery-detector\\data\\ela_cache\3220_1.png,1
D:\\zainab\\forgery-detector\\data\\ela_cache\3221_0.png,0
D:\\zainab\\forgery-detector\\data\\ela_cache\3222_0.png,0
D:\\zainab\\forgery-detector\\data\\ela_cache\3223_1.png,1
D:\\zainab\\forgery-detector\\data\\ela_cache\3224_1.png,1
D:\\zainab\\forgery-detector\\data\\ela_cache\3225_0.png,0
D:\\zainab\\forgery-detector\\data\\ela_cache\3226_0.png,0
D:\\zainab\\forgery-detector\\data\\ela_cache\3227_0.png,0
D:\\zainab\\forgery-detector\\data\\ela_cache\3228_0.png,0
D:\\zainab\\forgery-detector\\data\\ela_cache\3229_0.png,0
D:\\zainab\\forgery-detector\\data\\ela_cache\3230_1.png,1
D:\\zainab\\forgery-detector\\data\\ela_cache\3231_0.png,0
D:\\zainab\\forgery-detector\\data\\ela_cache\3232_0.png,0
D:\\zainab\\forgery-detector\\data\\ela_cache\3233_0.png,0
D:\\zainab\\forgery-detector\\data\\ela_cache\3234_0.png,0
D:\\zainab\\forgery-detector\\data\\ela_cache\3235_0.png,0
D:\\zainab\\forgery-detector\\data\\ela_cache\3236_1.png,1
D:\\zainab\\forgery-detector\\data\\ela_cache\3237_0.png,0
D:\\zainab\\forgery-detector\\data\\ela_cache\3238_1.png,1
D:\\zainab\\forgery-detector\\data\\ela_cache\3239_0.png,0
D:\\zainab\\forgery-detector\\data\\ela_cache\3240_0.png,0
D:\\zainab\\forgery-detector\\data\\ela_cache\3241_0.png,0
D:\\zainab\\forgery-detector\\data\\ela_cache\3242_1.png,1
D:\\zainab\\forgery-detector\\data\\ela_cache\3243_0.png,0
D:\\zainab\\forgery-detector\\data\\ela_cache\3244_1.png,1
D:\\zainab\\forgery-detector\\data\\ela_cache\3245_0.png,0
D:\\zainab\\forgery-detector\\data\\ela_cache\3246_0.png,0
D:\\zainab\\forgery-detector\\data\\ela_cache\3247_1.png,1
D:\\zainab\\forgery-detector\\data\\ela_cache\3248_0.png,0
D:\\zainab\\forgery-detector\\data\\ela_cache\3249_0.png,0
D:\\zainab\\forgery-detector\\data\\ela_cache\3250_0.png,0
D:\\zainab\\forgery-detector\\data\\ela_cache\3251_1.png,1
D:\\zainab\\forgery-detector\\data\\ela_cache\3252_1.png,1
D:\\zainab\\forgery-detector\\data\\ela_cache\3253_1.png,1
D:\\zainab\\forgery-detector\\data\\ela_cache\3254_0.png,0
D:\\zainab\\forgery-detector\\data\\ela_cache\3255_0.png,0
D:\\zainab\\forgery-detector\\data\\ela_cache\3256_0.png,0
D:\\zainab\\forgery-detector\\data\\ela_cache\3257_0.png,0
D:\\zainab\\forgery-detector\\data\\ela_cache\3258_0.png,0
D:\\zainab\\forgery-detector\\data\\ela_cache\3259_1.png,1
D:\\zainab\\forgery-detector\\data\\ela_cache\3260_0.png,0
D:\\zainab\\forgery-detector\\data\\ela_cache\3261_1.png,1
D:\\zainab\\forgery-detector\\data\\ela_cache\3262_1.png,1
D:\\zainab\\forgery-detector\\data\\ela_cache\3263_1.png,1
D:\\zainab\\forgery-detector\\data\\ela_cache\3264_1.png,1
D:\\zainab\\forgery-detector\\data\\ela_cache\3265_1.png,1
D:\\zainab\\forgery-detector\\data\\ela_cache\3266_1.png,1
D:\\zainab\\forgery-detector\\data\\ela_cache\3267_1.png,1
D:\\zainab\\forgery-detector\\data\\ela_cache\3268_0.png,0
D:\\zainab\\forgery-detector\\data\\ela_cache\3269_0.png,0
D:\\zainab\\forgery-detector\\data\\ela_cache\3270_0.png,0
D:\\zainab\\forgery-detector\\data\\ela_cache\3271_0.png,0
D:\\zainab\\forgery-detector\\data\\ela_cache\3272_0.png,0
D:\\zainab\\forgery-detector\\data\\ela_cache\3273_0.png,0
D:\\zainab\\forgery-detector\\data\\ela_cache\3274_1.png,1
D:\\zainab\\forgery-detector\\data\\ela_cache\3275_1.png,1
D:\\zainab\\forgery-detector\\data\\ela_cache\3276_1.png,1
D:\\zainab\\forgery-detector\\data\\ela_cache\3277_0.png,0
D:\\zainab\\forgery-detector\\data\\ela_cache\3278_0.png,0
D:\\zainab\\forgery-detector\\data\\ela_cache\3279_0.png,0
D:\\zainab\\forgery-detector\\data\\ela_cache\3280_1.png,1
D:\\zainab\\forgery-detector\\data\\ela_cache\3281_1.png,1
D:\\zainab\\forgery-detector\\data\\ela_cache\3282_0.png,0
D:\\zainab\\forgery-detector\\data\\ela_cache\3283_0.png,0
D:\\zainab\\forgery-detector\\data\\ela_cache\3284_0.png,0
D:\\zainab\\forgery-detector\\data\\ela_cache\3285_0.png,0
D:\\zainab\\forgery-detector\\data\\ela_cache\3286_0.png,0
D:\\zainab\\forgery-detector\\data\\ela_cache\3287_1.png,1
D:\\zainab\\forgery-detector\\data\\ela_cache\3288_1.png,1
D:\\zainab\\forgery-detector\\data\\ela_cache\3289_1.png,1
D:\\zainab\\forgery-detector\\data\\ela_cache\3290_1.png,1
D:\\zainab\\forgery-detector\\data\\ela_cache\3291_0.png,0
D:\\zainab\\forgery-detector\\data\\ela_cache\3292_1.png,1
D:\\zainab\\forgery-detector\\data\\ela_cache\3293_0.png,0
D:\\zainab\\forgery-detector\\data\\ela_cache\3294_1.png,1
D:\\zainab\\forgery-detector\\data\\ela_cache\3295_0.png,0
D:\\zainab\\forgery-detector\\data\\ela_cache\3296_0.png,0
D:\\zainab\\forgery-detector\\data\\ela_cache\3297_0.png,0
D:\\zainab\\forgery-detector\\data\\ela_cache\3298_1.png,1
D:\\zainab\\forgery-detector\\data\\ela_cache\3299_0.png,0
D:\\zainab\\forgery-detector\\data\\ela_cache\3300_0.png,0
D:\\zainab\\forgery-detector\\data\\ela_cache\3301_1.png,1
D:\\zainab\\forgery-detector\\data\\ela_cache\3302_1.png,1
D:\\zainab\\forgery-detector\\data\\ela_cache\3303_1.png,1
D:\\zainab\\forgery-detector\\data\\ela_cache\3304_0.png,0
D:\\zainab\\forgery-detector\\data\\ela_cache\3305_0.png,0
D:\\zainab\\forgery-detector\\data\\ela_cache\3306_0.png,0
D:\\zainab\\forgery-detector\\data\\ela_cache\3307_0.png,0
D:\\zainab\\forgery-detector\\data\\ela_cache\3308_0.png,0
D:\\zainab\\forgery-detector\\data\\ela_cache\3309_1.png,1
D:\\zainab\\forgery-detector\\data\\ela_cache\3310_1.png,1
D:\\zainab\\forgery-detector\\data\\ela_cache\3311_0.png,0
D:\\zainab\\forgery-detector\\data\\ela_cache\3312_0.png,0
D:\\zainab\\forgery-detector\\data\\ela_cache\3313_0.png,0
D:\\zainab\\forgery-detector\\data\\ela_cache\3314_0.png,0
D:\\zainab\\forgery-detector\\data\\ela_cache\3315_0.png,0
D:\\zainab\\forgery-detector\\data\\ela_cache\3316_0.png,0
D:\\zainab\\forgery-detector\\data\\ela_cache\3317_1.png,1
D:\\zainab\\forgery-detector\\data\\ela_cache\3318_1.png,1
D:\\zainab\\forgery-detector\\data\\ela_cache\3319_0.png,0
D:\\zainab\\forgery-detector\\data\\ela_cache\3320_0.png,0
D:\\zainab\\forgery-detector\\data\\ela_cache\3321_0.png,0
D:\\zainab\\forgery-detector\\data\\ela_cache\3322_1.png,1
D:\\zainab\\forgery-detector\\data\\ela_cache\3323_1.png,1
D:\\zainab\\forgery-detector\\data\\ela_cache\3324_1.png,1
D:\\zainab\\forgery-detector\\data\\ela_cache\3325_1.png,1
D:\\zainab\\forgery-detector\\data\\ela_cache\3326_1.png,1
D:\\zainab\\forgery-detector\\data\\ela_cache\3327_1.png,1
D:\\zainab\\forgery-detector\\data\\ela_cache\3328_0.png,0
D:\\zainab\\forgery-detector\\data\\ela_cache\3329_1.png,1
D:\\zainab\\forgery-detector\\data\\ela_cache\3330_1.png,1
D:\\zainab\\forgery-detector\\data\\ela_cache\3331_1.png,1
D:\\zainab\\forgery-detector\\data\\ela_cache\3332_0.png,0
D:\\zainab\\forgery-detector\\data\\ela_cache\3333_1.png,1
D:\\zainab\\forgery-detector\\data\\ela_cache\3334_0.png,0
D:\\zainab\\forgery-detector\\data\\ela_cache\3335_0.png,0
D:\\zainab\\forgery-detector\\data\\ela_cache\3336_0.png,0
D:\\zainab\\forgery-detector\\data\\ela_cache\3337_1.png,1
D:\\zainab\\forgery-detector\\data\\ela_cache\3338_0.png,0
D:\\zainab\\forgery-detector\\data\\ela_cache\3339_0.png,0
D:\\zainab\\forgery-detector\\data\\ela_cache\3340_0.png,0
D:\\zainab\\forgery-detector\\data\\ela_cache\3341_1.png,1
D:\\zainab\\forgery-detector\\data\\ela_cache\3342_1.png,1
D:\\zainab\\forgery-detector\\data\\ela_cache\3343_1.png,1
D:\\zainab\\forgery-detector\\data\\ela_cache\3344_0.png,0
D:\\zainab\\forgery-detector\\data\\ela_cache\3345_0.png,0
D:\\zainab\\forgery-detector\\data\\ela_cache\3346_0.png,0
D:\\zainab\\forgery-detector\\data\\ela_cache\3347_1.png,1
D:\\zainab\\forgery-detector\\data\\ela_cache\3348_1.png,1
D:\\zainab\\forgery-detector\\data\\ela_cache\3349_0.png,0
D:\\zainab\\forgery-detector\\data\\ela_cache\3350_1.png,1
D:\\zainab\\forgery-detector\\data\\ela_cache\3351_1.png,1
D:\\zainab\\forgery-detector\\data\\ela_cache\3352_1.png,1
D:\\zainab\\forgery-detector\\data\\ela_cache\3353_1.png,1
D:\\zainab\\forgery-detector\\data\\ela_cache\3354_1.png,1
D:\\zainab\\forgery-detector\\data\\ela_cache\3355_0.png,0
D:\\zainab\\forgery-detector\\data\\ela_cache\3356_1.png,1
D:\\zainab\\forgery-detector\\data\\ela_cache\3357_0.png,0
D:\\zainab\\forgery-detector\\data\\ela_cache\3358_0.png,0
D:\\zainab\\forgery-detector\\data\\ela_cache\3359_0.png,0
D:\\zainab\\forgery-detector\\data\\ela_cache\3360_0.png,0
D:\\zainab\\forgery-detector\\data\\ela_cache\3361_0.png,0
D:\\zainab\\forgery-detector\\data\\ela_cache\3362_0.png,0
D:\\zainab\\forgery-detector\\data\\ela_cache\3363_1.png,1
D:\\zainab\\forgery-detector\\data\\ela_cache\3364_0.png,0
D:\\zainab\\forgery-detector\\data\\ela_cache\3365_0.png,0
D:\\zainab\\forgery-detector\\data\\ela_cache\3366_0.png,0
D:\\zainab\\forgery-detector\\data\\ela_cache\3367_0.png,0
D:\\zainab\\forgery-detector\\data\\ela_cache\3368_1.png,1
D:\\zainab\\forgery-detector\\data\\ela_cache\3369_1.png,1
D:\\zainab\\forgery-detector\\data\\ela_cache\3370_0.png,0
D:\\zainab\\forgery-detector\\data\\ela_cache\3371_0.png,0
D:\\zainab\\forgery-detector\\data\\ela_cache\3372_0.png,0
D:\\zainab\\forgery-detector\\data\\ela_cache\3373_0.png,0
D:\\zainab\\forgery-detector\\data\\ela_cache\3374_1.png,1
D:\\zainab\\forgery-detector\\data\\ela_cache\3375_0.png,0
D:\\zainab\\forgery-detector\\data\\ela_cache\3376_0.png,0
D:\\zainab\\forgery-detector\\data\\ela_cache\3377_0.png,0
D:\\zainab\\forgery-detector\\data\\ela_cache\3378_0.png,0
D:\\zainab\\forgery-detector\\data\\ela_cache\3379_1.png,1
D:\\zainab\\forgery-detector\\data\\ela_cache\3380_0.png,0
D:\\zainab\\forgery-detector\\data\\ela_cache\3381_0.png,0
D:\\zainab\\forgery-detector\\data\\ela_cache\3382_1.png,1
D:\\zainab\\forgery-detector\\data\\ela_cache\3383_0.png,0
D:\\zainab\\forgery-detector\\data\\ela_cache\3384_0.png,0
D:\\zainab\\forgery-detector\\data\\ela_cache\3385_1.png,1
D:\\zainab\\forgery-detector\\data\\ela_cache\3386_0.png,0
D:\\zainab\\forgery-detector\\data\\ela_cache\3387_1.png,1
D:\\zainab\\forgery-detector\\data\\ela_cache\3388_0.png,0
D:\\zainab\\forgery-detector\\data\\ela_cache\3389_0.png,0
D:\\zainab\\forgery-detector\\data\\ela_cache\3390_1.png,1
D:\\zainab\\forgery-detector\\data\\ela_cache\3391_1.png,1
D:\\zainab\\forgery-detector\\data\\ela_cache\3392_0.png,0
D:\\zainab\\forgery-detector\\data\\ela_cache\3393_0.png,0
D:\\zainab\\forgery-detector\\data\\ela_cache\3394_0.png,0
D:\\zainab\\forgery-detector\\data\\ela_cache\3395_0.png,0
D:\\zainab\\forgery-detector\\data\\ela_cache\3396_0.png,0
D:\\zainab\\forgery-detector\\data\\ela_cache\3397_0.png,0
D:\\zainab\\forgery-detector\\data\\ela_cache\3398_1.png,1
D:\\zainab\\forgery-detector\\data\\ela_cache\3399_0.png,0
D:\\zainab\\forgery-detector\\data\\ela_cache\3400_1.png,1
D:\\zainab\\forgery-detector\\data\\ela_cache\3401_0.png,0
D:\\zainab\\forgery-detector\\data\\ela_cache\3402_0.png,0
D:\\zainab\\forgery-detector\\data\\ela_cache\3403_0.png,0
D:\\zainab\\forgery-detector\\data\\ela_cache\3404_0.png,0
D:\\zainab\\forgery-detector\\data\\ela_cache\3405_1.png,1
D:\\zainab\\forgery-detector\\data\\ela_cache\3406_0.png,0
D:\\zainab\\forgery-detector\\data\\ela_cache\3407_0.png,0
D:\\zainab\\forgery-detector\\data\\ela_cache\3408_1.png,1
D:\\zainab\\forgery-detector\\data\\ela_cache\3409_0.png,0
D:\\zainab\\forgery-detector\\data\\ela_cache\3410_0.png,0
D:\\zainab\\forgery-detector\\data\\ela_cache\3411_1.png,1
D:\\zainab\\forgery-detector\\data\\ela_cache\3412_0.png,0
D:\\zainab\\forgery-detector\\data\\ela_cache\3413_0.png,0
D:\\zainab\\forgery-detector\\data\\ela_cache\3414_1.png,1
D:\\zainab\\forgery-detector\\data\\ela_cache\3415_1.png,1
D:\\zainab\\forgery-detector\\data\\ela_cache\3416_1.png,1
D:\\zainab\\forgery-detector\\data\\ela_cache\3417_0.png,0
D:\\zainab\\forgery-detector\\data\\ela_cache\3418_1.png,1
D:\\zainab\\forgery-detector\\data\\ela_cache\3419_1.png,1
D:\\zainab\\forgery-detector\\data\\ela_cache\3420_0.png,0
D:\\zainab\\forgery-detector\\data\\ela_cache\3421_0.png,0
D:\\zainab\\forgery-detector\\data\\ela_cache\3422_0.png,0
D:\\zainab\\forgery-detector\\data\\ela_cache\3423_1.png,1
D:\\zainab\\forgery-detector\\data\\ela_cache\3424_0.png,0
D:\\zainab\\forgery-detector\\data\\ela_cache\3425_0.png,0
D:\\zainab\\forgery-detector\\data\\ela_cache\3426_0.png,0
D:\\zainab\\forgery-detector\\data\\ela_cache\3427_1.png,1
D:\\zainab\\forgery-detector\\data\\ela_cache\3428_1.png,1
D:\\zainab\\forgery-detector\\data\\ela_cache\3429_0.png,0
D:\\zainab\\forgery-detector\\data\\ela_cache\3430_0.png,0
D:\\zainab\\forgery-detector\\data\\ela_cache\3431_0.png,0
D:\\zainab\\forgery-detector\\data\\ela_cache\3432_1.png,1
D:\\zainab\\forgery-detector\\data\\ela_cache\3433_1.png,1
D:\\zainab\\forgery-detector\\data\\ela_cache\3434_1.png,1
D:\\zainab\\forgery-detector\\data\\ela_cache\3435_1.png,1
D:\\zainab\\forgery-detector\\data\\ela_cache\3436_1.png,1
D:\\zainab\\forgery-detector\\data\\ela_cache\3437_0.png,0
D:\\zainab\\forgery-detector\\data\\ela_cache\3438_0.png,0
D:\\zainab\\forgery-detector\\data\\ela_cache\3439_0.png,0
D:\\zainab\\forgery-detector\\data\\ela_cache\3440_0.png,0
D:\\zainab\\forgery-detector\\data\\ela_cache\3441_0.png,0
D:\\zainab\\forgery-detector\\data\\ela_cache\3442_0.png,0
D:\\zainab\\forgery-detector\\data\\ela_cache\3443_0.png,0
D:\\zainab\\forgery-detector\\data\\ela_cache\3444_0.png,0
D:\\zainab\\forgery-detector\\data\\ela_cache\3445_1.png,1
D:\\zainab\\forgery-detector\\data\\ela_cache\3446_1.png,1
D:\\zainab\\forgery-detector\\data\\ela_cache\3447_1.png,1
D:\\zainab\\forgery-detector\\data\\ela_cache\3448_1.png,1
D:\\zainab\\forgery-detector\\data\\ela_cache\3449_1.png,1
D:\\zainab\\forgery-detector\\data\\ela_cache\3450_0.png,0
D:\\zainab\\forgery-detector\\data\\ela_cache\3451_0.png,0
D:\\zainab\\forgery-detector\\data\\ela_cache\3452_0.png,0
D:\\zainab\\forgery-detector\\data\\ela_cache\3453_1.png,1
D:\\zainab\\forgery-detector\\data\\ela_cache\3454_0.png,0
D:\\zainab\\forgery-detector\\data\\ela_cache\3455_1.png,1
D:\\zainab\\forgery-detector\\data\\ela_cache\3456_0.png,0
D:\\zainab\\forgery-detector\\data\\ela_cache\3457_0.png,0
D:\\zainab\\forgery-detector\\data\\ela_cache\3458_1.png,1
D:\\zainab\\forgery-detector\\data\\ela_cache\3459_0.png,0
D:\\zainab\\forgery-detector\\data\\ela_cache\3460_1.png,1
D:\\zainab\\forgery-detector\\data\\ela_cache\3461_1.png,1
D:\\zainab\\forgery-detector\\data\\ela_cache\3462_1.png,1
D:\\zainab\\forgery-detector\\data\\ela_cache\3463_0.png,0
D:\\zainab\\forgery-detector\\data\\ela_cache\3464_0.png,0
D:\\zainab\\forgery-detector\\data\\ela_cache\3465_1.png,1
D:\\zainab\\forgery-detector\\data\\ela_cache\3466_0.png,0
D:\\zainab\\forgery-detector\\data\\ela_cache\3467_0.png,0
D:\\zainab\\forgery-detector\\data\\ela_cache\3468_0.png,0
D:\\zainab\\forgery-detector\\data\\ela_cache\3469_1.png,1
D:\\zainab\\forgery-detector\\data\\ela_cache\3470_0.png,0
D:\\zainab\\forgery-detector\\data\\ela_cache\3471_0.png,0
D:\\zainab\\forgery-detector\\data\\ela_cache\3472_0.png,0
D:\\zainab\\forgery-detector\\data\\ela_cache\3473_0.png,0
D:\\zainab\\forgery-detector\\data\\ela_cache\3474_0.png,0
D:\\zainab\\forgery-detector\\data\\ela_cache\3475_0.png,0
D:\\zainab\\forgery-detector\\data\\ela_cache\3476_0.png,0
D:\\zainab\\forgery-detector\\data\\ela_cache\3477_1.png,1
D:\\zainab\\forgery-detector\\data\\ela_cache\3478_0.png,0
D:\\zainab\\forgery-detector\\data\\ela_cache\3479_1.png,1
D:\\zainab\\forgery-detector\\data\\ela_cache\3480_0.png,0
D:\\zainab\\forgery-detector\\data\\ela_cache\3481_0.png,0
D:\\zainab\\forgery-detector\\data\\ela_cache\3482_0.png,0
D:\\zainab\\forgery-detector\\data\\ela_cache\3483_0.png,0
D:\\zainab\\forgery-detector\\data\\ela_cache\3484_0.png,0
D:\\zainab\\forgery-detector\\data\\ela_cache\3485_1.png,1
D:\\zainab\\forgery-detector\\data\\ela_cache\3486_1.png,1
D:\\zainab\\forgery-detector\\data\\ela_cache\3487_0.png,0
D:\\zainab\\forgery-detector\\data\\ela_cache\3488_0.png,0
D:\\zainab\\forgery-detector\\data\\ela_cache\3489_0.png,0
D:\\zainab\\forgery-detector\\data\\ela_cache\3490_0.png,0
D:\\zainab\\forgery-detector\\data\\ela_cache\3491_1.png,1
D:\\zainab\\forgery-detector\\data\\ela_cache\3492_1.png,1
D:\\zainab\\forgery-detector\\data\\ela_cache\3493_1.png,1
D:\\zainab\\forgery-detector\\data\\ela_cache\3494_1.png,1
D:\\zainab\\forgery-detector\\data\\ela_cache\3495_1.png,1
D:\\zainab\\forgery-detector\\data\\ela_cache\3496_0.png,0
D:\\zainab\\forgery-detector\\data\\ela_cache\3497_0.png,0
D:\\zainab\\forgery-detector\\data\\ela_cache\3498_1.png,1
D:\\zainab\\forgery-detector\\data\\ela_cache\3499_0.png,0
D:\\zainab\\forgery-detector\\data\\ela_cache\3500_0.png,0
D:\\zainab\\forgery-detector\\data\\ela_cache\3501_1.png,1
D:\\zainab\\forgery-detector\\data\\ela_cache\3502_1.png,1
D:\\zainab\\forgery-detector\\data\\ela_cache\3503_1.png,1
D:\\zainab\\forgery-detector\\data\\ela_cache\3504_1.png,1
D:\\zainab\\forgery-detector\\data\\ela_cache\3505_0.png,0
D:\\zainab\\forgery-detector\\data\\ela_cache\3506_0.png,0
D:\\zainab\\forgery-detector\\data\\ela_cache\3507_0.png,0
D:\\zainab\\forgery-detector\\data\\ela_cache\3508_1.png,1
D:\\zainab\\forgery-detector\\data\\ela_cache\3509_1.png,1
D:\\zainab\\forgery-detector\\data\\ela_cache\3510_0.png,0
D:\\zainab\\forgery-detector\\data\\ela_cache\3511_0.png,0
D:\\zainab\\forgery-detector\\data\\ela_cache\3512_1.png,1
D:\\zainab\\forgery-detector\\data\\ela_cache\3513_1.png,1
D:\\zainab\\forgery-detector\\data\\ela_cache\3514_1.png,1
D:\\zainab\\forgery-detector\\data\\ela_cache\3515_0.png,0
D:\\zainab\\forgery-detector\\data\\ela_cache\3516_0.png,0
D:\\zainab\\forgery-detector\\data\\ela_cache\3517_1.png,1
D:\\zainab\\forgery-detector\\data\\ela_cache\3518_0.png,0
D:\\zainab\\forgery-detector\\data\\ela_cache\3519_0.png,0
D:\\zainab\\forgery-detector\\data\\ela_cache\3520_0.png,0
D:\\zainab\\forgery-detector\\data\\ela_cache\3521_0.png,0
D:\\zainab\\forgery-detector\\data\\ela_cache\3522_0.png,0
D:\\zainab\\forgery-detector\\data\\ela_cache\3523_1.png,1
D:\\zainab\\forgery-detector\\data\\ela_cache\3524_1.png,1
D:\\zainab\\forgery-detector\\data\\ela_cache\3525_1.png,1
D:\\zainab\\forgery-detector\\data\\ela_cache\3526_0.png,0
D:\\zainab\\forgery-detector\\data\\ela_cache\3527_1.png,1
D:\\zainab\\forgery-detector\\data\\ela_cache\3528_0.png,0
D:\\zainab\\forgery-detector\\data\\ela_cache\3529_1.png,1
D:\\zainab\\forgery-detector\\data\\ela_cache\3530_0.png,0
D:\\zainab\\forgery-detector\\data\\ela_cache\3531_0.png,0
D:\\zainab\\forgery-detector\\data\\ela_cache\3532_0.png,0
D:\\zainab\\forgery-detector\\data\\ela_cache\3533_0.png,0
D:\\zainab\\forgery-detector\\data\\ela_cache\3534_0.png,0
D:\\zainab\\forgery-detector\\data\\ela_cache\3535_0.png,0
D:\\zainab\\forgery-detector\\data\\ela_cache\3536_1.png,1
D:\\zainab\\forgery-detector\\data\\ela_cache\3537_0.png,0
D:\\zainab\\forgery-detector\\data\\ela_cache\3538_1.png,1
D:\\zainab\\forgery-detector\\data\\ela_cache\3539_1.png,1
D:\\zainab\\forgery-detector\\data\\ela_cache\3540_1.png,1
D:\\zainab\\forgery-detector\\data\\ela_cache\3541_0.png,0
D:\\zainab\\forgery-detector\\data\\ela_cache\3542_0.png,0
D:\\zainab\\forgery-detector\\data\\ela_cache\3543_1.png,1
D:\\zainab\\forgery-detector\\data\\ela_cache\3544_0.png,0
D:\\zainab\\forgery-detector\\data\\ela_cache\3545_0.png,0
D:\\zainab\\forgery-detector\\data\\ela_cache\3546_0.png,0
D:\\zainab\\forgery-detector\\data\\ela_cache\3547_1.png,1
D:\\zainab\\forgery-detector\\data\\ela_cache\3548_1.png,1
D:\\zainab\\forgery-detector\\data\\ela_cache\3549_0.png,0
D:\\zainab\\forgery-detector\\data\\ela_cache\3550_0.png,0
D:\\zainab\\forgery-detector\\data\\ela_cache\3551_0.png,0
D:\\zainab\\forgery-detector\\data\\ela_cache\3552_0.png,0
D:\\zainab\\forgery-detector\\data\\ela_cache\3553_0.png,0
D:\\zainab\\forgery-detector\\data\\ela_cache\3554_1.png,1
D:\\zainab\\forgery-detector\\data\\ela_cache\3555_0.png,0
D:\\zainab\\forgery-detector\\data\\ela_cache\3556_0.png,0
D:\\zainab\\forgery-detector\\data\\ela_cache\3557_0.png,0
D:\\zainab\\forgery-detector\\data\\ela_cache\3558_0.png,0
D:\\zainab\\forgery-detector\\data\\ela_cache\3559_0.png,0
D:\\zainab\\forgery-detector\\data\\ela_cache\3560_0.png,0
D:\\zainab\\forgery-detector\\data\\ela_cache\3561_0.png,0
D:\\zainab\\forgery-detector\\data\\ela_cache\3562_1.png,1
D:\\zainab\\forgery-detector\\data\\ela_cache\3563_0.png,0
D:\\zainab\\forgery-detector\\data\\ela_cache\3564_0.png,0
D:\\zainab\\forgery-detector\\data\\ela_cache\3565_0.png,0
D:\\zainab\\forgery-detector\\data\\ela_cache\3566_0.png,0
D:\\zainab\\forgery-detector\\data\\ela_cache\3567_0.png,0
D:\\zainab\\forgery-detector\\data\\ela_cache\3568_0.png,0
D:\\zainab\\forgery-detector\\data\\ela_cache\3569_0.png,0
D:\\zainab\\forgery-detector\\data\\ela_cache\3570_0.png,0
D:\\zainab\\forgery-detector\\data\\ela_cache\3571_1.png,1
D:\\zainab\\forgery-detector\\data\\ela_cache\3572_1.png,1
D:\\zainab\\forgery-detector\\data\\ela_cache\3573_1.png,1
D:\\zainab\\forgery-detector\\data\\ela_cache\3574_0.png,0
D:\\zainab\\forgery-detector\\data\\ela_cache\3575_0.png,0
D:\\zainab\\forgery-detector\\data\\ela_cache\3576_0.png,0
D:\\zainab\\forgery-detector\\data\\ela_cache\3577_1.png,1
D:\\zainab\\forgery-detector\\data\\ela_cache\3578_1.png,1
D:\\zainab\\forgery-detector\\data\\ela_cache\3579_1.png,1
D:\\zainab\\forgery-detector\\data\\ela_cache\3580_0.png,0
D:\\zainab\\forgery-detector\\data\\ela_cache\3581_0.png,0
D:\\zainab\\forgery-detector\\data\\ela_cache\3582_1.png,1
D:\\zainab\\forgery-detector\\data\\ela_cache\3583_0.png,0
D:\\zainab\\forgery-detector\\data\\ela_cache\3584_1.png,1
D:\\zainab\\forgery-detector\\data\\ela_cache\3585_1.png,1
D:\\zainab\\forgery-detector\\data\\ela_cache\3586_1.png,1
D:\\zainab\\forgery-detector\\data\\ela_cache\3587_1.png,1
D:\\zainab\\forgery-detector\\data\\ela_cache\3588_0.png,0
D:\\zainab\\forgery-detector\\data\\ela_cache\3589_1.png,1
D:\\zainab\\forgery-detector\\data\\ela_cache\3590_0.png,0
D:\\zainab\\forgery-detector\\data\\ela_cache\3591_0.png,0
D:\\zainab\\forgery-detector\\data\\ela_cache\3592_1.png,1
D:\\zainab\\forgery-detector\\data\\ela_cache\3593_0.png,0
D:\\zainab\\forgery-detector\\data\\ela_cache\3594_1.png,1
D:\\zainab\\forgery-detector\\data\\ela_cache\3595_0.png,0
D:\\zainab\\forgery-detector\\data\\ela_cache\3596_0.png,0
D:\\zainab\\forgery-detector\\data\\ela_cache\3597_1.png,1
D:\\zainab\\forgery-detector\\data\\ela_cache\3598_0.png,0
D:\\zainab\\forgery-detector\\data\\ela_cache\3599_0.png,0
D:\\zainab\\forgery-detector\\data\\ela_cache\3600_0.png,0
D:\\zainab\\forgery-detector\\data\\ela_cache\3601_0.png,0
D:\\zainab\\forgery-detector\\data\\ela_cache\3602_1.png,1
D:\\zainab\\forgery-detector\\data\\ela_cache\3603_1.png,1
D:\\zainab\\forgery-detector\\data\\ela_cache\3604_0.png,0
D:\\zainab\\forgery-detector\\data\\ela_cache\3605_1.png,1
D:\\zainab\\forgery-detector\\data\\ela_cache\3606_0.png,0
D:\\zainab\\forgery-detector\\data\\ela_cache\3607_1.png,1
D:\\zainab\\forgery-detector\\data\\ela_cache\3608_1.png,1
D:\\zainab\\forgery-detector\\data\\ela_cache\3609_0.png,0
D:\\zainab\\forgery-detector\\data\\ela_cache\3610_1.png,1
D:\\zainab\\forgery-detector\\data\\ela_cache\3611_0.png,0
D:\\zainab\\forgery-detector\\data\\ela_cache\3612_0.png,0
D:\\zainab\\forgery-detector\\data\\ela_cache\3613_1.png,1
D:\\zainab\\forgery-detector\\data\\ela_cache\3614_1.png,1
D:\\zainab\\forgery-detector\\data\\ela_cache\3615_0.png,0
D:\\zainab\\forgery-detector\\data\\ela_cache\3616_0.png,0
D:\\zainab\\forgery-detector\\data\\ela_cache\3617_0.png,0
D:\\zainab\\forgery-detector\\data\\ela_cache\3618_0.png,0
D:\\zainab\\forgery-detector\\data\\ela_cache\3619_1.png,1
D:\\zainab\\forgery-detector\\data\\ela_cache\3620_0.png,0
D:\\zainab\\forgery-detector\\data\\ela_cache\3621_1.png,1
D:\\zainab\\forgery-detector\\data\\ela_cache\3622_0.png,0
D:\\zainab\\forgery-detector\\data\\ela_cache\3623_1.png,1
D:\\zainab\\forgery-detector\\data\\ela_cache\3624_0.png,0
D:\\zainab\\forgery-detector\\data\\ela_cache\3625_0.png,0
D:\\zainab\\forgery-detector\\data\\ela_cache\3626_1.png,1
D:\\zainab\\forgery-detector\\data\\ela_cache\3627_1.png,1
D:\\zainab\\forgery-detector\\data\\ela_cache\3628_1.png,1
D:\\zainab\\forgery-detector\\data\\ela_cache\3629_1.png,1
D:\\zainab\\forgery-detector\\data\\ela_cache\3630_0.png,0
D:\\zainab\\forgery-detector\\data\\ela_cache\3631_1.png,1
D:\\zainab\\forgery-detector\\data\\ela_cache\3632_0.png,0
D:\\zainab\\forgery-detector\\data\\ela_cache\3633_1.png,1
D:\\zainab\\forgery-detector\\data\\ela_cache\3634_0.png,0
D:\\zainab\\forgery-detector\\data\\ela_cache\3635_1.png,1
D:\\zainab\\forgery-detector\\data\\ela_cache\3636_0.png,0
D:\\zainab\\forgery-detector\\data\\ela_cache\3637_0.png,0
D:\\zainab\\forgery-detector\\data\\ela_cache\3638_0.png,0
D:\\zainab\\forgery-detector\\data\\ela_cache\3639_1.png,1
D:\\zainab\\forgery-detector\\data\\ela_cache\3640_1.png,1
D:\\zainab\\forgery-detector\\data\\ela_cache\3641_1.png,1
D:\\zainab\\forgery-detector\\data\\ela_cache\3642_0.png,0
D:\\zainab\\forgery-detector\\data\\ela_cache\3643_0.png,0
D:\\zainab\\forgery-detector\\data\\ela_cache\3644_0.png,0
D:\\zainab\\forgery-detector\\data\\ela_cache\3645_1.png,1
D:\\zainab\\forgery-detector\\data\\ela_cache\3646_0.png,0
D:\\zainab\\forgery-detector\\data\\ela_cache\3647_1.png,1
D:\\zainab\\forgery-detector\\data\\ela_cache\3648_0.png,0
D:\\zainab\\forgery-detector\\data\\ela_cache\3649_0.png,0
D:\\zainab\\forgery-detector\\data\\ela_cache\3650_1.png,1
D:\\zainab\\forgery-detector\\data\\ela_cache\3651_1.png,1
D:\\zainab\\forgery-detector\\data\\ela_cache\3652_0.png,0
D:\\zainab\\forgery-detector\\data\\ela_cache\3653_0.png,0
D:\\zainab\\forgery-detector\\data\\ela_cache\3654_1.png,1
D:\\zainab\\forgery-detector\\data\\ela_cache\3655_1.png,1
D:\\zainab\\forgery-detector\\data\\ela_cache\3656_0.png,0
D:\\zainab\\forgery-detector\\data\\ela_cache\3657_0.png,0
D:\\zainab\\forgery-detector\\data\\ela_cache\3658_1.png,1
D:\\zainab\\forgery-detector\\data\\ela_cache\3659_0.png,0
D:\\zainab\\forgery-detector\\data\\ela_cache\3660_0.png,0
D:\\zainab\\forgery-detector\\data\\ela_cache\3661_0.png,0
D:\\zainab\\forgery-detector\\data\\ela_cache\3662_0.png,0
D:\\zainab\\forgery-detector\\data\\ela_cache\3663_1.png,1
D:\\zainab\\forgery-detector\\data\\ela_cache\3664_0.png,0
D:\\zainab\\forgery-detector\\data\\ela_cache\3665_0.png,0
D:\\zainab\\forgery-detector\\data\\ela_cache\3666_0.png,0
D:\\zainab\\forgery-detector\\data\\ela_cache\3667_0.png,0
D:\\zainab\\forgery-detector\\data\\ela_cache\3668_0.png,0
D:\\zainab\\forgery-detector\\data\\ela_cache\3669_1.png,1
D:\\zainab\\forgery-detector\\data\\ela_cache\3670_1.png,1
D:\\zainab\\forgery-detector\\data\\ela_cache\3671_0.png,0
D:\\zainab\\forgery-detector\\data\\ela_cache\3672_0.png,0
D:\\zainab\\forgery-detector\\data\\ela_cache\3673_0.png,0
D:\\zainab\\forgery-detector\\data\\ela_cache\3674_0.png,0
D:\\zainab\\forgery-detector\\data\\ela_cache\3675_1.png,1
D:\\zainab\\forgery-detector\\data\\ela_cache\3676_0.png,0
D:\\zainab\\forgery-detector\\data\\ela_cache\3677_0.png,0
D:\\zainab\\forgery-detector\\data\\ela_cache\3678_0.png,0
D:\\zainab\\forgery-detector\\data\\ela_cache\3679_1.png,1
D:\\zainab\\forgery-detector\\data\\ela_cache\3680_0.png,0
D:\\zainab\\forgery-detector\\data\\ela_cache\3681_0.png,0
D:\\zainab\\forgery-detector\\data\\ela_cache\3682_0.png,0
D:\\zainab\\forgery-detector\\data\\ela_cache\3683_0.png,0
D:\\zainab\\forgery-detector\\data\\ela_cache\3684_0.png,0
D:\\zainab\\forgery-detector\\data\\ela_cache\3685_0.png,0
D:\\zainab\\forgery-detector\\data\\ela_cache\3686_0.png,0
D:\\zainab\\forgery-detector\\data\\ela_cache\3687_0.png,0
D:\\zainab\\forgery-detector\\data\\ela_cache\3688_1.png,1
D:\\zainab\\forgery-detector\\data\\ela_cache\3689_0.png,0
D:\\zainab\\forgery-detector\\data\\ela_cache\3690_1.png,1
D:\\zainab\\forgery-detector\\data\\ela_cache\3691_0.png,0
D:\\zainab\\forgery-detector\\data\\ela_cache\3692_0.png,0
D:\\zainab\\forgery-detector\\data\\ela_cache\3693_0.png,0
D:\\zainab\\forgery-detector\\data\\ela_cache\3694_0.png,0
D:\\zainab\\forgery-detector\\data\\ela_cache\3695_0.png,0
D:\\zainab\\forgery-detector\\data\\ela_cache\3696_0.png,0
D:\\zainab\\forgery-detector\\data\\ela_cache\3697_1.png,1
D:\\zainab\\forgery-detector\\data\\ela_cache\3698_0.png,0
D:\\zainab\\forgery-detector\\data\\ela_cache\3699_1.png,1
D:\\zainab\\forgery-detector\\data\\ela_cache\3700_0.png,0
D:\\zainab\\forgery-detector\\data\\ela_cache\3701_1.png,1
D:\\zainab\\forgery-detector\\data\\ela_cache\3702_1.png,1
D:\\zainab\\forgery-detector\\data\\ela_cache\3703_0.png,0
D:\\zainab\\forgery-detector\\data\\ela_cache\3704_0.png,0
D:\\zainab\\forgery-detector\\data\\ela_cache\3705_1.png,1
D:\\zainab\\forgery-detector\\data\\ela_cache\3706_1.png,1
D:\\zainab\\forgery-detector\\data\\ela_cache\3707_0.png,0
D:\\zainab\\forgery-detector\\data\\ela_cache\3708_0.png,0
D:\\zainab\\forgery-detector\\data\\ela_cache\3709_1.png,1
D:\\zainab\\forgery-detector\\data\\ela_cache\3710_0.png,0
D:\\zainab\\forgery-detector\\data\\ela_cache\3711_0.png,0
D:\\zainab\\forgery-detector\\data\\ela_cache\3712_1.png,1
D:\\zainab\\forgery-detector\\data\\ela_cache\3713_1.png,1
D:\\zainab\\forgery-detector\\data\\ela_cache\3714_1.png,1
D:\\zainab\\forgery-detector\\data\\ela_cache\3715_0.png,0
D:\\zainab\\forgery-detector\\data\\ela_cache\3716_0.png,0
D:\\zainab\\forgery-detector\\data\\ela_cache\3717_0.png,0
D:\\zainab\\forgery-detector\\data\\ela_cache\3718_1.png,1
D:\\zainab\\forgery-detector\\data\\ela_cache\3719_0.png,0
D:\\zainab\\forgery-detector\\data\\ela_cache\3720_0.png,0
D:\\zainab\\forgery-detector\\data\\ela_cache\3721_1.png,1
D:\\zainab\\forgery-detector\\data\\ela_cache\3722_1.png,1
D:\\zainab\\forgery-detector\\data\\ela_cache\3723_1.png,1
D:\\zainab\\forgery-detector\\data\\ela_cache\3724_1.png,1
D:\\zainab\\forgery-detector\\data\\ela_cache\3725_0.png,0
D:\\zainab\\forgery-detector\\data\\ela_cache\3726_0.png,0
D:\\zainab\\forgery-detector\\data\\ela_cache\3727_1.png,1
D:\\zainab\\forgery-detector\\data\\ela_cache\3728_0.png,0
D:\\zainab\\forgery-detector\\data\\ela_cache\3729_0.png,0
D:\\zainab\\forgery-detector\\data\\ela_cache\3730_0.png,0
D:\\zainab\\forgery-detector\\data\\ela_cache\3731_0.png,0
D:\\zainab\\forgery-detector\\data\\ela_cache\3732_0.png,0
D:\\zainab\\forgery-detector\\data\\ela_cache\3733_0.png,0
D:\\zainab\\forgery-detector\\data\\ela_cache\3734_0.png,0
D:\\zainab\\forgery-detector\\data\\ela_cache\3735_0.png,0
D:\\zainab\\forgery-detector\\data\\ela_cache\3736_0.png,0
D:\\zainab\\forgery-detector\\data\\ela_cache\3737_0.png,0
D:\\zainab\\forgery-detector\\data\\ela_cache\3738_1.png,1
D:\\zainab\\forgery-detector\\data\\ela_cache\3739_0.png,0
D:\\zainab\\forgery-detector\\data\\ela_cache\3740_0.png,0
D:\\zainab\\forgery-detector\\data\\ela_cache\3741_0.png,0
D:\\zainab\\forgery-detector\\data\\ela_cache\3742_1.png,1
D:\\zainab\\forgery-detector\\data\\ela_cache\3743_1.png,1
D:\\zainab\\forgery-detector\\data\\ela_cache\3744_0.png,0
D:\\zainab\\forgery-detector\\data\\ela_cache\3745_1.png,1
D:\\zainab\\forgery-detector\\data\\ela_cache\3746_1.png,1
D:\\zainab\\forgery-detector\\data\\ela_cache\3747_0.png,0
D:\\zainab\\forgery-detector\\data\\ela_cache\3748_0.png,0
D:\\zainab\\forgery-detector\\data\\ela_cache\3749_1.png,1
D:\\zainab\\forgery-detector\\data\\ela_cache\3750_1.png,1
D:\\zainab\\forgery-detector\\data\\ela_cache\3751_1.png,1
D:\\zainab\\forgery-detector\\data\\ela_cache\3752_0.png,0
D:\\zainab\\forgery-detector\\data\\ela_cache\3753_0.png,0
D:\\zainab\\forgery-detector\\data\\ela_cache\3754_0.png,0
D:\\zainab\\forgery-detector\\data\\ela_cache\3755_1.png,1
D:\\zainab\\forgery-detector\\data\\ela_cache\3756_0.png,0
D:\\zainab\\forgery-detector\\data\\ela_cache\3757_1.png,1
D:\\zainab\\forgery-detector\\data\\ela_cache\3758_1.png,1
D:\\zainab\\forgery-detector\\data\\ela_cache\3759_0.png,0
D:\\zainab\\forgery-detector\\data\\ela_cache\3760_1.png,1
D:\\zainab\\forgery-detector\\data\\ela_cache\3761_1.png,1
D:\\zainab\\forgery-detector\\data\\ela_cache\3762_0.png,0
D:\\zainab\\forgery-detector\\data\\ela_cache\3763_0.png,0
D:\\zainab\\forgery-detector\\data\\ela_cache\3764_0.png,0
D:\\zainab\\forgery-detector\\data\\ela_cache\3765_0.png,0
D:\\zainab\\forgery-detector\\data\\ela_cache\3766_0.png,0
D:\\zainab\\forgery-detector\\data\\ela_cache\3767_0.png,0
D:\\zainab\\forgery-detector\\data\\ela_cache\3768_1.png,1
D:\\zainab\\forgery-detector\\data\\ela_cache\3769_1.png,1
D:\\zainab\\forgery-detector\\data\\ela_cache\3770_0.png,0
D:\\zainab\\forgery-detector\\data\\ela_cache\3771_1.png,1
D:\\zainab\\forgery-detector\\data\\ela_cache\3772_0.png,0
D:\\zainab\\forgery-detector\\data\\ela_cache\3773_1.png,1
D:\\zainab\\forgery-detector\\data\\ela_cache\3774_1.png,1
D:\\zainab\\forgery-detector\\data\\ela_cache\3775_1.png,1
D:\\zainab\\forgery-detector\\data\\ela_cache\3776_1.png,1
D:\\zainab\\forgery-detector\\data\\ela_cache\3777_0.png,0
D:\\zainab\\forgery-detector\\data\\ela_cache\3778_1.png,1
D:\\zainab\\forgery-detector\\data\\ela_cache\3779_0.png,0
D:\\zainab\\forgery-detector\\data\\ela_cache\3780_0.png,0
D:\\zainab\\forgery-detector\\data\\ela_cache\3781_1.png,1
D:\\zainab\\forgery-detector\\data\\ela_cache\3782_1.png,1
D:\\zainab\\forgery-detector\\data\\ela_cache\3783_1.png,1
D:\\zainab\\forgery-detector\\data\\ela_cache\3784_0.png,0
D:\\zainab\\forgery-detector\\data\\ela_cache\3785_0.png,0
D:\\zainab\\forgery-detector\\data\\ela_cache\3786_1.png,1
D:\\zainab\\forgery-detector\\data\\ela_cache\3787_1.png,1
D:\\zainab\\forgery-detector\\data\\ela_cache\3788_1.png,1
D:\\zainab\\forgery-detector\\data\\ela_cache\3789_0.png,0
D:\\zainab\\forgery-detector\\data\\ela_cache\3790_0.png,0
D:\\zainab\\forgery-detector\\data\\ela_cache\3791_0.png,0
D:\\zainab\\forgery-detector\\data\\ela_cache\3792_0.png,0
D:\\zainab\\forgery-detector\\data\\ela_cache\3793_0.png,0
D:\\zainab\\forgery-detector\\data\\ela_cache\3794_0.png,0
D:\\zainab\\forgery-detector\\data\\ela_cache\3795_1.png,1
D:\\zainab\\forgery-detector\\data\\ela_cache\3796_1.png,1
D:\\zainab\\forgery-detector\\data\\ela_cache\3797_1.png,1
D:\\zainab\\forgery-detector\\data\\ela_cache\3798_0.png,0
D:\\zainab\\forgery-detector\\data\\ela_cache\3799_1.png,1
D:\\zainab\\forgery-detector\\data\\ela_cache\3800_0.png,0
D:\\zainab\\forgery-detector\\data\\ela_cache\3801_1.png,1
D:\\zainab\\forgery-detector\\data\\ela_cache\3802_0.png,0
D:\\zainab\\forgery-detector\\data\\ela_cache\3803_1.png,1
D:\\zainab\\forgery-detector\\data\\ela_cache\3804_0.png,0
D:\\zainab\\forgery-detector\\data\\ela_cache\3805_0.png,0
D:\\zainab\\forgery-detector\\data\\ela_cache\3806_1.png,1
D:\\zainab\\forgery-detector\\data\\ela_cache\3807_0.png,0
D:\\zainab\\forgery-detector\\data\\ela_cache\3808_0.png,0
D:\\zainab\\forgery-detector\\data\\ela_cache\3809_1.png,1
D:\\zainab\\forgery-detector\\data\\ela_cache\3810_0.png,0
D:\\zainab\\forgery-detector\\data\\ela_cache\3811_0.png,0
D:\\zainab\\forgery-detector\\data\\ela_cache\3812_1.png,1
D:\\zainab\\forgery-detector\\data\\ela_cache\3813_0.png,0
D:\\zainab\\forgery-detector\\data\\ela_cache\3814_0.png,0
D:\\zainab\\forgery-detector\\data\\ela_cache\3815_0.png,0
D:\\zainab\\forgery-detector\\data\\ela_cache\3816_1.png,1
D:\\zainab\\forgery-detector\\data\\ela_cache\3817_1.png,1
D:\\zainab\\forgery-detector\\data\\ela_cache\3818_1.png,1
D:\\zainab\\forgery-detector\\data\\ela_cache\3819_1.png,1
D:\\zainab\\forgery-detector\\data\\ela_cache\3820_1.png,1
D:\\zainab\\forgery-detector\\data\\ela_cache\3821_1.png,1
D:\\zainab\\forgery-detector\\data\\ela_cache\3822_0.png,0
D:\\zainab\\forgery-detector\\data\\ela_cache\3823_1.png,1
D:\\zainab\\forgery-detector\\data\\ela_cache\3824_0.png,0
D:\\zainab\\forgery-detector\\data\\ela_cache\3825_1.png,1
D:\\zainab\\forgery-detector\\data\\ela_cache\3826_0.png,0
D:\\zainab\\forgery-detector\\data\\ela_cache\3827_0.png,0
D:\\zainab\\forgery-detector\\data\\ela_cache\3828_1.png,1
D:\\zainab\\forgery-detector\\data\\ela_cache\3829_1.png,1
D:\\zainab\\forgery-detector\\data\\ela_cache\3830_0.png,0
D:\\zainab\\forgery-detector\\data\\ela_cache\3831_1.png,1
D:\\zainab\\forgery-detector\\data\\ela_cache\3832_0.png,0
D:\\zainab\\forgery-detector\\data\\ela_cache\3833_1.png,1
D:\\zainab\\forgery-detector\\data\\ela_cache\3834_1.png,1
D:\\zainab\\forgery-detector\\data\\ela_cache\3835_0.png,0
D:\\zainab\\forgery-detector\\data\\ela_cache\3836_0.png,0
D:\\zainab\\forgery-detector\\data\\ela_cache\3837_0.png,0
D:\\zainab\\forgery-detector\\data\\ela_cache\3838_0.png,0
D:\\zainab\\forgery-detector\\data\\ela_cache\3839_1.png,1
D:\\zainab\\forgery-detector\\data\\ela_cache\3840_0.png,0
D:\\zainab\\forgery-detector\\data\\ela_cache\3841_1.png,1
D:\\zainab\\forgery-detector\\data\\ela_cache\3842_0.png,0
D:\\zainab\\forgery-detector\\data\\ela_cache\3843_0.png,0
D:\\zainab\\forgery-detector\\data\\ela_cache\3844_0.png,0
D:\\zainab\\forgery-detector\\data\\ela_cache\3845_0.png,0
D:\\zainab\\forgery-detector\\data\\ela_cache\3846_1.png,1
D:\\zainab\\forgery-detector\\data\\ela_cache\3847_0.png,0
D:\\zainab\\forgery-detector\\data\\ela_cache\3848_1.png,1
D:\\zainab\\forgery-detector\\data\\ela_cache\3849_0.png,0
D:\\zainab\\forgery-detector\\data\\ela_cache\3850_0.png,0
D:\\zainab\\forgery-detector\\data\\ela_cache\3851_1.png,1
D:\\zainab\\forgery-detector\\data\\ela_cache\3852_1.png,1
D:\\zainab\\forgery-detector\\data\\ela_cache\3853_1.png,1
D:\\zainab\\forgery-detector\\data\\ela_cache\3854_1.png,1
D:\\zainab\\forgery-detector\\data\\ela_cache\3855_0.png,0
D:\\zainab\\forgery-detector\\data\\ela_cache\3856_0.png,0
D:\\zainab\\forgery-detector\\data\\ela_cache\3857_1.png,1
D:\\zainab\\forgery-detector\\data\\ela_cache\3858_1.png,1
D:\\zainab\\forgery-detector\\data\\ela_cache\3859_1.png,1
D:\\zainab\\forgery-detector\\data\\ela_cache\3860_1.png,1
D:\\zainab\\forgery-detector\\data\\ela_cache\3861_0.png,0
D:\\zainab\\forgery-detector\\data\\ela_cache\3862_0.png,0
D:\\zainab\\forgery-detector\\data\\ela_cache\3863_0.png,0
D:\\zainab\\forgery-detector\\data\\ela_cache\3864_1.png,1
D:\\zainab\\forgery-detector\\data\\ela_cache\3865_0.png,0
D:\\zainab\\forgery-detector\\data\\ela_cache\3866_0.png,0
D:\\zainab\\forgery-detector\\data\\ela_cache\3867_0.png,0
D:\\zainab\\forgery-detector\\data\\ela_cache\3868_0.png,0
D:\\zainab\\forgery-detector\\data\\ela_cache\3869_1.png,1
D:\\zainab\\forgery-detector\\data\\ela_cache\3870_0.png,0
D:\\zainab\\forgery-detector\\data\\ela_cache\3871_0.png,0
D:\\zainab\\forgery-detector\\data\\ela_cache\3872_1.png,1
D:\\zainab\\forgery-detector\\data\\ela_cache\3873_0.png,0
D:\\zainab\\forgery-detector\\data\\ela_cache\3874_1.png,1
D:\\zainab\\forgery-detector\\data\\ela_cache\3875_0.png,0
D:\\zainab\\forgery-detector\\data\\ela_cache\3876_1.png,1
D:\\zainab\\forgery-detector\\data\\ela_cache\3877_0.png,0
D:\\zainab\\forgery-detector\\data\\ela_cache\3878_0.png,0
D:\\zainab\\forgery-detector\\data\\ela_cache\3879_0.png,0
D:\\zainab\\forgery-detector\\data\\ela_cache\3880_0.png,0
D:\\zainab\\forgery-detector\\data\\ela_cache\3881_0.png,0
D:\\zainab\\forgery-detector\\data\\ela_cache\3882_1.png,1
D:\\zainab\\forgery-detector\\data\\ela_cache\3883_0.png,0
D:\\zainab\\forgery-detector\\data\\ela_cache\3884_0.png,0
D:\\zainab\\forgery-detector\\data\\ela_cache\3885_0.png,0
D:\\zainab\\forgery-detector\\data\\ela_cache\3886_1.png,1
D:\\zainab\\forgery-detector\\data\\ela_cache\3887_0.png,0
D:\\zainab\\forgery-detector\\data\\ela_cache\3888_0.png,0
D:\\zainab\\forgery-detector\\data\\ela_cache\3889_1.png,1
D:\\zainab\\forgery-detector\\data\\ela_cache\3890_1.png,1
D:\\zainab\\forgery-detector\\data\\ela_cache\3891_1.png,1
D:\\zainab\\forgery-detector\\data\\ela_cache\3892_0.png,0
D:\\zainab\\forgery-detector\\data\\ela_cache\3893_0.png,0
D:\\zainab\\forgery-detector\\data\\ela_cache\3894_1.png,1
D:\\zainab\\forgery-detector\\data\\ela_cache\3895_0.png,0
D:\\zainab\\forgery-detector\\data\\ela_cache\3896_1.png,1
D:\\zainab\\forgery-detector\\data\\ela_cache\3897_0.png,0
D:\\zainab\\forgery-detector\\data\\ela_cache\3898_1.png,1
D:\\zainab\\forgery-detector\\data\\ela_cache\3899_0.png,0
D:\\zainab\\forgery-detector\\data\\ela_cache\3900_0.png,0
D:\\zainab\\forgery-detector\\data\\ela_cache\3901_1.png,1
D:\\zainab\\forgery-detector\\data\\ela_cache\3902_0.png,0
D:\\zainab\\forgery-detector\\data\\ela_cache\3903_0.png,0
D:\\zainab\\forgery-detector\\data\\ela_cache\3904_1.png,1
D:\\zainab\\forgery-detector\\data\\ela_cache\3905_0.png,0
D:\\zainab\\forgery-detector\\data\\ela_cache\3906_0.png,0
D:\\zainab\\forgery-detector\\data\\ela_cache\3907_1.png,1
D:\\zainab\\forgery-detector\\data\\ela_cache\3908_0.png,0
D:\\zainab\\forgery-detector\\data\\ela_cache\3909_1.png,1
D:\\zainab\\forgery-detector\\data\\ela_cache\3910_0.png,0
D:\\zainab\\forgery-detector\\data\\ela_cache\3911_0.png,0
D:\\zainab\\forgery-detector\\data\\ela_cache\3912_0.png,0
D:\\zainab\\forgery-detector\\data\\ela_cache\3913_0.png,0
D:\\zainab\\forgery-detector\\data\\ela_cache\3914_1.png,1
D:\\zainab\\forgery-detector\\data\\ela_cache\3915_0.png,0
D:\\zainab\\forgery-detector\\data\\ela_cache\3916_1.png,1
D:\\zainab\\forgery-detector\\data\\ela_cache\3917_0.png,0
D:\\zainab\\forgery-detector\\data\\ela_cache\3918_1.png,1
D:\\zainab\\forgery-detector\\data\\ela_cache\3919_0.png,0
D:\\zainab\\forgery-detector\\data\\ela_cache\3920_0.png,0
D:\\zainab\\forgery-detector\\data\\ela_cache\3921_0.png,0
D:\\zainab\\forgery-detector\\data\\ela_cache\3922_0.png,0
D:\\zainab\\forgery-detector\\data\\ela_cache\3923_0.png,0
D:\\zainab\\forgery-detector\\data\\ela_cache\3924_0.png,0
D:\\zainab\\forgery-detector\\data\\ela_cache\3925_0.png,0
D:\\zainab\\forgery-detector\\data\\ela_cache\3926_1.png,1
D:\\zainab\\forgery-detector\\data\\ela_cache\3927_1.png,1
D:\\zainab\\forgery-detector\\data\\ela_cache\3928_1.png,1
D:\\zainab\\forgery-detector\\data\\ela_cache\3929_0.png,0
D:\\zainab\\forgery-detector\\data\\ela_cache\3930_0.png,0
D:\\zainab\\forgery-detector\\data\\ela_cache\3931_1.png,1
D:\\zainab\\forgery-detector\\data\\ela_cache\3932_0.png,0
D:\\zainab\\forgery-detector\\data\\ela_cache\3933_0.png,0
D:\\zainab\\forgery-detector\\data\\ela_cache\3934_0.png,0
D:\\zainab\\forgery-detector\\data\\ela_cache\3935_1.png,1
D:\\zainab\\forgery-detector\\data\\ela_cache\3936_1.png,1
D:\\zainab\\forgery-detector\\data\\ela_cache\3937_0.png,0
D:\\zainab\\forgery-detector\\data\\ela_cache\3938_1.png,1
D:\\zainab\\forgery-detector\\data\\ela_cache\3939_1.png,1
D:\\zainab\\forgery-detector\\data\\ela_cache\3940_1.png,1
D:\\zainab\\forgery-detector\\data\\ela_cache\3941_1.png,1
D:\\zainab\\forgery-detector\\data\\ela_cache\3942_1.png,1
D:\\zainab\\forgery-detector\\data\\ela_cache\3943_0.png,0
D:\\zainab\\forgery-detector\\data\\ela_cache\3944_0.png,0
D:\\zainab\\forgery-detector\\data\\ela_cache\3945_0.png,0
D:\\zainab\\forgery-detector\\data\\ela_cache\3946_0.png,0
D:\\zainab\\forgery-detector\\data\\ela_cache\3947_1.png,1
D:\\zainab\\forgery-detector\\data\\ela_cache\3948_0.png,0
D:\\zainab\\forgery-detector\\data\\ela_cache\3949_0.png,0
D:\\zainab\\forgery-detector\\data\\ela_cache\3950_0.png,0
D:\\zainab\\forgery-detector\\data\\ela_cache\3951_0.png,0
D:\\zainab\\forgery-detector\\data\\ela_cache\3952_0.png,0
D:\\zainab\\forgery-detector\\data\\ela_cache\3953_0.png,0
D:\\zainab\\forgery-detector\\data\\ela_cache\3954_1.png,1
D:\\zainab\\forgery-detector\\data\\ela_cache\3955_1.png,1
D:\\zainab\\forgery-detector\\data\\ela_cache\3956_0.png,0
D:\\zainab\\forgery-detector\\data\\ela_cache\3957_1.png,1
D:\\zainab\\forgery-detector\\data\\ela_cache\3958_1.png,1
D:\\zainab\\forgery-detector\\data\\ela_cache\3959_1.png,1
D:\\zainab\\forgery-detector\\data\\ela_cache\3960_0.png,0
D:\\zainab\\forgery-detector\\data\\ela_cache\3961_1.png,1
D:\\zainab\\forgery-detector\\data\\ela_cache\3962_0.png,0
D:\\zainab\\forgery-detector\\data\\ela_cache\3963_0.png,0
D:\\zainab\\forgery-detector\\data\\ela_cache\3964_0.png,0
D:\\zainab\\forgery-detector\\data\\ela_cache\3965_0.png,0
D:\\zainab\\forgery-detector\\data\\ela_cache\3966_0.png,0
D:\\zainab\\forgery-detector\\data\\ela_cache\3967_1.png,1
D:\\zainab\\forgery-detector\\data\\ela_cache\3968_0.png,0
D:\\zainab\\forgery-detector\\data\\ela_cache\3969_1.png,1
D:\\zainab\\forgery-detector\\data\\ela_cache\3970_0.png,0
D:\\zainab\\forgery-detector\\data\\ela_cache\3971_0.png,0
D:\\zainab\\forgery-detector\\data\\ela_cache\3972_0.png,0
D:\\zainab\\forgery-detector\\data\\ela_cache\3973_1.png,1
D:\\zainab\\forgery-detector\\data\\ela_cache\3974_1.png,1
D:\\zainab\\forgery-detector\\data\\ela_cache\3975_1.png,1
D:\\zainab\\forgery-detector\\data\\ela_cache\3976_0.png,0
D:\\zainab\\forgery-detector\\data\\ela_cache\3977_1.png,1
D:\\zainab\\forgery-detector\\data\\ela_cache\3978_0.png,0
D:\\zainab\\forgery-detector\\data\\ela_cache\3979_0.png,0
D:\\zainab\\forgery-detector\\data\\ela_cache\3980_1.png,1
D:\\zainab\\forgery-detector\\data\\ela_cache\3981_0.png,0
D:\\zainab\\forgery-detector\\data\\ela_cache\3982_0.png,0
D:\\zainab\\forgery-detector\\data\\ela_cache\3983_0.png,0
D:\\zainab\\forgery-detector\\data\\ela_cache\3984_1.png,1
D:\\zainab\\forgery-detector\\data\\ela_cache\3985_0.png,0
D:\\zainab\\forgery-detector\\data\\ela_cache\3986_0.png,0
D:\\zainab\\forgery-detector\\data\\ela_cache\3987_0.png,0
D:\\zainab\\forgery-detector\\data\\ela_cache\3988_1.png,1
D:\\zainab\\forgery-detector\\data\\ela_cache\3989_0.png,0
D:\\zainab\\forgery-detector\\data\\ela_cache\3990_0.png,0
D:\\zainab\\forgery-detector\\data\\ela_cache\3991_1.png,1
D:\\zainab\\forgery-detector\\data\\ela_cache\3992_0.png,0
D:\\zainab\\forgery-detector\\data\\ela_cache\3993_0.png,0
D:\\zainab\\forgery-detector\\data\\ela_cache\3994_0.png,0
D:\\zainab\\forgery-detector\\data\\ela_cache\3995_1.png,1
D:\\zainab\\forgery-detector\\data\\ela_cache\3996_1.png,1
D:\\zainab\\forgery-detector\\data\\ela_cache\3997_0.png,0
D:\\zainab\\forgery-detector\\data\\ela_cache\3998_0.png,0
D:\\zainab\\forgery-detector\\data\\ela_cache\3999_1.png,1
D:\\zainab\\forgery-detector\\data\\ela_cache\4000_0.png,0
D:\\zainab\\forgery-detector\\data\\ela_cache\4001_0.png,0
D:\\zainab\\forgery-detector\\data\\ela_cache\4002_1.png,1
D:\\zainab\\forgery-detector\\data\\ela_cache\4003_0.png,0
D:\\zainab\\forgery-detector\\data\\ela_cache\4004_0.png,0
D:\\zainab\\forgery-detector\\data\\ela_cache\4005_0.png,0
D:\\zainab\\forgery-detector\\data\\ela_cache\4006_0.png,0
D:\\zainab\\forgery-detector\\data\\ela_cache\4007_1.png,1
D:\\zainab\\forgery-detector\\data\\ela_cache\4008_1.png,1
D:\\zainab\\forgery-detector\\data\\ela_cache\4009_0.png,0
D:\\zainab\\forgery-detector\\data\\ela_cache\4010_0.png,0
D:\\zainab\\forgery-detector\\data\\ela_cache\4011_0.png,0
D:\\zainab\\forgery-detector\\data\\ela_cache\4012_1.png,1
D:\\zainab\\forgery-detector\\data\\ela_cache\4013_0.png,0
D:\\zainab\\forgery-detector\\data\\ela_cache\4014_0.png,0
D:\\zainab\\forgery-detector\\data\\ela_cache\4015_0.png,0
D:\\zainab\\forgery-detector\\data\\ela_cache\4016_0.png,0
D:\\zainab\\forgery-detector\\data\\ela_cache\4017_0.png,0
D:\\zainab\\forgery-detector\\data\\ela_cache\4018_0.png,0
D:\\zainab\\forgery-detector\\data\\ela_cache\4019_1.png,1
D:\\zainab\\forgery-detector\\data\\ela_cache\4020_0.png,0
D:\\zainab\\forgery-detector\\data\\ela_cache\4021_1.png,1
D:\\zainab\\forgery-detector\\data\\ela_cache\4022_1.png,1
D:\\zainab\\forgery-detector\\data\\ela_cache\4023_0.png,0
D:\\zainab\\forgery-detector\\data\\ela_cache\4024_0.png,0
D:\\zainab\\forgery-detector\\data\\ela_cache\4025_0.png,0
D:\\zainab\\forgery-detector\\data\\ela_cache\4026_0.png,0
D:\\zainab\\forgery-detector\\data\\ela_cache\4027_0.png,0
D:\\zainab\\forgery-detector\\data\\ela_cache\4028_1.png,1
D:\\zainab\\forgery-detector\\data\\ela_cache\4029_0.png,0
D:\\zainab\\forgery-detector\\data\\ela_cache\4030_1.png,1
D:\\zainab\\forgery-detector\\data\\ela_cache\4031_1.png,1
D:\\zainab\\forgery-detector\\data\\ela_cache\4032_1.png,1
D:\\zainab\\forgery-detector\\data\\ela_cache\4033_1.png,1
D:\\zainab\\forgery-detector\\data\\ela_cache\4034_0.png,0
D:\\zainab\\forgery-detector\\data\\ela_cache\4035_1.png,1
D:\\zainab\\forgery-detector\\data\\ela_cache\4036_0.png,0
D:\\zainab\\forgery-detector\\data\\ela_cache\4037_0.png,0
D:\\zainab\\forgery-detector\\data\\ela_cache\4038_1.png,1
D:\\zainab\\forgery-detector\\data\\ela_cache\4039_0.png,0
D:\\zainab\\forgery-detector\\data\\ela_cache\4040_1.png,1
D:\\zainab\\forgery-detector\\data\\ela_cache\4041_1.png,1
D:\\zainab\\forgery-detector\\data\\ela_cache\4042_0.png,0
D:\\zainab\\forgery-detector\\data\\ela_cache\4043_0.png,0
D:\\zainab\\forgery-detector\\data\\ela_cache\4044_0.png,0
D:\\zainab\\forgery-detector\\data\\ela_cache\4045_0.png,0
D:\\zainab\\forgery-detector\\data\\ela_cache\4046_1.png,1
D:\\zainab\\forgery-detector\\data\\ela_cache\4047_1.png,1
D:\\zainab\\forgery-detector\\data\\ela_cache\4048_1.png,1
D:\\zainab\\forgery-detector\\data\\ela_cache\4049_0.png,0
D:\\zainab\\forgery-detector\\data\\ela_cache\4050_0.png,0
D:\\zainab\\forgery-detector\\data\\ela_cache\4051_0.png,0
D:\\zainab\\forgery-detector\\data\\ela_cache\4052_0.png,0
D:\\zainab\\forgery-detector\\data\\ela_cache\4053_1.png,1
D:\\zainab\\forgery-detector\\data\\ela_cache\4054_1.png,1
D:\\zainab\\forgery-detector\\data\\ela_cache\4055_1.png,1
D:\\zainab\\forgery-detector\\data\\ela_cache\4056_0.png,0
D:\\zainab\\forgery-detector\\data\\ela_cache\4057_0.png,0
D:\\zainab\\forgery-detector\\data\\ela_cache\4058_0.png,0
D:\\zainab\\forgery-detector\\data\\ela_cache\4059_1.png,1
D:\\zainab\\forgery-detector\\data\\ela_cache\4060_1.png,1
D:\\zainab\\forgery-detector\\data\\ela_cache\4061_0.png,0
D:\\zainab\\forgery-detector\\data\\ela_cache\4062_0.png,0
D:\\zainab\\forgery-detector\\data\\ela_cache\4063_0.png,0
D:\\zainab\\forgery-detector\\data\\ela_cache\4064_1.png,1
D:\\zainab\\forgery-detector\\data\\ela_cache\4065_0.png,0
D:\\zainab\\forgery-detector\\data\\ela_cache\4066_1.png,1
D:\\zainab\\forgery-detector\\data\\ela_cache\4067_0.png,0
D:\\zainab\\forgery-detector\\data\\ela_cache\4068_1.png,1
D:\\zainab\\forgery-detector\\data\\ela_cache\4069_0.png,0
D:\\zainab\\forgery-detector\\data\\ela_cache\4070_1.png,1
D:\\zainab\\forgery-detector\\data\\ela_cache\4071_0.png,0
D:\\zainab\\forgery-detector\\data\\ela_cache\4072_0.png,0
D:\\zainab\\forgery-detector\\data\\ela_cache\4073_1.png,1
D:\\zainab\\forgery-detector\\data\\ela_cache\4074_0.png,0
D:\\zainab\\forgery-detector\\data\\ela_cache\4075_1.png,1
D:\\zainab\\forgery-detector\\data\\ela_cache\4076_0.png,0
D:\\zainab\\forgery-detector\\data\\ela_cache\4077_1.png,1
D:\\zainab\\forgery-detector\\data\\ela_cache\4078_1.png,1
D:\\zainab\\forgery-detector\\data\\ela_cache\4079_1.png,1
D:\\zainab\\forgery-detector\\data\\ela_cache\4080_0.png,0
D:\\zainab\\forgery-detector\\data\\ela_cache\4081_1.png,1
D:\\zainab\\forgery-detector\\data\\ela_cache\4082_0.png,0
D:\\zainab\\forgery-detector\\data\\ela_cache\4083_0.png,0
D:\\zainab\\forgery-detector\\data\\ela_cache\4084_1.png,1
D:\\zainab\\forgery-detector\\data\\ela_cache\4085_0.png,0
D:\\zainab\\forgery-detector\\data\\ela_cache\4086_0.png,0
D:\\zainab\\forgery-detector\\data\\ela_cache\4087_1.png,1
D:\\zainab\\forgery-detector\\data\\ela_cache\4088_1.png,1
D:\\zainab\\forgery-detector\\data\\ela_cache\4089_0.png,0
D:\\zainab\\forgery-detector\\data\\ela_cache\4090_0.png,0
D:\\zainab\\forgery-detector\\data\\ela_cache\4091_0.png,0
D:\\zainab\\forgery-detector\\data\\ela_cache\4092_1.png,1
D:\\zainab\\forgery-detector\\data\\ela_cache\4093_1.png,1
D:\\zainab\\forgery-detector\\data\\ela_cache\4094_0.png,0
D:\\zainab\\forgery-detector\\data\\ela_cache\4095_1.png,1
D:\\zainab\\forgery-detector\\data\\ela_cache\4096_0.png,0
D:\\zainab\\forgery-detector\\data\\ela_cache\4097_1.png,1
D:\\zainab\\forgery-detector\\data\\ela_cache\4098_1.png,1
D:\\zainab\\forgery-detector\\data\\ela_cache\4099_0.png,0
D:\\zainab\\forgery-detector\\data\\ela_cache\4100_1.png,1
D:\\zainab\\forgery-detector\\data\\ela_cache\4101_0.png,0
D:\\zainab\\forgery-detector\\data\\ela_cache\4102_0.png,0
D:\\zainab\\forgery-detector\\data\\ela_cache\4103_1.png,1
D:\\zainab\\forgery-detector\\data\\ela_cache\4104_1.png,1
D:\\zainab\\forgery-detector\\data\\ela_cache\4105_0.png,0
D:\\zainab\\forgery-detector\\data\\ela_cache\4106_0.png,0
D:\\zainab\\forgery-detector\\data\\ela_cache\4107_1.png,1
D:\\zainab\\forgery-detector\\data\\ela_cache\4108_0.png,0
D:\\zainab\\forgery-detector\\data\\ela_cache\4109_0.png,0
D:\\zainab\\forgery-detector\\data\\ela_cache\4110_0.png,0
D:\\zainab\\forgery-detector\\data\\ela_cache\4111_1.png,1
D:\\zainab\\forgery-detector\\data\\ela_cache\4112_0.png,0
D:\\zainab\\forgery-detector\\data\\ela_cache\4113_1.png,1
D:\\zainab\\forgery-detector\\data\\ela_cache\4114_1.png,1
D:\\zainab\\forgery-detector\\data\\ela_cache\4115_1.png,1
D:\\zainab\\forgery-detector\\data\\ela_cache\4116_1.png,1
D:\\zainab\\forgery-detector\\data\\ela_cache\4117_0.png,0
D:\\zainab\\forgery-detector\\data\\ela_cache\4118_0.png,0
D:\\zainab\\forgery-detector\\data\\ela_cache\4119_0.png,0
D:\\zainab\\forgery-detector\\data\\ela_cache\4120_0.png,0
D:\\zainab\\forgery-detector\\data\\ela_cache\4121_0.png,0
D:\\zainab\\forgery-detector\\data\\ela_cache\4122_0.png,0
D:\\zainab\\forgery-detector\\data\\ela_cache\4123_0.png,0
D:\\zainab\\forgery-detector\\data\\ela_cache\4124_1.png,1
D:\\zainab\\forgery-detector\\data\\ela_cache\4125_1.png,1
D:\\zainab\\forgery-detector\\data\\ela_cache\4126_0.png,0
D:\\zainab\\forgery-detector\\data\\ela_cache\4127_0.png,0
D:\\zainab\\forgery-detector\\data\\ela_cache\4128_1.png,1
D:\\zainab\\forgery-detector\\data\\ela_cache\4129_1.png,1
D:\\zainab\\forgery-detector\\data\\ela_cache\4130_0.png,0
D:\\zainab\\forgery-detector\\data\\ela_cache\4131_0.png,0
D:\\zainab\\forgery-detector\\data\\ela_cache\4132_1.png,1
D:\\zainab\\forgery-detector\\data\\ela_cache\4133_1.png,1
D:\\zainab\\forgery-detector\\data\\ela_cache\4134_1.png,1
D:\\zainab\\forgery-detector\\data\\ela_cache\4135_0.png,0
D:\\zainab\\forgery-detector\\data\\ela_cache\4136_1.png,1
D:\\zainab\\forgery-detector\\data\\ela_cache\4137_1.png,1
D:\\zainab\\forgery-detector\\data\\ela_cache\4138_1.png,1
D:\\zainab\\forgery-detector\\data\\ela_cache\4139_0.png,0
D:\\zainab\\forgery-detector\\data\\ela_cache\4140_1.png,1
D:\\zainab\\forgery-detector\\data\\ela_cache\4141_0.png,0
D:\\zainab\\forgery-detector\\data\\ela_cache\4142_0.png,0
D:\\zainab\\forgery-detector\\data\\ela_cache\4143_1.png,1
D:\\zainab\\forgery-detector\\data\\ela_cache\4144_0.png,0
D:\\zainab\\forgery-detector\\data\\ela_cache\4145_1.png,1
D:\\zainab\\forgery-detector\\data\\ela_cache\4146_0.png,0
D:\\zainab\\forgery-detector\\data\\ela_cache\4147_0.png,0
D:\\zainab\\forgery-detector\\data\\ela_cache\4148_0.png,0
D:\\zainab\\forgery-detector\\data\\ela_cache\4149_0.png,0
D:\\zainab\\forgery-detector\\data\\ela_cache\4150_0.png,0
D:\\zainab\\forgery-detector\\data\\ela_cache\4151_1.png,1
D:\\zainab\\forgery-detector\\data\\ela_cache\4152_0.png,0
D:\\zainab\\forgery-detector\\data\\ela_cache\4153_0.png,0
D:\\zainab\\forgery-detector\\data\\ela_cache\4154_0.png,0
D:\\zainab\\forgery-detector\\data\\ela_cache\4155_0.png,0
D:\\zainab\\forgery-detector\\data\\ela_cache\4156_0.png,0
D:\\zainab\\forgery-detector\\data\\ela_cache\4157_0.png,0
D:\\zainab\\forgery-detector\\data\\ela_cache\4158_1.png,1
D:\\zainab\\forgery-detector\\data\\ela_cache\4159_0.png,0
D:\\zainab\\forgery-detector\\data\\ela_cache\4160_1.png,1
D:\\zainab\\forgery-detector\\data\\ela_cache\4161_1.png,1
D:\\zainab\\forgery-detector\\data\\ela_cache\4162_0.png,0
D:\\zainab\\forgery-detector\\data\\ela_cache\4163_0.png,0
D:\\zainab\\forgery-detector\\data\\ela_cache\4164_0.png,0
D:\\zainab\\forgery-detector\\data\\ela_cache\4165_1.png,1
D:\\zainab\\forgery-detector\\data\\ela_cache\4166_1.png,1
D:\\zainab\\forgery-detector\\data\\ela_cache\4167_0.png,0
D:\\zainab\\forgery-detector\\data\\ela_cache\4168_0.png,0
D:\\zainab\\forgery-detector\\data\\ela_cache\4169_1.png,1
D:\\zainab\\forgery-detector\\data\\ela_cache\4170_1.png,1
D:\\zainab\\forgery-detector\\data\\ela_cache\4171_0.png,0
D:\\zainab\\forgery-detector\\data\\ela_cache\4172_0.png,0
D:\\zainab\\forgery-detector\\data\\ela_cache\4173_0.png,0
D:\\zainab\\forgery-detector\\data\\ela_cache\4174_0.png,0
D:\\zainab\\forgery-detector\\data\\ela_cache\4175_0.png,0
D:\\zainab\\forgery-detector\\data\\ela_cache\4176_0.png,0
D:\\zainab\\forgery-detector\\data\\ela_cache\4177_0.png,0
D:\\zainab\\forgery-detector\\data\\ela_cache\4178_0.png,0
D:\\zainab\\forgery-detector\\data\\ela_cache\4179_0.png,0
D:\\zainab\\forgery-detector\\data\\ela_cache\4180_1.png,1
D:\\zainab\\forgery-detector\\data\\ela_cache\4181_0.png,0
D:\\zainab\\forgery-detector\\data\\ela_cache\4182_1.png,1
D:\\zainab\\forgery-detector\\data\\ela_cache\4183_1.png,1
D:\\zainab\\forgery-detector\\data\\ela_cache\4184_0.png,0
D:\\zainab\\forgery-detector\\data\\ela_cache\4185_0.png,0
D:\\zainab\\forgery-detector\\data\\ela_cache\4186_0.png,0
D:\\zainab\\forgery-detector\\data\\ela_cache\4187_1.png,1
D:\\zainab\\forgery-detector\\data\\ela_cache\4188_0.png,0
D:\\zainab\\forgery-detector\\data\\ela_cache\4189_0.png,0
D:\\zainab\\forgery-detector\\data\\ela_cache\4190_0.png,0
D:\\zainab\\forgery-detector\\data\\ela_cache\4191_0.png,0
D:\\zainab\\forgery-detector\\data\\ela_cache\4192_0.png,0
D:\\zainab\\forgery-detector\\data\\ela_cache\4193_1.png,1
D:\\zainab\\forgery-detector\\data\\ela_cache\4194_0.png,0
D:\\zainab\\forgery-detector\\data\\ela_cache\4195_0.png,0
D:\\zainab\\forgery-detector\\data\\ela_cache\4196_1.png,1
D:\\zainab\\forgery-detector\\data\\ela_cache\4197_1.png,1
D:\\zainab\\forgery-detector\\data\\ela_cache\4198_1.png,1
D:\\zainab\\forgery-detector\\data\\ela_cache\4199_0.png,0
D:\\zainab\\forgery-detector\\data\\ela_cache\4200_0.png,0
D:\\zainab\\forgery-detector\\data\\ela_cache\4201_1.png,1
D:\\zainab\\forgery-detector\\data\\ela_cache\4202_1.png,1
D:\\zainab\\forgery-detector\\data\\ela_cache\4203_0.png,0
D:\\zainab\\forgery-detector\\data\\ela_cache\4204_0.png,0
D:\\zainab\\forgery-detector\\data\\ela_cache\4205_1.png,1
D:\\zainab\\forgery-detector\\data\\ela_cache\4206_0.png,0
D:\\zainab\\forgery-detector\\data\\ela_cache\4207_0.png,0
D:\\zainab\\forgery-detector\\data\\ela_cache\4208_1.png,1
D:\\zainab\\forgery-detector\\data\\ela_cache\4209_1.png,1
D:\\zainab\\forgery-detector\\data\\ela_cache\4210_1.png,1
D:\\zainab\\forgery-detector\\data\\ela_cache\4211_0.png,0
D:\\zainab\\forgery-detector\\data\\ela_cache\4212_1.png,1
D:\\zainab\\forgery-detector\\data\\ela_cache\4213_0.png,0
D:\\zainab\\forgery-detector\\data\\ela_cache\4214_0.png,0
D:\\zainab\\forgery-detector\\data\\ela_cache\4215_1.png,1
D:\\zainab\\forgery-detector\\data\\ela_cache\4216_1.png,1
D:\\zainab\\forgery-detector\\data\\ela_cache\4217_0.png,0
D:\\zainab\\forgery-detector\\data\\ela_cache\4218_0.png,0
D:\\zainab\\forgery-detector\\data\\ela_cache\4219_1.png,1
D:\\zainab\\forgery-detector\\data\\ela_cache\4220_1.png,1
D:\\zainab\\forgery-detector\\data\\ela_cache\4221_0.png,0
D:\\zainab\\forgery-detector\\data\\ela_cache\4222_1.png,1
D:\\zainab\\forgery-detector\\data\\ela_cache\4223_0.png,0
D:\\zainab\\forgery-detector\\data\\ela_cache\4224_1.png,1
D:\\zainab\\forgery-detector\\data\\ela_cache\4225_0.png,0
D:\\zainab\\forgery-detector\\data\\ela_cache\4226_1.png,1
D:\\zainab\\forgery-detector\\data\\ela_cache\4227_1.png,1
D:\\zainab\\forgery-detector\\data\\ela_cache\4228_0.png,0
D:\\zainab\\forgery-detector\\data\\ela_cache\4229_1.png,1
D:\\zainab\\forgery-detector\\data\\ela_cache\4230_0.png,0
D:\\zainab\\forgery-detector\\data\\ela_cache\4231_0.png,0
D:\\zainab\\forgery-detector\\data\\ela_cache\4232_0.png,0
D:\\zainab\\forgery-detector\\data\\ela_cache\4233_0.png,0
D:\\zainab\\forgery-detector\\data\\ela_cache\4234_1.png,1
D:\\zainab\\forgery-detector\\data\\ela_cache\4235_1.png,1
D:\\zainab\\forgery-detector\\data\\ela_cache\4236_0.png,0
D:\\zainab\\forgery-detector\\data\\ela_cache\4237_1.png,1
D:\\zainab\\forgery-detector\\data\\ela_cache\4238_0.png,0
D:\\zainab\\forgery-detector\\data\\ela_cache\4239_0.png,0
D:\\zainab\\forgery-detector\\data\\ela_cache\4240_0.png,0
D:\\zainab\\forgery-detector\\data\\ela_cache\4241_1.png,1
D:\\zainab\\forgery-detector\\data\\ela_cache\4242_0.png,0
D:\\zainab\\forgery-detector\\data\\ela_cache\4243_0.png,0
D:\\zainab\\forgery-detector\\data\\ela_cache\4244_1.png,1
D:\\zainab\\forgery-detector\\data\\ela_cache\4245_1.png,1
D:\\zainab\\forgery-detector\\data\\ela_cache\4246_0.png,0
D:\\zainab\\forgery-detector\\data\\ela_cache\4247_0.png,0
D:\\zainab\\forgery-detector\\data\\ela_cache\4248_0.png,0
D:\\zainab\\forgery-detector\\data\\ela_cache\4249_1.png,1
D:\\zainab\\forgery-detector\\data\\ela_cache\4250_1.png,1
D:\\zainab\\forgery-detector\\data\\ela_cache\4251_1.png,1
D:\\zainab\\forgery-detector\\data\\ela_cache\4252_0.png,0
D:\\zainab\\forgery-detector\\data\\ela_cache\4253_1.png,1
D:\\zainab\\forgery-detector\\data\\ela_cache\4254_1.png,1
D:\\zainab\\forgery-detector\\data\\ela_cache\4255_0.png,0
D:\\zainab\\forgery-detector\\data\\ela_cache\4256_1.png,1
D:\\zainab\\forgery-detector\\data\\ela_cache\4257_0.png,0
D:\\zainab\\forgery-detector\\data\\ela_cache\4258_1.png,1
D:\\zainab\\forgery-detector\\data\\ela_cache\4259_0.png,0
D:\\zainab\\forgery-detector\\data\\ela_cache\4260_1.png,1
D:\\zainab\\forgery-detector\\data\\ela_cache\4261_1.png,1
D:\\zainab\\forgery-detector\\data\\ela_cache\4262_0.png,0
D:\\zainab\\forgery-detector\\data\\ela_cache\4263_1.png,1
D:\\zainab\\forgery-detector\\data\\ela_cache\4264_0.png,0
D:\\zainab\\forgery-detector\\data\\ela_cache\4265_1.png,1
D:\\zainab\\forgery-detector\\data\\ela_cache\4266_1.png,1
D:\\zainab\\forgery-detector\\data\\ela_cache\4267_1.png,1
D:\\zainab\\forgery-detector\\data\\ela_cache\4268_0.png,0
D:\\zainab\\forgery-detector\\data\\ela_cache\4269_0.png,0
D:\\zainab\\forgery-detector\\data\\ela_cache\4270_0.png,0
D:\\zainab\\forgery-detector\\data\\ela_cache\4271_1.png,1
D:\\zainab\\forgery-detector\\data\\ela_cache\4272_0.png,0
D:\\zainab\\forgery-detector\\data\\ela_cache\4273_0.png,0
D:\\zainab\\forgery-detector\\data\\ela_cache\4274_0.png,0
D:\\zainab\\forgery-detector\\data\\ela_cache\4275_0.png,0
D:\\zainab\\forgery-detector\\data\\ela_cache\4276_1.png,1
D:\\zainab\\forgery-detector\\data\\ela_cache\4277_0.png,0
D:\\zainab\\forgery-detector\\data\\ela_cache\4278_1.png,1
D:\\zainab\\forgery-detector\\data\\ela_cache\4279_0.png,0
D:\\zainab\\forgery-detector\\data\\ela_cache\4280_0.png,0
D:\\zainab\\forgery-detector\\data\\ela_cache\4281_1.png,1
D:\\zainab\\forgery-detector\\data\\ela_cache\4282_1.png,1
D:\\zainab\\forgery-detector\\data\\ela_cache\4283_1.png,1
D:\\zainab\\forgery-detector\\data\\ela_cache\4284_0.png,0
D:\\zainab\\forgery-detector\\data\\ela_cache\4285_1.png,1
D:\\zainab\\forgery-detector\\data\\ela_cache\4286_1.png,1
D:\\zainab\\forgery-detector\\data\\ela_cache\4287_0.png,0
D:\\zainab\\forgery-detector\\data\\ela_cache\4288_1.png,1
D:\\zainab\\forgery-detector\\data\\ela_cache\4289_0.png,0
D:\\zainab\\forgery-detector\\data\\ela_cache\4290_1.png,1
D:\\zainab\\forgery-detector\\data\\ela_cache\4291_1.png,1
D:\\zainab\\forgery-detector\\data\\ela_cache\4292_1.png,1
D:\\zainab\\forgery-detector\\data\\ela_cache\4293_0.png,0
D:\\zainab\\forgery-detector\\data\\ela_cache\4294_1.png,1
D:\\zainab\\forgery-detector\\data\\ela_cache\4295_1.png,1
D:\\zainab\\forgery-detector\\data\\ela_cache\4296_1.png,1
D:\\zainab\\forgery-detector\\data\\ela_cache\4297_0.png,0
D:\\zainab\\forgery-detector\\data\\ela_cache\4298_1.png,1
D:\\zainab\\forgery-detector\\data\\ela_cache\4299_0.png,0
D:\\zainab\\forgery-detector\\data\\ela_cache\4300_0.png,0
D:\\zainab\\forgery-detector\\data\\ela_cache\4301_1.png,1
D:\\zainab\\forgery-detector\\data\\ela_cache\4302_1.png,1
D:\\zainab\\forgery-detector\\data\\ela_cache\4303_1.png,1
D:\\zainab\\forgery-detector\\data\\ela_cache\4304_0.png,0
D:\\zainab\\forgery-detector\\data\\ela_cache\4305_1.png,1
D:\\zainab\\forgery-detector\\data\\ela_cache\4306_0.png,0
D:\\zainab\\forgery-detector\\data\\ela_cache\4307_1.png,1
D:\\zainab\\forgery-detector\\data\\ela_cache\4308_1.png,1
D:\\zainab\\forgery-detector\\data\\ela_cache\4309_0.png,0
D:\\zainab\\forgery-detector\\data\\ela_cache\4310_0.png,0
D:\\zainab\\forgery-detector\\data\\ela_cache\4311_0.png,0
D:\\zainab\\forgery-detector\\data\\ela_cache\4312_1.png,1
D:\\zainab\\forgery-detector\\data\\ela_cache\4313_1.png,1
D:\\zainab\\forgery-detector\\data\\ela_cache\4314_0.png,0
D:\\zainab\\forgery-detector\\data\\ela_cache\4315_1.png,1
D:\\zainab\\forgery-detector\\data\\ela_cache\4316_0.png,0
D:\\zainab\\forgery-detector\\data\\ela_cache\4317_1.png,1
D:\\zainab\\forgery-detector\\data\\ela_cache\4318_0.png,0
D:\\zainab\\forgery-detector\\data\\ela_cache\4319_0.png,0
D:\\zainab\\forgery-detector\\data\\ela_cache\4320_1.png,1
D:\\zainab\\forgery-detector\\data\\ela_cache\4321_1.png,1
D:\\zainab\\forgery-detector\\data\\ela_cache\4322_0.png,0
D:\\zainab\\forgery-detector\\data\\ela_cache\4323_1.png,1
D:\\zainab\\forgery-detector\\data\\ela_cache\4324_0.png,0
D:\\zainab\\forgery-detector\\data\\ela_cache\4325_0.png,0
D:\\zainab\\forgery-detector\\data\\ela_cache\4326_1.png,1
D:\\zainab\\forgery-detector\\data\\ela_cache\4327_1.png,1
D:\\zainab\\forgery-detector\\data\\ela_cache\4328_0.png,0
D:\\zainab\\forgery-detector\\data\\ela_cache\4329_1.png,1
D:\\zainab\\forgery-detector\\data\\ela_cache\4330_0.png,0
D:\\zainab\\forgery-detector\\data\\ela_cache\4331_0.png,0
D:\\zainab\\forgery-detector\\data\\ela_cache\4332_0.png,0
D:\\zainab\\forgery-detector\\data\\ela_cache\4333_1.png,1
D:\\zainab\\forgery-detector\\data\\ela_cache\4334_1.png,1
D:\\zainab\\forgery-detector\\data\\ela_cache\4335_1.png,1
D:\\zainab\\forgery-detector\\data\\ela_cache\4336_0.png,0
D:\\zainab\\forgery-detector\\data\\ela_cache\4337_0.png,0
D:\\zainab\\forgery-detector\\data\\ela_cache\4338_0.png,0
D:\\zainab\\forgery-detector\\data\\ela_cache\4339_0.png,0
D:\\zainab\\forgery-detector\\data\\ela_cache\4340_1.png,1
D:\\zainab\\forgery-detector\\data\\ela_cache\4341_0.png,0
D:\\zainab\\forgery-detector\\data\\ela_cache\4342_0.png,0
D:\\zainab\\forgery-detector\\data\\ela_cache\4343_0.png,0
D:\\zainab\\forgery-detector\\data\\ela_cache\4344_1.png,1
D:\\zainab\\forgery-detector\\data\\ela_cache\4345_0.png,0
D:\\zainab\\forgery-detector\\data\\ela_cache\4346_1.png,1
D:\\zainab\\forgery-detector\\data\\ela_cache\4347_0.png,0
D:\\zainab\\forgery-detector\\data\\ela_cache\4348_1.png,1
D:\\zainab\\forgery-detector\\data\\ela_cache\4349_0.png,0
D:\\zainab\\forgery-detector\\data\\ela_cache\4350_1.png,1
D:\\zainab\\forgery-detector\\data\\ela_cache\4351_0.png,0
D:\\zainab\\forgery-detector\\data\\ela_cache\4352_1.png,1
D:\\zainab\\forgery-detector\\data\\ela_cache\4353_0.png,0
D:\\zainab\\forgery-detector\\data\\ela_cache\4354_0.png,0
D:\\zainab\\forgery-detector\\data\\ela_cache\4355_0.png,0
D:\\zainab\\forgery-detector\\data\\ela_cache\4356_0.png,0
D:\\zainab\\forgery-detector\\data\\ela_cache\4357_0.png,0
D:\\zainab\\forgery-detector\\data\\ela_cache\4358_0.png,0
D:\\zainab\\forgery-detector\\data\\ela_cache\4359_1.png,1
D:\\zainab\\forgery-detector\\data\\ela_cache\4360_0.png,0
D:\\zainab\\forgery-detector\\data\\ela_cache\4361_1.png,1
D:\\zainab\\forgery-detector\\data\\ela_cache\4362_0.png,0
D:\\zainab\\forgery-detector\\data\\ela_cache\4363_0.png,0
D:\\zainab\\forgery-detector\\data\\ela_cache\4364_0.png,0
D:\\zainab\\forgery-detector\\data\\ela_cache\4365_1.png,1
D:\\zainab\\forgery-detector\\data\\ela_cache\4366_1.png,1
D:\\zainab\\forgery-detector\\data\\ela_cache\4367_1.png,1
D:\\zainab\\forgery-detector\\data\\ela_cache\4368_0.png,0
D:\\zainab\\forgery-detector\\data\\ela_cache\4369_0.png,0
D:\\zainab\\forgery-detector\\data\\ela_cache\4370_0.png,0
D:\\zainab\\forgery-detector\\data\\ela_cache\4371_0.png,0
D:\\zainab\\forgery-detector\\data\\ela_cache\4372_0.png,0
D:\\zainab\\forgery-detector\\data\\ela_cache\4373_0.png,0
D:\\zainab\\forgery-detector\\data\\ela_cache\4374_0.png,0
D:\\zainab\\forgery-detector\\data\\ela_cache\4375_0.png,0
D:\\zainab\\forgery-detector\\data\\ela_cache\4376_1.png,1
D:\\zainab\\forgery-detector\\data\\ela_cache\4377_0.png,0
D:\\zainab\\forgery-detector\\data\\ela_cache\4378_0.png,0
D:\\zainab\\forgery-detector\\data\\ela_cache\4379_0.png,0
D:\\zainab\\forgery-detector\\data\\ela_cache\4380_0.png,0
D:\\zainab\\forgery-detector\\data\\ela_cache\4381_0.png,0
D:\\zainab\\forgery-detector\\data\\ela_cache\4382_1.png,1
D:\\zainab\\forgery-detector\\data\\ela_cache\4383_0.png,0
D:\\zainab\\forgery-detector\\data\\ela_cache\4384_1.png,1
D:\\zainab\\forgery-detector\\data\\ela_cache\4385_0.png,0
D:\\zainab\\forgery-detector\\data\\ela_cache\4386_1.png,1
D:\\zainab\\forgery-detector\\data\\ela_cache\4387_0.png,0
D:\\zainab\\forgery-detector\\data\\ela_cache\4388_1.png,1
D:\\zainab\\forgery-detector\\data\\ela_cache\4389_1.png,1
D:\\zainab\\forgery-detector\\data\\ela_cache\4390_1.png,1
D:\\zainab\\forgery-detector\\data\\ela_cache\4391_0.png,0
D:\\zainab\\forgery-detector\\data\\ela_cache\4392_0.png,0
D:\\zainab\\forgery-detector\\data\\ela_cache\4393_1.png,1
D:\\zainab\\forgery-detector\\data\\ela_cache\4394_0.png,0
D:\\zainab\\forgery-detector\\data\\ela_cache\4395_0.png,0
D:\\zainab\\forgery-detector\\data\\ela_cache\4396_1.png,1
D:\\zainab\\forgery-detector\\data\\ela_cache\4397_0.png,0
D:\\zainab\\forgery-detector\\data\\ela_cache\4398_1.png,1
D:\\zainab\\forgery-detector\\data\\ela_cache\4399_0.png,0
D:\\zainab\\forgery-detector\\data\\ela_cache\4400_0.png,0
D:\\zainab\\forgery-detector\\data\\ela_cache\4401_0.png,0
D:\\zainab\\forgery-detector\\data\\ela_cache\4402_0.png,0
D:\\zainab\\forgery-detector\\data\\ela_cache\4403_1.png,1
D:\\zainab\\forgery-detector\\data\\ela_cache\4404_0.png,0
D:\\zainab\\forgery-detector\\data\\ela_cache\4405_0.png,0
D:\\zainab\\forgery-detector\\data\\ela_cache\4406_0.png,0
D:\\zainab\\forgery-detector\\data\\ela_cache\4407_0.png,0
D:\\zainab\\forgery-detector\\data\\ela_cache\4408_0.png,0
D:\\zainab\\forgery-detector\\data\\ela_cache\4409_0.png,0
D:\\zainab\\forgery-detector\\data\\ela_cache\4410_0.png,0
D:\\zainab\\forgery-detector\\data\\ela_cache\4411_0.png,0
D:\\zainab\\forgery-detector\\data\\ela_cache\4412_0.png,0
D:\\zainab\\forgery-detector\\data\\ela_cache\4413_0.png,0
D:\\zainab\\forgery-detector\\data\\ela_cache\4414_1.png,1
D:\\zainab\\forgery-detector\\data\\ela_cache\4415_0.png,0
D:\\zainab\\forgery-detector\\data\\ela_cache\4416_0.png,0
D:\\zainab\\forgery-detector\\data\\ela_cache\4417_0.png,0
D:\\zainab\\forgery-detector\\data\\ela_cache\4418_0.png,0
D:\\zainab\\forgery-detector\\data\\ela_cache\4419_1.png,1
D:\\zainab\\forgery-detector\\data\\ela_cache\4420_0.png,0
D:\\zainab\\forgery-detector\\data\\ela_cache\4421_0.png,0
D:\\zainab\\forgery-detector\\data\\ela_cache\4422_1.png,1
D:\\zainab\\forgery-detector\\data\\ela_cache\4423_0.png,0
D:\\zainab\\forgery-detector\\data\\ela_cache\4424_0.png,0
D:\\zainab\\forgery-detector\\data\\ela_cache\4425_1.png,1
D:\\zainab\\forgery-detector\\data\\ela_cache\4426_1.png,1
D:\\zainab\\forgery-detector\\data\\ela_cache\4427_0.png,0
D:\\zainab\\forgery-detector\\data\\ela_cache\4428_0.png,0
D:\\zainab\\forgery-detector\\data\\ela_cache\4429_0.png,0
D:\\zainab\\forgery-detector\\data\\ela_cache\4430_1.png,1
D:\\zainab\\forgery-detector\\data\\ela_cache\4431_0.png,0
D:\\zainab\\forgery-detector\\data\\ela_cache\4432_0.png,0
D:\\zainab\\forgery-detector\\data\\ela_cache\4433_0.png,0
D:\\zainab\\forgery-detector\\data\\ela_cache\4434_0.png,0
D:\\zainab\\forgery-detector\\data\\ela_cache\4435_1.png,1
D:\\zainab\\forgery-detector\\data\\ela_cache\4436_0.png,0
D:\\zainab\\forgery-detector\\data\\ela_cache\4437_1.png,1
D:\\zainab\\forgery-detector\\data\\ela_cache\4438_0.png,0
D:\\zainab\\forgery-detector\\data\\ela_cache\4439_0.png,0
D:\\zainab\\forgery-detector\\data\\ela_cache\4440_0.png,0
D:\\zainab\\forgery-detector\\data\\ela_cache\4441_0.png,0
D:\\zainab\\forgery-detector\\data\\ela_cache\4442_0.png,0
D:\\zainab\\forgery-detector\\data\\ela_cache\4443_0.png,0
D:\\zainab\\forgery-detector\\data\\ela_cache\4444_0.png,0
D:\\zainab\\forgery-detector\\data\\ela_cache\4445_1.png,1
D:\\zainab\\forgery-detector\\data\\ela_cache\4446_0.png,0
D:\\zainab\\forgery-detector\\data\\ela_cache\4447_1.png,1
D:\\zainab\\forgery-detector\\data\\ela_cache\4448_1.png,1
D:\\zainab\\forgery-detector\\data\\ela_cache\4449_0.png,0
D:\\zainab\\forgery-detector\\data\\ela_cache\4450_0.png,0
D:\\zainab\\forgery-detector\\data\\ela_cache\4451_0.png,0
D:\\zainab\\forgery-detector\\data\\ela_cache\4452_1.png,1
D:\\zainab\\forgery-detector\\data\\ela_cache\4453_1.png,1
D:\\zainab\\forgery-detector\\data\\ela_cache\4454_1.png,1
D:\\zainab\\forgery-detector\\data\\ela_cache\4455_0.png,0
D:\\zainab\\forgery-detector\\data\\ela_cache\4456_1.png,1
D:\\zainab\\forgery-detector\\data\\ela_cache\4457_0.png,0
D:\\zainab\\forgery-detector\\data\\ela_cache\4458_0.png,0
D:\\zainab\\forgery-detector\\data\\ela_cache\4459_0.png,0
D:\\zainab\\forgery-detector\\data\\ela_cache\4460_1.png,1
D:\\zainab\\forgery-detector\\data\\ela_cache\4461_1.png,1
D:\\zainab\\forgery-detector\\data\\ela_cache\4462_0.png,0
D:\\zainab\\forgery-detector\\data\\ela_cache\4463_1.png,1
D:\\zainab\\forgery-detector\\data\\ela_cache\4464_0.png,0
D:\\zainab\\forgery-detector\\data\\ela_cache\4465_0.png,0
D:\\zainab\\forgery-detector\\data\\ela_cache\4466_0.png,0
D:\\zainab\\forgery-detector\\data\\ela_cache\4467_0.png,0
D:\\zainab\\forgery-detector\\data\\ela_cache\4468_0.png,0
D:\\zainab\\forgery-detector\\data\\ela_cache\4469_0.png,0
D:\\zainab\\forgery-detector\\data\\ela_cache\4470_1.png,1
D:\\zainab\\forgery-detector\\data\\ela_cache\4471_1.png,1
D:\\zainab\\forgery-detector\\data\\ela_cache\4472_1.png,1
D:\\zainab\\forgery-detector\\data\\ela_cache\4473_0.png,0
D:\\zainab\\forgery-detector\\data\\ela_cache\4474_0.png,0
D:\\zainab\\forgery-detector\\data\\ela_cache\4475_1.png,1
D:\\zainab\\forgery-detector\\data\\ela_cache\4476_1.png,1
D:\\zainab\\forgery-detector\\data\\ela_cache\4477_0.png,0
D:\\zainab\\forgery-detector\\data\\ela_cache\4478_0.png,0
D:\\zainab\\forgery-detector\\data\\ela_cache\4479_1.png,1
D:\\zainab\\forgery-detector\\data\\ela_cache\4480_0.png,0
D:\\zainab\\forgery-detector\\data\\ela_cache\4481_0.png,0
D:\\zainab\\forgery-detector\\data\\ela_cache\4482_0.png,0
D:\\zainab\\forgery-detector\\data\\ela_cache\4483_1.png,1
D:\\zainab\\forgery-detector\\data\\ela_cache\4484_0.png,0
D:\\zainab\\forgery-detector\\data\\ela_cache\4485_1.png,1
D:\\zainab\\forgery-detector\\data\\ela_cache\4486_1.png,1
D:\\zainab\\forgery-detector\\data\\ela_cache\4487_0.png,0
D:\\zainab\\forgery-detector\\data\\ela_cache\4488_0.png,0
D:\\zainab\\forgery-detector\\data\\ela_cache\4489_1.png,1
D:\\zainab\\forgery-detector\\data\\ela_cache\4490_0.png,0
D:\\zainab\\forgery-detector\\data\\ela_cache\4491_0.png,0
D:\\zainab\\forgery-detector\\data\\ela_cache\4492_0.png,0
D:\\zainab\\forgery-detector\\data\\ela_cache\4493_0.png,0
D:\\zainab\\forgery-detector\\data\\ela_cache\4494_1.png,1
D:\\zainab\\forgery-detector\\data\\ela_cache\4495_1.png,1
D:\\zainab\\forgery-detector\\data\\ela_cache\4496_0.png,0
D:\\zainab\\forgery-detector\\data\\ela_cache\4497_1.png,1
D:\\zainab\\forgery-detector\\data\\ela_cache\4498_1.png,1
D:\\zainab\\forgery-detector\\data\\ela_cache\4499_0.png,0
D:\\zainab\\forgery-detector\\data\\ela_cache\4500_1.png,1
D:\\zainab\\forgery-detector\\data\\ela_cache\4501_0.png,0
D:\\zainab\\forgery-detector\\data\\ela_cache\4502_1.png,1
D:\\zainab\\forgery-detector\\data\\ela_cache\4503_1.png,1
D:\\zainab\\forgery-detector\\data\\ela_cache\4504_1.png,1
D:\\zainab\\forgery-detector\\data\\ela_cache\4505_1.png,1
D:\\zainab\\forgery-detector\\data\\ela_cache\4506_1.png,1
D:\\zainab\\forgery-detector\\data\\ela_cache\4507_1.png,1
D:\\zainab\\forgery-detector\\data\\ela_cache\4508_0.png,0
D:\\zainab\\forgery-detector\\data\\ela_cache\4509_1.png,1
D:\\zainab\\forgery-detector\\data\\ela_cache\4510_1.png,1
D:\\zainab\\forgery-detector\\data\\ela_cache\4511_1.png,1
D:\\zainab\\forgery-detector\\data\\ela_cache\4512_0.png,0
D:\\zainab\\forgery-detector\\data\\ela_cache\4513_0.png,0
D:\\zainab\\forgery-detector\\data\\ela_cache\4514_1.png,1
D:\\zainab\\forgery-detector\\data\\ela_cache\4515_1.png,1
D:\\zainab\\forgery-detector\\data\\ela_cache\4516_0.png,0
D:\\zainab\\forgery-detector\\data\\ela_cache\4517_0.png,0
D:\\zainab\\forgery-detector\\data\\ela_cache\4518_0.png,0
D:\\zainab\\forgery-detector\\data\\ela_cache\4519_1.png,1
D:\\zainab\\forgery-detector\\data\\ela_cache\4520_1.png,1
D:\\zainab\\forgery-detector\\data\\ela_cache\4521_0.png,0
D:\\zainab\\forgery-detector\\data\\ela_cache\4522_0.png,0
D:\\zainab\\forgery-detector\\data\\ela_cache\4523_1.png,1
D:\\zainab\\forgery-detector\\data\\ela_cache\4524_1.png,1
D:\\zainab\\forgery-detector\\data\\ela_cache\4525_1.png,1
D:\\zainab\\forgery-detector\\data\\ela_cache\4526_0.png,0
D:\\zainab\\forgery-detector\\data\\ela_cache\4527_0.png,0
D:\\zainab\\forgery-detector\\data\\ela_cache\4528_0.png,0
D:\\zainab\\forgery-detector\\data\\ela_cache\4529_1.png,1
D:\\zainab\\forgery-detector\\data\\ela_cache\4530_1.png,1
D:\\zainab\\forgery-detector\\data\\ela_cache\4531_1.png,1
D:\\zainab\\forgery-detector\\data\\ela_cache\4532_0.png,0
D:\\zainab\\forgery-detector\\data\\ela_cache\4533_0.png,0
D:\\zainab\\forgery-detector\\data\\ela_cache\4534_1.png,1
D:\\zainab\\forgery-detector\\data\\ela_cache\4535_0.png,0
D:\\zainab\\forgery-detector\\data\\ela_cache\4536_0.png,0
D:\\zainab\\forgery-detector\\data\\ela_cache\4537_0.png,0
D:\\zainab\\forgery-detector\\data\\ela_cache\4538_1.png,1
D:\\zainab\\forgery-detector\\data\\ela_cache\4539_0.png,0
D:\\zainab\\forgery-detector\\data\\ela_cache\4540_0.png,0
D:\\zainab\\forgery-detector\\data\\ela_cache\4541_0.png,0
D:\\zainab\\forgery-detector\\data\\ela_cache\4542_0.png,0
D:\\zainab\\forgery-detector\\data\\ela_cache\4543_0.png,0
D:\\zainab\\forgery-detector\\data\\ela_cache\4544_1.png,1
D:\\zainab\\forgery-detector\\data\\ela_cache\4545_0.png,0
D:\\zainab\\forgery-detector\\data\\ela_cache\4546_1.png,1
D:\\zainab\\forgery-detector\\data\\ela_cache\4547_0.png,0
D:\\zainab\\forgery-detector\\data\\ela_cache\4548_0.png,0
D:\\zainab\\forgery-detector\\data\\ela_cache\4549_1.png,1
D:\\zainab\\forgery-detector\\data\\ela_cache\4550_1.png,1
D:\\zainab\\forgery-detector\\data\\ela_cache\4551_0.png,0
D:\\zainab\\forgery-detector\\data\\ela_cache\4552_1.png,1
D:\\zainab\\forgery-detector\\data\\ela_cache\4553_0.png,0
D:\\zainab\\forgery-detector\\data\\ela_cache\4554_1.png,1
D:\\zainab\\forgery-detector\\data\\ela_cache\4555_1.png,1
D:\\zainab\\forgery-detector\\data\\ela_cache\4556_1.png,1
D:\\zainab\\forgery-detector\\data\\ela_cache\4557_0.png,0
D:\\zainab\\forgery-detector\\data\\ela_cache\4558_1.png,1
D:\\zainab\\forgery-detector\\data\\ela_cache\4559_1.png,1
D:\\zainab\\forgery-detector\\data\\ela_cache\4560_0.png,0
D:\\zainab\\forgery-detector\\data\\ela_cache\4561_0.png,0
D:\\zainab\\forgery-detector\\data\\ela_cache\4562_1.png,1
D:\\zainab\\forgery-detector\\data\\ela_cache\4563_1.png,1
D:\\zainab\\forgery-detector\\data\\ela_cache\4564_0.png,0
D:\\zainab\\forgery-detector\\data\\ela_cache\4565_1.png,1
D:\\zainab\\forgery-detector\\data\\ela_cache\4566_0.png,0
D:\\zainab\\forgery-detector\\data\\ela_cache\4567_1.png,1
D:\\zainab\\forgery-detector\\data\\ela_cache\4568_0.png,0
D:\\zainab\\forgery-detector\\data\\ela_cache\4569_0.png,0
D:\\zainab\\forgery-detector\\data\\ela_cache\4570_1.png,1
D:\\zainab\\forgery-detector\\data\\ela_cache\4571_0.png,0
D:\\zainab\\forgery-detector\\data\\ela_cache\4572_1.png,1
D:\\zainab\\forgery-detector\\data\\ela_cache\4573_0.png,0
D:\\zainab\\forgery-detector\\data\\ela_cache\4574_1.png,1
D:\\zainab\\forgery-detector\\data\\ela_cache\4575_0.png,0
D:\\zainab\\forgery-detector\\data\\ela_cache\4576_1.png,1
D:\\zainab\\forgery-detector\\data\\ela_cache\4577_1.png,1
D:\\zainab\\forgery-detector\\data\\ela_cache\4578_0.png,0
D:\\zainab\\forgery-detector\\data\\ela_cache\4579_0.png,0
D:\\zainab\\forgery-detector\\data\\ela_cache\4580_1.png,1
D:\\zainab\\forgery-detector\\data\\ela_cache\4581_1.png,1
D:\\zainab\\forgery-detector\\data\\ela_cache\4582_0.png,0
D:\\zainab\\forgery-detector\\data\\ela_cache\4583_1.png,1
D:\\zainab\\forgery-detector\\data\\ela_cache\4584_0.png,0
D:\\zainab\\forgery-detector\\data\\ela_cache\4585_1.png,1
D:\\zainab\\forgery-detector\\data\\ela_cache\4586_1.png,1
D:\\zainab\\forgery-detector\\data\\ela_cache\4587_0.png,0
D:\\zainab\\forgery-detector\\data\\ela_cache\4588_0.png,0
D:\\zainab\\forgery-detector\\data\\ela_cache\4589_0.png,0
D:\\zainab\\forgery-detector\\data\\ela_cache\4590_0.png,0
D:\\zainab\\forgery-detector\\data\\ela_cache\4591_0.png,0
D:\\zainab\\forgery-detector\\data\\ela_cache\4592_0.png,0
D:\\zainab\\forgery-detector\\data\\ela_cache\4593_1.png,1
D:\\zainab\\forgery-detector\\data\\ela_cache\4594_0.png,0
D:\\zainab\\forgery-detector\\data\\ela_cache\4595_0.png,0
D:\\zainab\\forgery-detector\\data\\ela_cache\4596_0.png,0
D:\\zainab\\forgery-detector\\data\\ela_cache\4597_0.png,0
D:\\zainab\\forgery-detector\\data\\ela_cache\4598_1.png,1
D:\\zainab\\forgery-detector\\data\\ela_cache\4599_0.png,0
D:\\zainab\\forgery-detector\\data\\ela_cache\4600_1.png,1
D:\\zainab\\forgery-detector\\data\\ela_cache\4601_1.png,1
D:\\zainab\\forgery-detector\\data\\ela_cache\4602_1.png,1
D:\\zainab\\forgery-detector\\data\\ela_cache\4603_0.png,0
D:\\zainab\\forgery-detector\\data\\ela_cache\4604_1.png,1
D:\\zainab\\forgery-detector\\data\\ela_cache\4605_1.png,1
D:\\zainab\\forgery-detector\\data\\ela_cache\4606_0.png,0
D:\\zainab\\forgery-detector\\data\\ela_cache\4607_0.png,0
D:\\zainab\\forgery-detector\\data\\ela_cache\4608_1.png,1
D:\\zainab\\forgery-detector\\data\\ela_cache\4609_0.png,0
D:\\zainab\\forgery-detector\\data\\ela_cache\4610_0.png,0
D:\\zainab\\forgery-detector\\data\\ela_cache\4611_1.png,1
D:\\zainab\\forgery-detector\\data\\ela_cache\4612_0.png,0
D:\\zainab\\forgery-detector\\data\\ela_cache\4613_1.png,1
D:\\zainab\\forgery-detector\\data\\ela_cache\4614_1.png,1
D:\\zainab\\forgery-detector\\data\\ela_cache\4615_0.png,0
D:\\zainab\\forgery-detector\\data\\ela_cache\4616_0.png,0
D:\\zainab\\forgery-detector\\data\\ela_cache\4617_0.png,0
D:\\zainab\\forgery-detector\\data\\ela_cache\4618_0.png,0
D:\\zainab\\forgery-detector\\data\\ela_cache\4619_1.png,1
D:\\zainab\\forgery-detector\\data\\ela_cache\4620_0.png,0
D:\\zainab\\forgery-detector\\data\\ela_cache\4621_1.png,1
D:\\zainab\\forgery-detector\\data\\ela_cache\4622_1.png,1
D:\\zainab\\forgery-detector\\data\\ela_cache\4623_0.png,0
D:\\zainab\\forgery-detector\\data\\ela_cache\4624_0.png,0
D:\\zainab\\forgery-detector\\data\\ela_cache\4625_0.png,0
D:\\zainab\\forgery-detector\\data\\ela_cache\4626_0.png,0
D:\\zainab\\forgery-detector\\data\\ela_cache\4627_1.png,1
D:\\zainab\\forgery-detector\\data\\ela_cache\4628_0.png,0
D:\\zainab\\forgery-detector\\data\\ela_cache\4629_0.png,0
D:\\zainab\\forgery-detector\\data\\ela_cache\4630_0.png,0
D:\\zainab\\forgery-detector\\data\\ela_cache\4631_0.png,0
D:\\zainab\\forgery-detector\\data\\ela_cache\4632_1.png,1
D:\\zainab\\forgery-detector\\data\\ela_cache\4633_0.png,0
D:\\zainab\\forgery-detector\\data\\ela_cache\4634_0.png,0
D:\\zainab\\forgery-detector\\data\\ela_cache\4635_1.png,1
D:\\zainab\\forgery-detector\\data\\ela_cache\4636_1.png,1
D:\\zainab\\forgery-detector\\data\\ela_cache\4637_1.png,1
D:\\zainab\\forgery-detector\\data\\ela_cache\4638_1.png,1
D:\\zainab\\forgery-detector\\data\\ela_cache\4639_1.png,1
D:\\zainab\\forgery-detector\\data\\ela_cache\4640_0.png,0
D:\\zainab\\forgery-detector\\data\\ela_cache\4641_1.png,1
D:\\zainab\\forgery-detector\\data\\ela_cache\4642_0.png,0
D:\\zainab\\forgery-detector\\data\\ela_cache\4643_0.png,0
D:\\zainab\\forgery-detector\\data\\ela_cache\4644_0.png,0
D:\\zainab\\forgery-detector\\data\\ela_cache\4645_1.png,1
D:\\zainab\\forgery-detector\\data\\ela_cache\4646_1.png,1
D:\\zainab\\forgery-detector\\data\\ela_cache\4647_1.png,1
D:\\zainab\\forgery-detector\\data\\ela_cache\4648_0.png,0
D:\\zainab\\forgery-detector\\data\\ela_cache\4649_0.png,0
D:\\zainab\\forgery-detector\\data\\ela_cache\4650_0.png,0
D:\\zainab\\forgery-detector\\data\\ela_cache\4651_1.png,1
D:\\zainab\\forgery-detector\\data\\ela_cache\4652_0.png,0
D:\\zainab\\forgery-detector\\data\\ela_cache\4653_0.png,0
D:\\zainab\\forgery-detector\\data\\ela_cache\4654_0.png,0
D:\\zainab\\forgery-detector\\data\\ela_cache\4655_0.png,0
D:\\zainab\\forgery-detector\\data\\ela_cache\4656_0.png,0
D:\\zainab\\forgery-detector\\data\\ela_cache\4657_1.png,1
D:\\zainab\\forgery-detector\\data\\ela_cache\4658_1.png,1
D:\\zainab\\forgery-detector\\data\\ela_cache\4659_0.png,0
D:\\zainab\\forgery-detector\\data\\ela_cache\4660_0.png,0
D:\\zainab\\forgery-detector\\data\\ela_cache\4661_0.png,0
D:\\zainab\\forgery-detector\\data\\ela_cache\4662_0.png,0
D:\\zainab\\forgery-detector\\data\\ela_cache\4663_1.png,1
D:\\zainab\\forgery-detector\\data\\ela_cache\4664_1.png,1
D:\\zainab\\forgery-detector\\data\\ela_cache\4665_1.png,1
D:\\zainab\\forgery-detector\\data\\ela_cache\4666_0.png,0
D:\\zainab\\forgery-detector\\data\\ela_cache\4667_0.png,0
D:\\zainab\\forgery-detector\\data\\ela_cache\4668_0.png,0
D:\\zainab\\forgery-detector\\data\\ela_cache\4669_1.png,1
D:\\zainab\\forgery-detector\\data\\ela_cache\4670_0.png,0
D:\\zainab\\forgery-detector\\data\\ela_cache\4671_1.png,1
D:\\zainab\\forgery-detector\\data\\ela_cache\4672_1.png,1
D:\\zainab\\forgery-detector\\data\\ela_cache\4673_1.png,1
D:\\zainab\\forgery-detector\\data\\ela_cache\4674_1.png,1
D:\\zainab\\forgery-detector\\data\\ela_cache\4675_0.png,0
D:\\zainab\\forgery-detector\\data\\ela_cache\4676_0.png,0
D:\\zainab\\forgery-detector\\data\\ela_cache\4677_0.png,0
D:\\zainab\\forgery-detector\\data\\ela_cache\4678_0.png,0
D:\\zainab\\forgery-detector\\data\\ela_cache\4679_1.png,1
D:\\zainab\\forgery-detector\\data\\ela_cache\4680_0.png,0
D:\\zainab\\forgery-detector\\data\\ela_cache\4681_1.png,1
D:\\zainab\\forgery-detector\\data\\ela_cache\4682_1.png,1
D:\\zainab\\forgery-detector\\data\\ela_cache\4683_0.png,0
D:\\zainab\\forgery-detector\\data\\ela_cache\4684_0.png,0
D:\\zainab\\forgery-detector\\data\\ela_cache\4685_1.png,1
D:\\zainab\\forgery-detector\\data\\ela_cache\4686_1.png,1
D:\\zainab\\forgery-detector\\data\\ela_cache\4687_0.png,0
D:\\zainab\\forgery-detector\\data\\ela_cache\4688_0.png,0
D:\\zainab\\forgery-detector\\data\\ela_cache\4689_0.png,0
D:\\zainab\\forgery-detector\\data\\ela_cache\4690_1.png,1
D:\\zainab\\forgery-detector\\data\\ela_cache\4691_1.png,1
D:\\zainab\\forgery-detector\\data\\ela_cache\4692_0.png,0
D:\\zainab\\forgery-detector\\data\\ela_cache\4693_1.png,1
D:\\zainab\\forgery-detector\\data\\ela_cache\4694_1.png,1
D:\\zainab\\forgery-detector\\data\\ela_cache\4695_0.png,0
D:\\zainab\\forgery-detector\\data\\ela_cache\4696_0.png,0
D:\\zainab\\forgery-detector\\data\\ela_cache\4697_0.png,0
D:\\zainab\\forgery-detector\\data\\ela_cache\4698_0.png,0
D:\\zainab\\forgery-detector\\data\\ela_cache\4699_1.png,1
D:\\zainab\\forgery-detector\\data\\ela_cache\4700_0.png,0
D:\\zainab\\forgery-detector\\data\\ela_cache\4701_0.png,0
D:\\zainab\\forgery-detector\\data\\ela_cache\4702_0.png,0
D:\\zainab\\forgery-detector\\data\\ela_cache\4703_1.png,1
D:\\zainab\\forgery-detector\\data\\ela_cache\4704_0.png,0
D:\\zainab\\forgery-detector\\data\\ela_cache\4705_0.png,0
D:\\zainab\\forgery-detector\\data\\ela_cache\4706_0.png,0
D:\\zainab\\forgery-detector\\data\\ela_cache\4707_0.png,0
D:\\zainab\\forgery-detector\\data\\ela_cache\4708_0.png,0
D:\\zainab\\forgery-detector\\data\\ela_cache\4709_1.png,1
D:\\zainab\\forgery-detector\\data\\ela_cache\4710_1.png,1
D:\\zainab\\forgery-detector\\data\\ela_cache\4711_0.png,0
D:\\zainab\\forgery-detector\\data\\ela_cache\4712_1.png,1
D:\\zainab\\forgery-detector\\data\\ela_cache\4713_1.png,1
D:\\zainab\\forgery-detector\\data\\ela_cache\4714_0.png,0
D:\\zainab\\forgery-detector\\data\\ela_cache\4715_1.png,1
D:\\zainab\\forgery-detector\\data\\ela_cache\4716_1.png,1
D:\\zainab\\forgery-detector\\data\\ela_cache\4717_0.png,0
D:\\zainab\\forgery-detector\\data\\ela_cache\4718_0.png,0
D:\\zainab\\forgery-detector\\data\\ela_cache\4719_0.png,0
D:\\zainab\\forgery-detector\\data\\ela_cache\4720_1.png,1
D:\\zainab\\forgery-detector\\data\\ela_cache\4721_0.png,0
D:\\zainab\\forgery-detector\\data\\ela_cache\4722_0.png,0
D:\\zainab\\forgery-detector\\data\\ela_cache\4723_0.png,0
D:\\zainab\\forgery-detector\\data\\ela_cache\4724_0.png,0
D:\\zainab\\forgery-detector\\data\\ela_cache\4725_1.png,1
D:\\zainab\\forgery-detector\\data\\ela_cache\4726_0.png,0
D:\\zainab\\forgery-detector\\data\\ela_cache\4727_1.png,1
D:\\zainab\\forgery-detector\\data\\ela_cache\4728_1.png,1
D:\\zainab\\forgery-detector\\data\\ela_cache\4729_1.png,1
D:\\zainab\\forgery-detector\\data\\ela_cache\4730_1.png,1
D:\\zainab\\forgery-detector\\data\\ela_cache\4731_1.png,1
D:\\zainab\\forgery-detector\\data\\ela_cache\4732_1.png,1
D:\\zainab\\forgery-detector\\data\\ela_cache\4733_0.png,0
D:\\zainab\\forgery-detector\\data\\ela_cache\4734_1.png,1
D:\\zainab\\forgery-detector\\data\\ela_cache\4735_1.png,1
D:\\zainab\\forgery-detector\\data\\ela_cache\4736_0.png,0
D:\\zainab\\forgery-detector\\data\\ela_cache\4737_1.png,1
D:\\zainab\\forgery-detector\\data\\ela_cache\4738_0.png,0
D:\\zainab\\forgery-detector\\data\\ela_cache\4739_0.png,0
D:\\zainab\\forgery-detector\\data\\ela_cache\4740_0.png,0
D:\\zainab\\forgery-detector\\data\\ela_cache\4741_0.png,0
D:\\zainab\\forgery-detector\\data\\ela_cache\4742_1.png,1
D:\\zainab\\forgery-detector\\data\\ela_cache\4743_1.png,1
D:\\zainab\\forgery-detector\\data\\ela_cache\4744_1.png,1
D:\\zainab\\forgery-detector\\data\\ela_cache\4745_0.png,0
D:\\zainab\\forgery-detector\\data\\ela_cache\4746_0.png,0
D:\\zainab\\forgery-detector\\data\\ela_cache\4747_0.png,0
D:\\zainab\\forgery-detector\\data\\ela_cache\4748_0.png,0
D:\\zainab\\forgery-detector\\data\\ela_cache\4749_1.png,1
D:\\zainab\\forgery-detector\\data\\ela_cache\4750_1.png,1
D:\\zainab\\forgery-detector\\data\\ela_cache\4751_1.png,1
D:\\zainab\\forgery-detector\\data\\ela_cache\4752_0.png,0
D:\\zainab\\forgery-detector\\data\\ela_cache\4753_1.png,1
D:\\zainab\\forgery-detector\\data\\ela_cache\4754_0.png,0
D:\\zainab\\forgery-detector\\data\\ela_cache\4755_0.png,0
D:\\zainab\\forgery-detector\\data\\ela_cache\4756_1.png,1
D:\\zainab\\forgery-detector\\data\\ela_cache\4757_1.png,1
D:\\zainab\\forgery-detector\\data\\ela_cache\4758_0.png,0
D:\\zainab\\forgery-detector\\data\\ela_cache\4759_0.png,0
D:\\zainab\\forgery-detector\\data\\ela_cache\4760_1.png,1
D:\\zainab\\forgery-detector\\data\\ela_cache\4761_0.png,0
D:\\zainab\\forgery-detector\\data\\ela_cache\4762_0.png,0
D:\\zainab\\forgery-detector\\data\\ela_cache\4763_0.png,0
D:\\zainab\\forgery-detector\\data\\ela_cache\4764_0.png,0
D:\\zainab\\forgery-detector\\data\\ela_cache\4765_0.png,0
D:\\zainab\\forgery-detector\\data\\ela_cache\4766_0.png,0
D:\\zainab\\forgery-detector\\data\\ela_cache\4767_1.png,1
D:\\zainab\\forgery-detector\\data\\ela_cache\4768_1.png,1
D:\\zainab\\forgery-detector\\data\\ela_cache\4769_0.png,0
D:\\zainab\\forgery-detector\\data\\ela_cache\4770_0.png,0
D:\\zainab\\forgery-detector\\data\\ela_cache\4771_1.png,1
D:\\zainab\\forgery-detector\\data\\ela_cache\4772_0.png,0
D:\\zainab\\forgery-detector\\data\\ela_cache\4773_0.png,0
D:\\zainab\\forgery-detector\\data\\ela_cache\4774_0.png,0
D:\\zainab\\forgery-detector\\data\\ela_cache\4775_1.png,1
D:\\zainab\\forgery-detector\\data\\ela_cache\4776_1.png,1
D:\\zainab\\forgery-detector\\data\\ela_cache\4777_0.png,0
D:\\zainab\\forgery-detector\\data\\ela_cache\4778_1.png,1
D:\\zainab\\forgery-detector\\data\\ela_cache\4779_0.png,0
D:\\zainab\\forgery-detector\\data\\ela_cache\4780_0.png,0
D:\\zainab\\forgery-detector\\data\\ela_cache\4781_0.png,0
D:\\zainab\\forgery-detector\\data\\ela_cache\4782_1.png,1
D:\\zainab\\forgery-detector\\data\\ela_cache\4783_0.png,0
D:\\zainab\\forgery-detector\\data\\ela_cache\4784_1.png,1
D:\\zainab\\forgery-detector\\data\\ela_cache\4785_0.png,0
D:\\zainab\\forgery-detector\\data\\ela_cache\4786_0.png,0
D:\\zainab\\forgery-detector\\data\\ela_cache\4787_0.png,0
D:\\zainab\\forgery-detector\\data\\ela_cache\4788_1.png,1
D:\\zainab\\forgery-detector\\data\\ela_cache\4789_0.png,0
D:\\zainab\\forgery-detector\\data\\ela_cache\4790_0.png,0
D:\\zainab\\forgery-detector\\data\\ela_cache\4791_0.png,0
D:\\zainab\\forgery-detector\\data\\ela_cache\4792_1.png,1
D:\\zainab\\forgery-detector\\data\\ela_cache\4793_0.png,0
D:\\zainab\\forgery-detector\\data\\ela_cache\4794_0.png,0
D:\\zainab\\forgery-detector\\data\\ela_cache\4795_1.png,1
D:\\zainab\\forgery-detector\\data\\ela_cache\4796_0.png,0
D:\\zainab\\forgery-detector\\data\\ela_cache\4797_0.png,0
D:\\zainab\\forgery-detector\\data\\ela_cache\4798_0.png,0
D:\\zainab\\forgery-detector\\data\\ela_cache\4799_0.png,0
D:\\zainab\\forgery-detector\\data\\ela_cache\4800_0.png,0
D:\\zainab\\forgery-detector\\data\\ela_cache\4801_1.png,1
D:\\zainab\\forgery-detector\\data\\ela_cache\4802_1.png,1
D:\\zainab\\forgery-detector\\data\\ela_cache\4803_0.png,0
D:\\zainab\\forgery-detector\\data\\ela_cache\4804_1.png,1
D:\\zainab\\forgery-detector\\data\\ela_cache\4805_1.png,1
D:\\zainab\\forgery-detector\\data\\ela_cache\4806_1.png,1
D:\\zainab\\forgery-detector\\data\\ela_cache\4807_1.png,1
D:\\zainab\\forgery-detector\\data\\ela_cache\4808_0.png,0
D:\\zainab\\forgery-detector\\data\\ela_cache\4809_0.png,0
D:\\zainab\\forgery-detector\\data\\ela_cache\4810_0.png,0
D:\\zainab\\forgery-detector\\data\\ela_cache\4811_1.png,1
D:\\zainab\\forgery-detector\\data\\ela_cache\4812_1.png,1
D:\\zainab\\forgery-detector\\data\\ela_cache\4813_1.png,1
D:\\zainab\\forgery-detector\\data\\ela_cache\4814_1.png,1
D:\\zainab\\forgery-detector\\data\\ela_cache\4815_1.png,1
D:\\zainab\\forgery-detector\\data\\ela_cache\4816_0.png,0
D:\\zainab\\forgery-detector\\data\\ela_cache\4817_0.png,0
D:\\zainab\\forgery-detector\\data\\ela_cache\4818_0.png,0
D:\\zainab\\forgery-detector\\data\\ela_cache\4819_1.png,1
D:\\zainab\\forgery-detector\\data\\ela_cache\4820_1.png,1
D:\\zainab\\forgery-detector\\data\\ela_cache\4821_0.png,0
D:\\zainab\\forgery-detector\\data\\ela_cache\4822_0.png,0
D:\\zainab\\forgery-detector\\data\\ela_cache\4823_0.png,0
D:\\zainab\\forgery-detector\\data\\ela_cache\4824_0.png,0
D:\\zainab\\forgery-detector\\data\\ela_cache\4825_0.png,0
D:\\zainab\\forgery-detector\\data\\ela_cache\4826_0.png,0
D:\\zainab\\forgery-detector\\data\\ela_cache\4827_1.png,1
D:\\zainab\\forgery-detector\\data\\ela_cache\4828_1.png,1
D:\\zainab\\forgery-detector\\data\\ela_cache\4829_1.png,1
D:\\zainab\\forgery-detector\\data\\ela_cache\4830_0.png,0
D:\\zainab\\forgery-detector\\data\\ela_cache\4831_0.png,0
D:\\zainab\\forgery-detector\\data\\ela_cache\4832_1.png,1
D:\\zainab\\forgery-detector\\data\\ela_cache\4833_0.png,0
D:\\zainab\\forgery-detector\\data\\ela_cache\4834_1.png,1
D:\\zainab\\forgery-detector\\data\\ela_cache\4835_0.png,0
D:\\zainab\\forgery-detector\\data\\ela_cache\4836_0.png,0
D:\\zainab\\forgery-detector\\data\\ela_cache\4837_0.png,0
D:\\zainab\\forgery-detector\\data\\ela_cache\4838_1.png,1
D:\\zainab\\forgery-detector\\data\\ela_cache\4839_0.png,0
D:\\zainab\\forgery-detector\\data\\ela_cache\4840_1.png,1
D:\\zainab\\forgery-detector\\data\\ela_cache\4841_1.png,1
D:\\zainab\\forgery-detector\\data\\ela_cache\4842_0.png,0
D:\\zainab\\forgery-detector\\data\\ela_cache\4843_0.png,0
D:\\zainab\\forgery-detector\\data\\ela_cache\4844_0.png,0
D:\\zainab\\forgery-detector\\data\\ela_cache\4845_0.png,0
D:\\zainab\\forgery-detector\\data\\ela_cache\4846_1.png,1
D:\\zainab\\forgery-detector\\data\\ela_cache\4847_0.png,0
D:\\zainab\\forgery-detector\\data\\ela_cache\4848_0.png,0
D:\\zainab\\forgery-detector\\data\\ela_cache\4849_1.png,1
D:\\zainab\\forgery-detector\\data\\ela_cache\4850_1.png,1
D:\\zainab\\forgery-detector\\data\\ela_cache\4851_0.png,0
D:\\zainab\\forgery-detector\\data\\ela_cache\4852_0.png,0
D:\\zainab\\forgery-detector\\data\\ela_cache\4853_1.png,1
D:\\zainab\\forgery-detector\\data\\ela_cache\4854_0.png,0
D:\\zainab\\forgery-detector\\data\\ela_cache\4855_0.png,0
D:\\zainab\\forgery-detector\\data\\ela_cache\4856_1.png,1
D:\\zainab\\forgery-detector\\data\\ela_cache\4857_0.png,0
D:\\zainab\\forgery-detector\\data\\ela_cache\4858_1.png,1
D:\\zainab\\forgery-detector\\data\\ela_cache\4859_0.png,0
D:\\zainab\\forgery-detector\\data\\ela_cache\4860_1.png,1
D:\\zainab\\forgery-detector\\data\\ela_cache\4861_0.png,0
D:\\zainab\\forgery-detector\\data\\ela_cache\4862_0.png,0
D:\\zainab\\forgery-detector\\data\\ela_cache\4863_0.png,0
D:\\zainab\\forgery-detector\\data\\ela_cache\4864_1.png,1
D:\\zainab\\forgery-detector\\data\\ela_cache\4865_0.png,0
D:\\zainab\\forgery-detector\\data\\ela_cache\4866_1.png,1
D:\\zainab\\forgery-detector\\data\\ela_cache\4867_0.png,0
D:\\zainab\\forgery-detector\\data\\ela_cache\4868_0.png,0
D:\\zainab\\forgery-detector\\data\\ela_cache\4869_1.png,1
D:\\zainab\\forgery-detector\\data\\ela_cache\4870_0.png,0
D:\\zainab\\forgery-detector\\data\\ela_cache\4871_0.png,0
D:\\zainab\\forgery-detector\\data\\ela_cache\4872_1.png,1
D:\\zainab\\forgery-detector\\data\\ela_cache\4873_1.png,1
D:\\zainab\\forgery-detector\\data\\ela_cache\4874_0.png,0
D:\\zainab\\forgery-detector\\data\\ela_cache\4875_0.png,0
D:\\zainab\\forgery-detector\\data\\ela_cache\4876_1.png,1
D:\\zainab\\forgery-detector\\data\\ela_cache\4877_1.png,1
D:\\zainab\\forgery-detector\\data\\ela_cache\4878_0.png,0
D:\\zainab\\forgery-detector\\data\\ela_cache\4879_0.png,0
D:\\zainab\\forgery-detector\\data\\ela_cache\4880_0.png,0
D:\\zainab\\forgery-detector\\data\\ela_cache\4881_0.png,0
D:\\zainab\\forgery-detector\\data\\ela_cache\4882_1.png,1
D:\\zainab\\forgery-detector\\data\\ela_cache\4883_0.png,0
D:\\zainab\\forgery-detector\\data\\ela_cache\4884_0.png,0
D:\\zainab\\forgery-detector\\data\\ela_cache\4885_0.png,0
D:\\zainab\\forgery-detector\\data\\ela_cache\4886_0.png,0
D:\\zainab\\forgery-detector\\data\\ela_cache\4887_1.png,1
D:\\zainab\\forgery-detector\\data\\ela_cache\4888_0.png,0
D:\\zainab\\forgery-detector\\data\\ela_cache\4889_1.png,1
D:\\zainab\\forgery-detector\\data\\ela_cache\4890_0.png,0
D:\\zainab\\forgery-detector\\data\\ela_cache\4891_1.png,1
D:\\zainab\\forgery-detector\\data\\ela_cache\4892_0.png,0
D:\\zainab\\forgery-detector\\data\\ela_cache\4893_0.png,0
D:\\zainab\\forgery-detector\\data\\ela_cache\4894_0.png,0
D:\\zainab\\forgery-detector\\data\\ela_cache\4895_0.png,0
D:\\zainab\\forgery-detector\\data\\ela_cache\4896_0.png,0
D:\\zainab\\forgery-detector\\data\\ela_cache\4897_0.png,0
D:\\zainab\\forgery-detector\\data\\ela_cache\4898_0.png,0
D:\\zainab\\forgery-detector\\data\\ela_cache\4899_0.png,0
D:\\zainab\\forgery-detector\\data\\ela_cache\4900_0.png,0
D:\\zainab\\forgery-detector\\data\\ela_cache\4901_0.png,0
D:\\zainab\\forgery-detector\\data\\ela_cache\4902_1.png,1
D:\\zainab\\forgery-detector\\data\\ela_cache\4903_0.png,0
D:\\zainab\\forgery-detector\\data\\ela_cache\4904_0.png,0
D:\\zainab\\forgery-detector\\data\\ela_cache\4905_0.png,0
D:\\zainab\\forgery-detector\\data\\ela_cache\4906_0.png,0
D:\\zainab\\forgery-detector\\data\\ela_cache\4907_1.png,1
D:\\zainab\\forgery-detector\\data\\ela_cache\4908_0.png,0
D:\\zainab\\forgery-detector\\data\\ela_cache\4909_0.png,0
D:\\zainab\\forgery-detector\\data\\ela_cache\4910_1.png,1
D:\\zainab\\forgery-detector\\data\\ela_cache\4911_1.png,1
D:\\zainab\\forgery-detector\\data\\ela_cache\4912_0.png,0
D:\\zainab\\forgery-detector\\data\\ela_cache\4913_0.png,0
D:\\zainab\\forgery-detector\\data\\ela_cache\4914_1.png,1
D:\\zainab\\forgery-detector\\data\\ela_cache\4915_1.png,1
D:\\zainab\\forgery-detector\\data\\ela_cache\4916_0.png,0
D:\\zainab\\forgery-detector\\data\\ela_cache\4917_0.png,0
D:\\zainab\\forgery-detector\\data\\ela_cache\4918_0.png,0
D:\\zainab\\forgery-detector\\data\\ela_cache\4919_1.png,1
D:\\zainab\\forgery-detector\\data\\ela_cache\4920_1.png,1
D:\\zainab\\forgery-detector\\data\\ela_cache\4921_0.png,0
D:\\zainab\\forgery-detector\\data\\ela_cache\4922_1.png,1
D:\\zainab\\forgery-detector\\data\\ela_cache\4923_1.png,1
D:\\zainab\\forgery-detector\\data\\ela_cache\4924_0.png,0
D:\\zainab\\forgery-detector\\data\\ela_cache\4925_0.png,0
D:\\zainab\\forgery-detector\\data\\ela_cache\4926_1.png,1
D:\\zainab\\forgery-detector\\data\\ela_cache\4927_1.png,1
D:\\zainab\\forgery-detector\\data\\ela_cache\4928_1.png,1
D:\\zainab\\forgery-detector\\data\\ela_cache\4929_0.png,0
D:\\zainab\\forgery-detector\\data\\ela_cache\4930_0.png,0
D:\\zainab\\forgery-detector\\data\\ela_cache\4931_0.png,0
D:\\zainab\\forgery-detector\\data\\ela_cache\4932_0.png,0
D:\\zainab\\forgery-detector\\data\\ela_cache\4933_0.png,0
D:\\zainab\\forgery-detector\\data\\ela_cache\4934_1.png,1
D:\\zainab\\forgery-detector\\data\\ela_cache\4935_1.png,1
D:\\zainab\\forgery-detector\\data\\ela_cache\4936_0.png,0
D:\\zainab\\forgery-detector\\data\\ela_cache\4937_0.png,0
D:\\zainab\\forgery-detector\\data\\ela_cache\4938_0.png,0
D:\\zainab\\forgery-detector\\data\\ela_cache\4939_1.png,1
D:\\zainab\\forgery-detector\\data\\ela_cache\4940_1.png,1
D:\\zainab\\forgery-detector\\data\\ela_cache\4941_0.png,0
D:\\zainab\\forgery-detector\\data\\ela_cache\4942_0.png,0
D:\\zainab\\forgery-detector\\data\\ela_cache\4943_0.png,0
D:\\zainab\\forgery-detector\\data\\ela_cache\4944_0.png,0
D:\\zainab\\forgery-detector\\data\\ela_cache\4945_0.png,0
D:\\zainab\\forgery-detector\\data\\ela_cache\4946_1.png,1
D:\\zainab\\forgery-detector\\data\\ela_cache\4947_1.png,1
D:\\zainab\\forgery-detector\\data\\ela_cache\4948_0.png,0
D:\\zainab\\forgery-detector\\data\\ela_cache\4949_0.png,0
D:\\zainab\\forgery-detector\\data\\ela_cache\4950_0.png,0
D:\\zainab\\forgery-detector\\data\\ela_cache\4951_0.png,0
D:\\zainab\\forgery-detector\\data\\ela_cache\4952_0.png,0
D:\\zainab\\forgery-detector\\data\\ela_cache\4953_0.png,0
D:\\zainab\\forgery-detector\\data\\ela_cache\4954_1.png,1
D:\\zainab\\forgery-detector\\data\\ela_cache\4955_0.png,0
D:\\zainab\\forgery-detector\\data\\ela_cache\4956_0.png,0
D:\\zainab\\forgery-detector\\data\\ela_cache\4957_1.png,1
D:\\zainab\\forgery-detector\\data\\ela_cache\4958_1.png,1
D:\\zainab\\forgery-detector\\data\\ela_cache\4959_1.png,1
D:\\zainab\\forgery-detector\\data\\ela_cache\4960_1.png,1
D:\\zainab\\forgery-detector\\data\\ela_cache\4961_1.png,1
D:\\zainab\\forgery-detector\\data\\ela_cache\4962_0.png,0
D:\\zainab\\forgery-detector\\data\\ela_cache\4963_1.png,1
D:\\zainab\\forgery-detector\\data\\ela_cache\4964_1.png,1
D:\\zainab\\forgery-detector\\data\\ela_cache\4965_0.png,0
D:\\zainab\\forgery-detector\\data\\ela_cache\4966_1.png,1
D:\\zainab\\forgery-detector\\data\\ela_cache\4967_0.png,0
D:\\zainab\\forgery-detector\\data\\ela_cache\4968_1.png,1
D:\\zainab\\forgery-detector\\data\\ela_cache\4969_1.png,1
D:\\zainab\\forgery-detector\\data\\ela_cache\4970_0.png,0
D:\\zainab\\forgery-detector\\data\\ela_cache\4971_1.png,1
D:\\zainab\\forgery-detector\\data\\ela_cache\4972_0.png,0
D:\\zainab\\forgery-detector\\data\\ela_cache\4973_0.png,0
D:\\zainab\\forgery-detector\\data\\ela_cache\4974_1.png,1
D:\\zainab\\forgery-detector\\data\\ela_cache\4975_1.png,1
D:\\zainab\\forgery-detector\\data\\ela_cache\4976_0.png,0
D:\\zainab\\forgery-detector\\data\\ela_cache\4977_0.png,0
D:\\zainab\\forgery-detector\\data\\ela_cache\4978_1.png,1
D:\\zainab\\forgery-detector\\data\\ela_cache\4979_1.png,1
D:\\zainab\\forgery-detector\\data\\ela_cache\4980_1.png,1
D:\\zainab\\forgery-detector\\data\\ela_cache\4981_1.png,1
D:\\zainab\\forgery-detector\\data\\ela_cache\4982_1.png,1
D:\\zainab\\forgery-detector\\data\\ela_cache\4983_1.png,1
D:\\zainab\\forgery-detector\\data\\ela_cache\4984_1.png,1
D:\\zainab\\forgery-detector\\data\\ela_cache\4985_0.png,0
D:\\zainab\\forgery-detector\\data\\ela_cache\4986_0.png,0
D:\\zainab\\forgery-detector\\data\\ela_cache\4987_0.png,0
D:\\zainab\\forgery-detector\\data\\ela_cache\4988_1.png,1
D:\\zainab\\forgery-detector\\data\\ela_cache\4989_1.png,1
D:\\zainab\\forgery-detector\\data\\ela_cache\4990_0.png,0
D:\\zainab\\forgery-detector\\data\\ela_cache\4991_0.png,0
D:\\zainab\\forgery-detector\\data\\ela_cache\4992_1.png,1
D:\\zainab\\forgery-detector\\data\\ela_cache\4993_0.png,0
D:\\zainab\\forgery-detector\\data\\ela_cache\4994_0.png,0
D:\\zainab\\forgery-detector\\data\\ela_cache\4995_0.png,0
D:\\zainab\\forgery-detector\\data\\ela_cache\4996_1.png,1
D:\\zainab\\forgery-detector\\data\\ela_cache\4997_0.png,0
D:\\zainab\\forgery-detector\\data\\ela_cache\4998_0.png,0
D:\\zainab\\forgery-detector\\data\\ela_cache\4999_1.png,1
D:\\zainab\\forgery-detector\\data\\ela_cache\5000_0.png,0
D:\\zainab\\forgery-detector\\data\\ela_cache\5001_0.png,0
D:\\zainab\\forgery-detector\\data\\ela_cache\5002_1.png,1
D:\\zainab\\forgery-detector\\data\\ela_cache\5003_0.png,0
D:\\zainab\\forgery-detector\\data\\ela_cache\5004_1.png,1
D:\\zainab\\forgery-detector\\data\\ela_cache\5005_1.png,1
D:\\zainab\\forgery-detector\\data\\ela_cache\5006_0.png,0
D:\\zainab\\forgery-detector\\data\\ela_cache\5007_0.png,0
D:\\zainab\\forgery-detector\\data\\ela_cache\5008_0.png,0
D:\\zainab\\forgery-detector\\data\\ela_cache\5009_0.png,0
D:\\zainab\\forgery-detector\\data\\ela_cache\5010_0.png,0
D:\\zainab\\forgery-detector\\data\\ela_cache\5011_0.png,0
D:\\zainab\\forgery-detector\\data\\ela_cache\5012_1.png,1
D:\\zainab\\forgery-detector\\data\\ela_cache\5013_1.png,1
D:\\zainab\\forgery-detector\\data\\ela_cache\5014_0.png,0
D:\\zainab\\forgery-detector\\data\\ela_cache\5015_0.png,0
D:\\zainab\\forgery-detector\\data\\ela_cache\5016_0.png,0
D:\\zainab\\forgery-detector\\data\\ela_cache\5017_0.png,0
D:\\zainab\\forgery-detector\\data\\ela_cache\5018_1.png,1
D:\\zainab\\forgery-detector\\data\\ela_cache\5019_1.png,1
D:\\zainab\\forgery-detector\\data\\ela_cache\5020_0.png,0
D:\\zainab\\forgery-detector\\data\\ela_cache\5021_1.png,1
D:\\zainab\\forgery-detector\\data\\ela_cache\5022_0.png,0
D:\\zainab\\forgery-detector\\data\\ela_cache\5023_0.png,0
D:\\zainab\\forgery-detector\\data\\ela_cache\5024_1.png,1
D:\\zainab\\forgery-detector\\data\\ela_cache\5025_1.png,1
D:\\zainab\\forgery-detector\\data\\ela_cache\5026_0.png,0
D:\\zainab\\forgery-detector\\data\\ela_cache\5027_0.png,0
D:\\zainab\\forgery-detector\\data\\ela_cache\5028_0.png,0
D:\\zainab\\forgery-detector\\data\\ela_cache\5029_1.png,1
D:\\zainab\\forgery-detector\\data\\ela_cache\5030_0.png,0
D:\\zainab\\forgery-detector\\data\\ela_cache\5031_1.png,1
D:\\zainab\\forgery-detector\\data\\ela_cache\5032_0.png,0
D:\\zainab\\forgery-detector\\data\\ela_cache\5033_1.png,1
D:\\zainab\\forgery-detector\\data\\ela_cache\5034_0.png,0
D:\\zainab\\forgery-detector\\data\\ela_cache\5035_0.png,0
D:\\zainab\\forgery-detector\\data\\ela_cache\5036_1.png,1
D:\\zainab\\forgery-detector\\data\\ela_cache\5037_0.png,0
D:\\zainab\\forgery-detector\\data\\ela_cache\5038_0.png,0
D:\\zainab\\forgery-detector\\data\\ela_cache\5039_1.png,1
D:\\zainab\\forgery-detector\\data\\ela_cache\5040_1.png,1
D:\\zainab\\forgery-detector\\data\\ela_cache\5041_1.png,1
D:\\zainab\\forgery-detector\\data\\ela_cache\5042_0.png,0
D:\\zainab\\forgery-detector\\data\\ela_cache\5043_1.png,1
D:\\zainab\\forgery-detector\\data\\ela_cache\5044_0.png,0
D:\\zainab\\forgery-detector\\data\\ela_cache\5045_0.png,0
D:\\zainab\\forgery-detector\\data\\ela_cache\5046_0.png,0
D:\\zainab\\forgery-detector\\data\\ela_cache\5047_1.png,1
D:\\zainab\\forgery-detector\\data\\ela_cache\5048_0.png,0
D:\\zainab\\forgery-detector\\data\\ela_cache\5049_1.png,1
D:\\zainab\\forgery-detector\\data\\ela_cache\5050_0.png,0
D:\\zainab\\forgery-detector\\data\\ela_cache\5051_0.png,0
D:\\zainab\\forgery-detector\\data\\ela_cache\5052_0.png,0
D:\\zainab\\forgery-detector\\data\\ela_cache\5053_1.png,1
D:\\zainab\\forgery-detector\\data\\ela_cache\5054_1.png,1
D:\\zainab\\forgery-detector\\data\\ela_cache\5055_0.png,0
D:\\zainab\\forgery-detector\\data\\ela_cache\5056_1.png,1
D:\\zainab\\forgery-detector\\data\\ela_cache\5057_1.png,1
D:\\zainab\\forgery-detector\\data\\ela_cache\5058_1.png,1
D:\\zainab\\forgery-detector\\data\\ela_cache\5059_0.png,0
D:\\zainab\\forgery-detector\\data\\ela_cache\5060_1.png,1
D:\\zainab\\forgery-detector\\data\\ela_cache\5061_1.png,1
D:\\zainab\\forgery-detector\\data\\ela_cache\5062_0.png,0
D:\\zainab\\forgery-detector\\data\\ela_cache\5063_1.png,1
D:\\zainab\\forgery-detector\\data\\ela_cache\5064_0.png,0
D:\\zainab\\forgery-detector\\data\\ela_cache\5065_0.png,0
D:\\zainab\\forgery-detector\\data\\ela_cache\5066_0.png,0
D:\\zainab\\forgery-detector\\data\\ela_cache\5067_1.png,1
D:\\zainab\\forgery-detector\\data\\ela_cache\5068_0.png,0
D:\\zainab\\forgery-detector\\data\\ela_cache\5069_0.png,0
D:\\zainab\\forgery-detector\\data\\ela_cache\5070_1.png,1
D:\\zainab\\forgery-detector\\data\\ela_cache\5071_1.png,1
D:\\zainab\\forgery-detector\\data\\ela_cache\5072_1.png,1
D:\\zainab\\forgery-detector\\data\\ela_cache\5073_0.png,0
D:\\zainab\\forgery-detector\\data\\ela_cache\5074_1.png,1
D:\\zainab\\forgery-detector\\data\\ela_cache\5075_0.png,0
D:\\zainab\\forgery-detector\\data\\ela_cache\5076_1.png,1
D:\\zainab\\forgery-detector\\data\\ela_cache\5077_0.png,0
D:\\zainab\\forgery-detector\\data\\ela_cache\5078_0.png,0
D:\\zainab\\forgery-detector\\data\\ela_cache\5079_0.png,0
D:\\zainab\\forgery-detector\\data\\ela_cache\5080_1.png,1
D:\\zainab\\forgery-detector\\data\\ela_cache\5081_0.png,0
D:\\zainab\\forgery-detector\\data\\ela_cache\5082_0.png,0
D:\\zainab\\forgery-detector\\data\\ela_cache\5083_0.png,0
D:\\zainab\\forgery-detector\\data\\ela_cache\5084_0.png,0
D:\\zainab\\forgery-detector\\data\\ela_cache\5085_0.png,0
D:\\zainab\\forgery-detector\\data\\ela_cache\5086_1.png,1
D:\\zainab\\forgery-detector\\data\\ela_cache\5087_1.png,1
D:\\zainab\\forgery-detector\\data\\ela_cache\5088_1.png,1
D:\\zainab\\forgery-detector\\data\\ela_cache\5089_0.png,0
D:\\zainab\\forgery-detector\\data\\ela_cache\5090_0.png,0
D:\\zainab\\forgery-detector\\data\\ela_cache\5091_0.png,0
D:\\zainab\\forgery-detector\\data\\ela_cache\5092_0.png,0
D:\\zainab\\forgery-detector\\data\\ela_cache\5093_0.png,0
D:\\zainab\\forgery-detector\\data\\ela_cache\5094_0.png,0
D:\\zainab\\forgery-detector\\data\\ela_cache\5095_0.png,0
D:\\zainab\\forgery-detector\\data\\ela_cache\5096_1.png,1
D:\\zainab\\forgery-detector\\data\\ela_cache\5097_1.png,1
D:\\zainab\\forgery-detector\\data\\ela_cache\5098_0.png,0
D:\\zainab\\forgery-detector\\data\\ela_cache\5099_0.png,0
D:\\zainab\\forgery-detector\\data\\ela_cache\5100_1.png,1
D:\\zainab\\forgery-detector\\data\\ela_cache\5101_0.png,0
D:\\zainab\\forgery-detector\\data\\ela_cache\5102_1.png,1
D:\\zainab\\forgery-detector\\data\\ela_cache\5103_1.png,1
D:\\zainab\\forgery-detector\\data\\ela_cache\5104_0.png,0
D:\\zainab\\forgery-detector\\data\\ela_cache\5105_0.png,0
D:\\zainab\\forgery-detector\\data\\ela_cache\5106_0.png,0
D:\\zainab\\forgery-detector\\data\\ela_cache\5107_0.png,0
D:\\zainab\\forgery-detector\\data\\ela_cache\5108_1.png,1
D:\\zainab\\forgery-detector\\data\\ela_cache\5109_1.png,1
D:\\zainab\\forgery-detector\\data\\ela_cache\5110_0.png,0
D:\\zainab\\forgery-detector\\data\\ela_cache\5111_1.png,1
D:\\zainab\\forgery-detector\\data\\ela_cache\5112_0.png,0
D:\\zainab\\forgery-detector\\data\\ela_cache\5113_1.png,1
D:\\zainab\\forgery-detector\\data\\ela_cache\5114_0.png,0
D:\\zainab\\forgery-detector\\data\\ela_cache\5115_0.png,0
D:\\zainab\\forgery-detector\\data\\ela_cache\5116_1.png,1
D:\\zainab\\forgery-detector\\data\\ela_cache\5117_1.png,1
D:\\zainab\\forgery-detector\\data\\ela_cache\5118_0.png,0
D:\\zainab\\forgery-detector\\data\\ela_cache\5119_0.png,0
D:\\zainab\\forgery-detector\\data\\ela_cache\5120_1.png,1
D:\\zainab\\forgery-detector\\data\\ela_cache\5121_0.png,0
D:\\zainab\\forgery-detector\\data\\ela_cache\5122_0.png,0
D:\\zainab\\forgery-detector\\data\\ela_cache\5123_1.png,1
D:\\zainab\\forgery-detector\\data\\ela_cache\5124_0.png,0
D:\\zainab\\forgery-detector\\data\\ela_cache\5125_0.png,0
D:\\zainab\\forgery-detector\\data\\ela_cache\5126_0.png,0
D:\\zainab\\forgery-detector\\data\\ela_cache\5127_1.png,1
D:\\zainab\\forgery-detector\\data\\ela_cache\5128_0.png,0
D:\\zainab\\forgery-detector\\data\\ela_cache\5129_1.png,1
D:\\zainab\\forgery-detector\\data\\ela_cache\5130_0.png,0
D:\\zainab\\forgery-detector\\data\\ela_cache\5131_0.png,0
D:\\zainab\\forgery-detector\\data\\ela_cache\5132_0.png,0
D:\\zainab\\forgery-detector\\data\\ela_cache\5133_0.png,0
D:\\zainab\\forgery-detector\\data\\ela_cache\5134_1.png,1
D:\\zainab\\forgery-detector\\data\\ela_cache\5135_0.png,0
D:\\zainab\\forgery-detector\\data\\ela_cache\5136_0.png,0
D:\\zainab\\forgery-detector\\data\\ela_cache\5137_0.png,0
D:\\zainab\\forgery-detector\\data\\ela_cache\5138_1.png,1
D:\\zainab\\forgery-detector\\data\\ela_cache\5139_0.png,0
D:\\zainab\\forgery-detector\\data\\ela_cache\5140_1.png,1
D:\\zainab\\forgery-detector\\data\\ela_cache\5141_0.png,0
D:\\zainab\\forgery-detector\\data\\ela_cache\5142_1.png,1
D:\\zainab\\forgery-detector\\data\\ela_cache\5143_1.png,1
D:\\zainab\\forgery-detector\\data\\ela_cache\5144_0.png,0
D:\\zainab\\forgery-detector\\data\\ela_cache\5145_0.png,0
D:\\zainab\\forgery-detector\\data\\ela_cache\5146_1.png,1
D:\\zainab\\forgery-detector\\data\\ela_cache\5147_0.png,0
D:\\zainab\\forgery-detector\\data\\ela_cache\5148_0.png,0
D:\\zainab\\forgery-detector\\data\\ela_cache\5149_1.png,1
D:\\zainab\\forgery-detector\\data\\ela_cache\5150_0.png,0
D:\\zainab\\forgery-detector\\data\\ela_cache\5151_0.png,0
D:\\zainab\\forgery-detector\\data\\ela_cache\5152_0.png,0
D:\\zainab\\forgery-detector\\data\\ela_cache\5153_1.png,1
D:\\zainab\\forgery-detector\\data\\ela_cache\5154_1.png,1
D:\\zainab\\forgery-detector\\data\\ela_cache\5155_0.png,0
D:\\zainab\\forgery-detector\\data\\ela_cache\5156_1.png,1
D:\\zainab\\forgery-detector\\data\\ela_cache\5157_0.png,0
D:\\zainab\\forgery-detector\\data\\ela_cache\5158_1.png,1
D:\\zainab\\forgery-detector\\data\\ela_cache\5159_0.png,0
D:\\zainab\\forgery-detector\\data\\ela_cache\5160_1.png,1
D:\\zainab\\forgery-detector\\data\\ela_cache\5161_0.png,0
D:\\zainab\\forgery-detector\\data\\ela_cache\5162_1.png,1
D:\\zainab\\forgery-detector\\data\\ela_cache\5163_1.png,1
D:\\zainab\\forgery-detector\\data\\ela_cache\5164_1.png,1
D:\\zainab\\forgery-detector\\data\\ela_cache\5165_0.png,0
D:\\zainab\\forgery-detector\\data\\ela_cache\5166_1.png,1
D:\\zainab\\forgery-detector\\data\\ela_cache\5167_0.png,0
D:\\zainab\\forgery-detector\\data\\ela_cache\5168_0.png,0
D:\\zainab\\forgery-detector\\data\\ela_cache\5169_0.png,0
D:\\zainab\\forgery-detector\\data\\ela_cache\5170_1.png,1
D:\\zainab\\forgery-detector\\data\\ela_cache\5171_0.png,0
D:\\zainab\\forgery-detector\\data\\ela_cache\5172_1.png,1
D:\\zainab\\forgery-detector\\data\\ela_cache\5173_1.png,1
D:\\zainab\\forgery-detector\\data\\ela_cache\5174_0.png,0
D:\\zainab\\forgery-detector\\data\\ela_cache\5175_0.png,0
D:\\zainab\\forgery-detector\\data\\ela_cache\5176_0.png,0
D:\\zainab\\forgery-detector\\data\\ela_cache\5177_0.png,0
D:\\zainab\\forgery-detector\\data\\ela_cache\5178_0.png,0
D:\\zainab\\forgery-detector\\data\\ela_cache\5179_1.png,1
D:\\zainab\\forgery-detector\\data\\ela_cache\5180_1.png,1
D:\\zainab\\forgery-detector\\data\\ela_cache\5181_1.png,1
D:\\zainab\\forgery-detector\\data\\ela_cache\5182_1.png,1
D:\\zainab\\forgery-detector\\data\\ela_cache\5183_0.png,0
D:\\zainab\\forgery-detector\\data\\ela_cache\5184_1.png,1
D:\\zainab\\forgery-detector\\data\\ela_cache\5185_1.png,1
D:\\zainab\\forgery-detector\\data\\ela_cache\5186_1.png,1
D:\\zainab\\forgery-detector\\data\\ela_cache\5187_0.png,0
D:\\zainab\\forgery-detector\\data\\ela_cache\5188_0.png,0
D:\\zainab\\forgery-detector\\data\\ela_cache\5189_0.png,0
D:\\zainab\\forgery-detector\\data\\ela_cache\5190_0.png,0
D:\\zainab\\forgery-detector\\data\\ela_cache\5191_0.png,0
D:\\zainab\\forgery-detector\\data\\ela_cache\5192_1.png,1
D:\\zainab\\forgery-detector\\data\\ela_cache\5193_0.png,0
D:\\zainab\\forgery-detector\\data\\ela_cache\5194_0.png,0
D:\\zainab\\forgery-detector\\data\\ela_cache\5195_0.png,0
D:\\zainab\\forgery-detector\\data\\ela_cache\5196_1.png,1
D:\\zainab\\forgery-detector\\data\\ela_cache\5197_0.png,0
D:\\zainab\\forgery-detector\\data\\ela_cache\5198_1.png,1
D:\\zainab\\forgery-detector\\data\\ela_cache\5199_0.png,0
D:\\zainab\\forgery-detector\\data\\ela_cache\5200_0.png,0
D:\\zainab\\forgery-detector\\data\\ela_cache\5201_0.png,0
D:\\zainab\\forgery-detector\\data\\ela_cache\5202_0.png,0
D:\\zainab\\forgery-detector\\data\\ela_cache\5203_1.png,1
D:\\zainab\\forgery-detector\\data\\ela_cache\5204_0.png,0
D:\\zainab\\forgery-detector\\data\\ela_cache\5205_1.png,1
D:\\zainab\\forgery-detector\\data\\ela_cache\5206_0.png,0
D:\\zainab\\forgery-detector\\data\\ela_cache\5207_1.png,1
D:\\zainab\\forgery-detector\\data\\ela_cache\5208_0.png,0
D:\\zainab\\forgery-detector\\data\\ela_cache\5209_0.png,0
D:\\zainab\\forgery-detector\\data\\ela_cache\5210_1.png,1
D:\\zainab\\forgery-detector\\data\\ela_cache\5211_0.png,0
D:\\zainab\\forgery-detector\\data\\ela_cache\5212_0.png,0
D:\\zainab\\forgery-detector\\data\\ela_cache\5213_0.png,0
D:\\zainab\\forgery-detector\\data\\ela_cache\5214_0.png,0
D:\\zainab\\forgery-detector\\data\\ela_cache\5215_1.png,1
D:\\zainab\\forgery-detector\\data\\ela_cache\5216_0.png,0
D:\\zainab\\forgery-detector\\data\\ela_cache\5217_1.png,1
D:\\zainab\\forgery-detector\\data\\ela_cache\5218_1.png,1
D:\\zainab\\forgery-detector\\data\\ela_cache\5219_1.png,1
D:\\zainab\\forgery-detector\\data\\ela_cache\5220_1.png,1
D:\\zainab\\forgery-detector\\data\\ela_cache\5221_0.png,0
D:\\zainab\\forgery-detector\\data\\ela_cache\5222_0.png,0
D:\\zainab\\forgery-detector\\data\\ela_cache\5223_1.png,1
D:\\zainab\\forgery-detector\\data\\ela_cache\5224_1.png,1
D:\\zainab\\forgery-detector\\data\\ela_cache\5225_0.png,0
D:\\zainab\\forgery-detector\\data\\ela_cache\5226_0.png,0
D:\\zainab\\forgery-detector\\data\\ela_cache\5227_1.png,1
D:\\zainab\\forgery-detector\\data\\ela_cache\5228_1.png,1
D:\\zainab\\forgery-detector\\data\\ela_cache\5229_0.png,0
D:\\zainab\\forgery-detector\\data\\ela_cache\5230_1.png,1
D:\\zainab\\forgery-detector\\data\\ela_cache\5231_0.png,0
D:\\zainab\\forgery-detector\\data\\ela_cache\5232_0.png,0
D:\\zainab\\forgery-detector\\data\\ela_cache\5233_0.png,0
D:\\zainab\\forgery-detector\\data\\ela_cache\5234_0.png,0
D:\\zainab\\forgery-detector\\data\\ela_cache\5235_1.png,1
D:\\zainab\\forgery-detector\\data\\ela_cache\5236_0.png,0
D:\\zainab\\forgery-detector\\data\\ela_cache\5237_1.png,1
D:\\zainab\\forgery-detector\\data\\ela_cache\5238_1.png,1
D:\\zainab\\forgery-detector\\data\\ela_cache\5239_1.png,1
D:\\zainab\\forgery-detector\\data\\ela_cache\5240_1.png,1
D:\\zainab\\forgery-detector\\data\\ela_cache\5241_1.png,1
D:\\zainab\\forgery-detector\\data\\ela_cache\5242_0.png,0
D:\\zainab\\forgery-detector\\data\\ela_cache\5243_0.png,0
D:\\zainab\\forgery-detector\\data\\ela_cache\5244_0.png,0
D:\\zainab\\forgery-detector\\data\\ela_cache\5245_0.png,0
D:\\zainab\\forgery-detector\\data\\ela_cache\5246_1.png,1
D:\\zainab\\forgery-detector\\data\\ela_cache\5247_0.png,0
D:\\zainab\\forgery-detector\\data\\ela_cache\5248_1.png,1
D:\\zainab\\forgery-detector\\data\\ela_cache\5249_0.png,0
D:\\zainab\\forgery-detector\\data\\ela_cache\5250_0.png,0
D:\\zainab\\forgery-detector\\data\\ela_cache\5251_0.png,0
D:\\zainab\\forgery-detector\\data\\ela_cache\5252_0.png,0
D:\\zainab\\forgery-detector\\data\\ela_cache\5253_1.png,1
D:\\zainab\\forgery-detector\\data\\ela_cache\5254_0.png,0
D:\\zainab\\forgery-detector\\data\\ela_cache\5255_0.png,0
D:\\zainab\\forgery-detector\\data\\ela_cache\5256_0.png,0
D:\\zainab\\forgery-detector\\data\\ela_cache\5257_0.png,0
D:\\zainab\\forgery-detector\\data\\ela_cache\5258_0.png,0
D:\\zainab\\forgery-detector\\data\\ela_cache\5259_1.png,1
D:\\zainab\\forgery-detector\\data\\ela_cache\5260_0.png,0
D:\\zainab\\forgery-detector\\data\\ela_cache\5261_0.png,0
D:\\zainab\\forgery-detector\\data\\ela_cache\5262_0.png,0
D:\\zainab\\forgery-detector\\data\\ela_cache\5263_0.png,0
D:\\zainab\\forgery-detector\\data\\ela_cache\5264_0.png,0
D:\\zainab\\forgery-detector\\data\\ela_cache\5265_1.png,1
D:\\zainab\\forgery-detector\\data\\ela_cache\5266_1.png,1
D:\\zainab\\forgery-detector\\data\\ela_cache\5267_1.png,1
D:\\zainab\\forgery-detector\\data\\ela_cache\5268_0.png,0
D:\\zainab\\forgery-detector\\data\\ela_cache\5269_1.png,1
D:\\zainab\\forgery-detector\\data\\ela_cache\5270_1.png,1
D:\\zainab\\forgery-detector\\data\\ela_cache\5271_1.png,1
D:\\zainab\\forgery-detector\\data\\ela_cache\5272_1.png,1
D:\\zainab\\forgery-detector\\data\\ela_cache\5273_0.png,0
D:\\zainab\\forgery-detector\\data\\ela_cache\5274_0.png,0
D:\\zainab\\forgery-detector\\data\\ela_cache\5275_0.png,0
D:\\zainab\\forgery-detector\\data\\ela_cache\5276_0.png,0
D:\\zainab\\forgery-detector\\data\\ela_cache\5277_0.png,0
D:\\zainab\\forgery-detector\\data\\ela_cache\5278_0.png,0
D:\\zainab\\forgery-detector\\data\\ela_cache\5279_1.png,1
D:\\zainab\\forgery-detector\\data\\ela_cache\5280_0.png,0
D:\\zainab\\forgery-detector\\data\\ela_cache\5281_0.png,0
D:\\zainab\\forgery-detector\\data\\ela_cache\5282_0.png,0
D:\\zainab\\forgery-detector\\data\\ela_cache\5283_1.png,1
D:\\zainab\\forgery-detector\\data\\ela_cache\5284_0.png,0
D:\\zainab\\forgery-detector\\data\\ela_cache\5285_1.png,1
D:\\zainab\\forgery-detector\\data\\ela_cache\5286_1.png,1
D:\\zainab\\forgery-detector\\data\\ela_cache\5287_0.png,0
D:\\zainab\\forgery-detector\\data\\ela_cache\5288_0.png,0
D:\\zainab\\forgery-detector\\data\\ela_cache\5289_1.png,1
D:\\zainab\\forgery-detector\\data\\ela_cache\5290_0.png,0
D:\\zainab\\forgery-detector\\data\\ela_cache\5291_0.png,0
D:\\zainab\\forgery-detector\\data\\ela_cache\5292_0.png,0
D:\\zainab\\forgery-detector\\data\\ela_cache\5293_0.png,0
D:\\zainab\\forgery-detector\\data\\ela_cache\5294_0.png,0
D:\\zainab\\forgery-detector\\data\\ela_cache\5295_0.png,0
D:\\zainab\\forgery-detector\\data\\ela_cache\5296_0.png,0
D:\\zainab\\forgery-detector\\data\\ela_cache\5297_1.png,1
D:\\zainab\\forgery-detector\\data\\ela_cache\5298_0.png,0
D:\\zainab\\forgery-detector\\data\\ela_cache\5299_0.png,0
D:\\zainab\\forgery-detector\\data\\ela_cache\5300_1.png,1
D:\\zainab\\forgery-detector\\data\\ela_cache\5301_0.png,0
D:\\zainab\\forgery-detector\\data\\ela_cache\5302_1.png,1
D:\\zainab\\forgery-detector\\data\\ela_cache\5303_0.png,0
D:\\zainab\\forgery-detector\\data\\ela_cache\5304_0.png,0
D:\\zainab\\forgery-detector\\data\\ela_cache\5305_0.png,0
D:\\zainab\\forgery-detector\\data\\ela_cache\5306_0.png,0
D:\\zainab\\forgery-detector\\data\\ela_cache\5307_0.png,0
D:\\zainab\\forgery-detector\\data\\ela_cache\5308_0.png,0
D:\\zainab\\forgery-detector\\data\\ela_cache\5309_0.png,0
D:\\zainab\\forgery-detector\\data\\ela_cache\5310_1.png,1
D:\\zainab\\forgery-detector\\data\\ela_cache\5311_1.png,1
D:\\zainab\\forgery-detector\\data\\ela_cache\5312_0.png,0
D:\\zainab\\forgery-detector\\data\\ela_cache\5313_0.png,0
D:\\zainab\\forgery-detector\\data\\ela_cache\5314_1.png,1
D:\\zainab\\forgery-detector\\data\\ela_cache\5315_1.png,1
D:\\zainab\\forgery-detector\\data\\ela_cache\5316_1.png,1
D:\\zainab\\forgery-detector\\data\\ela_cache\5317_0.png,0
D:\\zainab\\forgery-detector\\data\\ela_cache\5318_0.png,0
D:\\zainab\\forgery-detector\\data\\ela_cache\5319_0.png,0
D:\\zainab\\forgery-detector\\data\\ela_cache\5320_0.png,0
D:\\zainab\\forgery-detector\\data\\ela_cache\5321_0.png,0
D:\\zainab\\forgery-detector\\data\\ela_cache\5322_1.png,1
D:\\zainab\\forgery-detector\\data\\ela_cache\5323_0.png,0
D:\\zainab\\forgery-detector\\data\\ela_cache\5324_0.png,0
D:\\zainab\\forgery-detector\\data\\ela_cache\5325_0.png,0
D:\\zainab\\forgery-detector\\data\\ela_cache\5326_1.png,1
D:\\zainab\\forgery-detector\\data\\ela_cache\5327_1.png,1
D:\\zainab\\forgery-detector\\data\\ela_cache\5328_0.png,0
D:\\zainab\\forgery-detector\\data\\ela_cache\5329_1.png,1
D:\\zainab\\forgery-detector\\data\\ela_cache\5330_0.png,0
D:\\zainab\\forgery-detector\\data\\ela_cache\5331_0.png,0
D:\\zainab\\forgery-detector\\data\\ela_cache\5332_0.png,0
D:\\zainab\\forgery-detector\\data\\ela_cache\5333_0.png,0
D:\\zainab\\forgery-detector\\data\\ela_cache\5334_0.png,0
D:\\zainab\\forgery-detector\\data\\ela_cache\5335_0.png,0
D:\\zainab\\forgery-detector\\data\\ela_cache\5336_0.png,0
D:\\zainab\\forgery-detector\\data\\ela_cache\5337_0.png,0
D:\\zainab\\forgery-detector\\data\\ela_cache\5338_1.png,1
D:\\zainab\\forgery-detector\\data\\ela_cache\5339_0.png,0
D:\\zainab\\forgery-detector\\data\\ela_cache\5340_1.png,1
D:\\zainab\\forgery-detector\\data\\ela_cache\5341_0.png,0
D:\\zainab\\forgery-detector\\data\\ela_cache\5342_1.png,1
D:\\zainab\\forgery-detector\\data\\ela_cache\5343_1.png,1
D:\\zainab\\forgery-detector\\data\\ela_cache\5344_0.png,0
D:\\zainab\\forgery-detector\\data\\ela_cache\5345_1.png,1
D:\\zainab\\forgery-detector\\data\\ela_cache\5346_0.png,0
D:\\zainab\\forgery-detector\\data\\ela_cache\5347_0.png,0
D:\\zainab\\forgery-detector\\data\\ela_cache\5348_0.png,0
D:\\zainab\\forgery-detector\\data\\ela_cache\5349_1.png,1
D:\\zainab\\forgery-detector\\data\\ela_cache\5350_0.png,0
D:\\zainab\\forgery-detector\\data\\ela_cache\5351_0.png,0
D:\\zainab\\forgery-detector\\data\\ela_cache\5352_0.png,0
D:\\zainab\\forgery-detector\\data\\ela_cache\5353_0.png,0
D:\\zainab\\forgery-detector\\data\\ela_cache\5354_0.png,0
D:\\zainab\\forgery-detector\\data\\ela_cache\5355_0.png,0
D:\\zainab\\forgery-detector\\data\\ela_cache\5356_1.png,1
D:\\zainab\\forgery-detector\\data\\ela_cache\5357_0.png,0
D:\\zainab\\forgery-detector\\data\\ela_cache\5358_0.png,0
D:\\zainab\\forgery-detector\\data\\ela_cache\5359_1.png,1
D:\\zainab\\forgery-detector\\data\\ela_cache\5360_0.png,0
D:\\zainab\\forgery-detector\\data\\ela_cache\5361_0.png,0
D:\\zainab\\forgery-detector\\data\\ela_cache\5362_0.png,0
D:\\zainab\\forgery-detector\\data\\ela_cache\5363_1.png,1
D:\\zainab\\forgery-detector\\data\\ela_cache\5364_0.png,0
D:\\zainab\\forgery-detector\\data\\ela_cache\5365_0.png,0
D:\\zainab\\forgery-detector\\data\\ela_cache\5366_0.png,0
D:\\zainab\\forgery-detector\\data\\ela_cache\5367_1.png,1
D:\\zainab\\forgery-detector\\data\\ela_cache\5368_1.png,1
D:\\zainab\\forgery-detector\\data\\ela_cache\5369_0.png,0
D:\\zainab\\forgery-detector\\data\\ela_cache\5370_0.png,0
D:\\zainab\\forgery-detector\\data\\ela_cache\5371_0.png,0
D:\\zainab\\forgery-detector\\data\\ela_cache\5372_0.png,0
D:\\zainab\\forgery-detector\\data\\ela_cache\5373_0.png,0
D:\\zainab\\forgery-detector\\data\\ela_cache\5374_1.png,1
D:\\zainab\\forgery-detector\\data\\ela_cache\5375_0.png,0
D:\\zainab\\forgery-detector\\data\\ela_cache\5376_0.png,0
D:\\zainab\\forgery-detector\\data\\ela_cache\5377_0.png,0
D:\\zainab\\forgery-detector\\data\\ela_cache\5378_0.png,0
D:\\zainab\\forgery-detector\\data\\ela_cache\5379_0.png,0
D:\\zainab\\forgery-detector\\data\\ela_cache\5380_0.png,0
D:\\zainab\\forgery-detector\\data\\ela_cache\5381_0.png,0
D:\\zainab\\forgery-detector\\data\\ela_cache\5382_1.png,1
D:\\zainab\\forgery-detector\\data\\ela_cache\5383_0.png,0
D:\\zainab\\forgery-detector\\data\\ela_cache\5384_0.png,0
D:\\zainab\\forgery-detector\\data\\ela_cache\5385_1.png,1
D:\\zainab\\forgery-detector\\data\\ela_cache\5386_1.png,1
D:\\zainab\\forgery-detector\\data\\ela_cache\5387_0.png,0
D:\\zainab\\forgery-detector\\data\\ela_cache\5388_0.png,0
D:\\zainab\\forgery-detector\\data\\ela_cache\5389_1.png,1
D:\\zainab\\forgery-detector\\data\\ela_cache\5390_0.png,0
D:\\zainab\\forgery-detector\\data\\ela_cache\5391_0.png,0
D:\\zainab\\forgery-detector\\data\\ela_cache\5392_0.png,0
D:\\zainab\\forgery-detector\\data\\ela_cache\5393_0.png,0
D:\\zainab\\forgery-detector\\data\\ela_cache\5394_0.png,0
D:\\zainab\\forgery-detector\\data\\ela_cache\5395_1.png,1
D:\\zainab\\forgery-detector\\data\\ela_cache\5396_0.png,0
D:\\zainab\\forgery-detector\\data\\ela_cache\5397_0.png,0
D:\\zainab\\forgery-detector\\data\\ela_cache\5398_0.png,0
D:\\zainab\\forgery-detector\\data\\ela_cache\5399_1.png,1
D:\\zainab\\forgery-detector\\data\\ela_cache\5400_1.png,1
D:\\zainab\\forgery-detector\\data\\ela_cache\5401_1.png,1
D:\\zainab\\forgery-detector\\data\\ela_cache\5402_1.png,1
D:\\zainab\\forgery-detector\\data\\ela_cache\5403_1.png,1
D:\\zainab\\forgery-detector\\data\\ela_cache\5404_1.png,1
D:\\zainab\\forgery-detector\\data\\ela_cache\5405_0.png,0
D:\\zainab\\forgery-detector\\data\\ela_cache\5406_0.png,0
D:\\zainab\\forgery-detector\\data\\ela_cache\5407_0.png,0
D:\\zainab\\forgery-detector\\data\\ela_cache\5408_1.png,1
D:\\zainab\\forgery-detector\\data\\ela_cache\5409_1.png,1
D:\\zainab\\forgery-detector\\data\\ela_cache\5410_1.png,1
D:\\zainab\\forgery-detector\\data\\ela_cache\5411_0.png,0
D:\\zainab\\forgery-detector\\data\\ela_cache\5412_0.png,0
D:\\zainab\\forgery-detector\\data\\ela_cache\5413_1.png,1
D:\\zainab\\forgery-detector\\data\\ela_cache\5414_0.png,0
D:\\zainab\\forgery-detector\\data\\ela_cache\5415_0.png,0
D:\\zainab\\forgery-detector\\data\\ela_cache\5416_0.png,0
D:\\zainab\\forgery-detector\\data\\ela_cache\5417_0.png,0
D:\\zainab\\forgery-detector\\data\\ela_cache\5418_0.png,0
D:\\zainab\\forgery-detector\\data\\ela_cache\5419_1.png,1
D:\\zainab\\forgery-detector\\data\\ela_cache\5420_0.png,0
D:\\zainab\\forgery-detector\\data\\ela_cache\5421_1.png,1
D:\\zainab\\forgery-detector\\data\\ela_cache\5422_0.png,0
D:\\zainab\\forgery-detector\\data\\ela_cache\5423_0.png,0
D:\\zainab\\forgery-detector\\data\\ela_cache\5424_0.png,0
D:\\zainab\\forgery-detector\\data\\ela_cache\5425_0.png,0
D:\\zainab\\forgery-detector\\data\\ela_cache\5426_0.png,0
D:\\zainab\\forgery-detector\\data\\ela_cache\5427_0.png,0
D:\\zainab\\forgery-detector\\data\\ela_cache\5428_1.png,1
D:\\zainab\\forgery-detector\\data\\ela_cache\5429_0.png,0
D:\\zainab\\forgery-detector\\data\\ela_cache\5430_0.png,0
D:\\zainab\\forgery-detector\\data\\ela_cache\5431_1.png,1
D:\\zainab\\forgery-detector\\data\\ela_cache\5432_0.png,0
D:\\zainab\\forgery-detector\\data\\ela_cache\5433_0.png,0
D:\\zainab\\forgery-detector\\data\\ela_cache\5434_0.png,0
D:\\zainab\\forgery-detector\\data\\ela_cache\5435_0.png,0
D:\\zainab\\forgery-detector\\data\\ela_cache\5436_1.png,1
D:\\zainab\\forgery-detector\\data\\ela_cache\5437_1.png,1
D:\\zainab\\forgery-detector\\data\\ela_cache\5438_0.png,0
D:\\zainab\\forgery-detector\\data\\ela_cache\5439_1.png,1
D:\\zainab\\forgery-detector\\data\\ela_cache\5440_1.png,1
D:\\zainab\\forgery-detector\\data\\ela_cache\5441_1.png,1
D:\\zainab\\forgery-detector\\data\\ela_cache\5442_0.png,0
D:\\zainab\\forgery-detector\\data\\ela_cache\5443_1.png,1
D:\\zainab\\forgery-detector\\data\\ela_cache\5444_0.png,0
D:\\zainab\\forgery-detector\\data\\ela_cache\5445_1.png,1
D:\\zainab\\forgery-detector\\data\\ela_cache\5446_0.png,0
D:\\zainab\\forgery-detector\\data\\ela_cache\5447_1.png,1
D:\\zainab\\forgery-detector\\data\\ela_cache\5448_0.png,0
D:\\zainab\\forgery-detector\\data\\ela_cache\5449_0.png,0
D:\\zainab\\forgery-detector\\data\\ela_cache\5450_1.png,1
D:\\zainab\\forgery-detector\\data\\ela_cache\5451_1.png,1
D:\\zainab\\forgery-detector\\data\\ela_cache\5452_0.png,0
D:\\zainab\\forgery-detector\\data\\ela_cache\5453_1.png,1
D:\\zainab\\forgery-detector\\data\\ela_cache\5454_0.png,0
D:\\zainab\\forgery-detector\\data\\ela_cache\5455_1.png,1
D:\\zainab\\forgery-detector\\data\\ela_cache\5456_1.png,1
D:\\zainab\\forgery-detector\\data\\ela_cache\5457_1.png,1
D:\\zainab\\forgery-detector\\data\\ela_cache\5458_1.png,1
D:\\zainab\\forgery-detector\\data\\ela_cache\5459_0.png,0
D:\\zainab\\forgery-detector\\data\\ela_cache\5460_0.png,0
D:\\zainab\\forgery-detector\\data\\ela_cache\5461_0.png,0
D:\\zainab\\forgery-detector\\data\\ela_cache\5462_0.png,0
D:\\zainab\\forgery-detector\\data\\ela_cache\5463_0.png,0
D:\\zainab\\forgery-detector\\data\\ela_cache\5464_1.png,1
D:\\zainab\\forgery-detector\\data\\ela_cache\5465_0.png,0
D:\\zainab\\forgery-detector\\data\\ela_cache\5466_1.png,1
D:\\zainab\\forgery-detector\\data\\ela_cache\5467_0.png,0
D:\\zainab\\forgery-detector\\data\\ela_cache\5468_0.png,0
D:\\zainab\\forgery-detector\\data\\ela_cache\5469_0.png,0
D:\\zainab\\forgery-detector\\data\\ela_cache\5470_0.png,0
D:\\zainab\\forgery-detector\\data\\ela_cache\5471_1.png,1
D:\\zainab\\forgery-detector\\data\\ela_cache\5472_1.png,1
D:\\zainab\\forgery-detector\\data\\ela_cache\5473_0.png,0
D:\\zainab\\forgery-detector\\data\\ela_cache\5474_0.png,0
D:\\zainab\\forgery-detector\\data\\ela_cache\5475_0.png,0
D:\\zainab\\forgery-detector\\data\\ela_cache\5476_1.png,1
D:\\zainab\\forgery-detector\\data\\ela_cache\5477_0.png,0
D:\\zainab\\forgery-detector\\data\\ela_cache\5478_0.png,0
D:\\zainab\\forgery-detector\\data\\ela_cache\5479_1.png,1
D:\\zainab\\forgery-detector\\data\\ela_cache\5480_1.png,1
D:\\zainab\\forgery-detector\\data\\ela_cache\5481_0.png,0
D:\\zainab\\forgery-detector\\data\\ela_cache\5482_0.png,0
D:\\zainab\\forgery-detector\\data\\ela_cache\5483_0.png,0
D:\\zainab\\forgery-detector\\data\\ela_cache\5484_0.png,0
D:\\zainab\\forgery-detector\\data\\ela_cache\5485_1.png,1
D:\\zainab\\forgery-detector\\data\\ela_cache\5486_0.png,0
D:\\zainab\\forgery-detector\\data\\ela_cache\5487_0.png,0
D:\\zainab\\forgery-detector\\data\\ela_cache\5488_0.png,0
D:\\zainab\\forgery-detector\\data\\ela_cache\5489_1.png,1
D:\\zainab\\forgery-detector\\data\\ela_cache\5490_0.png,0
D:\\zainab\\forgery-detector\\data\\ela_cache\5491_0.png,0
D:\\zainab\\forgery-detector\\data\\ela_cache\5492_0.png,0
D:\\zainab\\forgery-detector\\data\\ela_cache\5493_0.png,0
D:\\zainab\\forgery-detector\\data\\ela_cache\5494_0.png,0
D:\\zainab\\forgery-detector\\data\\ela_cache\5495_1.png,1
D:\\zainab\\forgery-detector\\data\\ela_cache\5496_0.png,0
D:\\zainab\\forgery-detector\\data\\ela_cache\5497_0.png,0
D:\\zainab\\forgery-detector\\data\\ela_cache\5498_0.png,0
D:\\zainab\\forgery-detector\\data\\ela_cache\5499_0.png,0
D:\\zainab\\forgery-detector\\data\\ela_cache\5500_1.png,1
D:\\zainab\\forgery-detector\\data\\ela_cache\5501_0.png,0
D:\\zainab\\forgery-detector\\data\\ela_cache\5502_1.png,1
D:\\zainab\\forgery-detector\\data\\ela_cache\5503_0.png,0
D:\\zainab\\forgery-detector\\data\\ela_cache\5504_1.png,1
D:\\zainab\\forgery-detector\\data\\ela_cache\5505_0.png,0
D:\\zainab\\forgery-detector\\data\\ela_cache\5506_0.png,0
D:\\zainab\\forgery-detector\\data\\ela_cache\5507_0.png,0
D:\\zainab\\forgery-detector\\data\\ela_cache\5508_0.png,0
D:\\zainab\\forgery-detector\\data\\ela_cache\5509_0.png,0
D:\\zainab\\forgery-detector\\data\\ela_cache\5510_0.png,0
D:\\zainab\\forgery-detector\\data\\ela_cache\5511_0.png,0
D:\\zainab\\forgery-detector\\data\\ela_cache\5512_0.png,0
D:\\zainab\\forgery-detector\\data\\ela_cache\5513_1.png,1
D:\\zainab\\forgery-detector\\data\\ela_cache\5514_0.png,0
D:\\zainab\\forgery-detector\\data\\ela_cache\5515_0.png,0
D:\\zainab\\forgery-detector\\data\\ela_cache\5516_0.png,0
D:\\zainab\\forgery-detector\\data\\ela_cache\5517_0.png,0
D:\\zainab\\forgery-detector\\data\\ela_cache\5518_1.png,1
D:\\zainab\\forgery-detector\\data\\ela_cache\5519_1.png,1
D:\\zainab\\forgery-detector\\data\\ela_cache\5520_0.png,0
D:\\zainab\\forgery-detector\\data\\ela_cache\5521_0.png,0
D:\\zainab\\forgery-detector\\data\\ela_cache\5522_0.png,0
D:\\zainab\\forgery-detector\\data\\ela_cache\5523_0.png,0
D:\\zainab\\forgery-detector\\data\\ela_cache\5524_0.png,0
D:\\zainab\\forgery-detector\\data\\ela_cache\5525_1.png,1
D:\\zainab\\forgery-detector\\data\\ela_cache\5526_0.png,0
D:\\zainab\\forgery-detector\\data\\ela_cache\5527_1.png,1
D:\\zainab\\forgery-detector\\data\\ela_cache\5528_1.png,1
D:\\zainab\\forgery-detector\\data\\ela_cache\5529_1.png,1
D:\\zainab\\forgery-detector\\data\\ela_cache\5530_1.png,1
D:\\zainab\\forgery-detector\\data\\ela_cache\5531_0.png,0
D:\\zainab\\forgery-detector\\data\\ela_cache\5532_1.png,1
D:\\zainab\\forgery-detector\\data\\ela_cache\5533_1.png,1
D:\\zainab\\forgery-detector\\data\\ela_cache\5534_0.png,0
D:\\zainab\\forgery-detector\\data\\ela_cache\5535_0.png,0
D:\\zainab\\forgery-detector\\data\\ela_cache\5536_1.png,1
D:\\zainab\\forgery-detector\\data\\ela_cache\5537_0.png,0
D:\\zainab\\forgery-detector\\data\\ela_cache\5538_0.png,0
D:\\zainab\\forgery-detector\\data\\ela_cache\5539_0.png,0
D:\\zainab\\forgery-detector\\data\\ela_cache\5540_0.png,0
D:\\zainab\\forgery-detector\\data\\ela_cache\5541_0.png,0
D:\\zainab\\forgery-detector\\data\\ela_cache\5542_1.png,1
D:\\zainab\\forgery-detector\\data\\ela_cache\5543_0.png,0
D:\\zainab\\forgery-detector\\data\\ela_cache\5544_1.png,1
D:\\zainab\\forgery-detector\\data\\ela_cache\5545_0.png,0
D:\\zainab\\forgery-detector\\data\\ela_cache\5546_1.png,1
D:\\zainab\\forgery-detector\\data\\ela_cache\5547_0.png,0
D:\\zainab\\forgery-detector\\data\\ela_cache\5548_0.png,0
D:\\zainab\\forgery-detector\\data\\ela_cache\5549_1.png,1
D:\\zainab\\forgery-detector\\data\\ela_cache\5550_1.png,1
D:\\zainab\\forgery-detector\\data\\ela_cache\5551_0.png,0
D:\\zainab\\forgery-detector\\data\\ela_cache\5552_0.png,0
D:\\zainab\\forgery-detector\\data\\ela_cache\5553_0.png,0
D:\\zainab\\forgery-detector\\data\\ela_cache\5554_0.png,0
D:\\zainab\\forgery-detector\\data\\ela_cache\5555_0.png,0
D:\\zainab\\forgery-detector\\data\\ela_cache\5556_0.png,0
D:\\zainab\\forgery-detector\\data\\ela_cache\5557_0.png,0
D:\\zainab\\forgery-detector\\data\\ela_cache\5558_1.png,1
D:\\zainab\\forgery-detector\\data\\ela_cache\5559_1.png,1
D:\\zainab\\forgery-detector\\data\\ela_cache\5560_0.png,0
D:\\zainab\\forgery-detector\\data\\ela_cache\5561_1.png,1
D:\\zainab\\forgery-detector\\data\\ela_cache\5562_1.png,1
D:\\zainab\\forgery-detector\\data\\ela_cache\5563_0.png,0
D:\\zainab\\forgery-detector\\data\\ela_cache\5564_0.png,0
D:\\zainab\\forgery-detector\\data\\ela_cache\5565_0.png,0
D:\\zainab\\forgery-detector\\data\\ela_cache\5566_0.png,0
D:\\zainab\\forgery-detector\\data\\ela_cache\5567_1.png,1
D:\\zainab\\forgery-detector\\data\\ela_cache\5568_0.png,0
D:\\zainab\\forgery-detector\\data\\ela_cache\5569_1.png,1
D:\\zainab\\forgery-detector\\data\\ela_cache\5570_0.png,0
D:\\zainab\\forgery-detector\\data\\ela_cache\5571_0.png,0
D:\\zainab\\forgery-detector\\data\\ela_cache\5572_1.png,1
D:\\zainab\\forgery-detector\\data\\ela_cache\5573_1.png,1
D:\\zainab\\forgery-detector\\data\\ela_cache\5574_0.png,0
D:\\zainab\\forgery-detector\\data\\ela_cache\5575_0.png,0
D:\\zainab\\forgery-detector\\data\\ela_cache\5576_0.png,0
D:\\zainab\\forgery-detector\\data\\ela_cache\5577_1.png,1
D:\\zainab\\forgery-detector\\data\\ela_cache\5578_0.png,0
D:\\zainab\\forgery-detector\\data\\ela_cache\5579_1.png,1
D:\\zainab\\forgery-detector\\data\\ela_cache\5580_1.png,1
D:\\zainab\\forgery-detector\\data\\ela_cache\5581_0.png,0
D:\\zainab\\forgery-detector\\data\\ela_cache\5582_1.png,1
D:\\zainab\\forgery-detector\\data\\ela_cache\5583_0.png,0
D:\\zainab\\forgery-detector\\data\\ela_cache\5584_0.png,0
D:\\zainab\\forgery-detector\\data\\ela_cache\5585_0.png,0
D:\\zainab\\forgery-detector\\data\\ela_cache\5586_1.png,1
D:\\zainab\\forgery-detector\\data\\ela_cache\5587_1.png,1
D:\\zainab\\forgery-detector\\data\\ela_cache\5588_1.png,1
D:\\zainab\\forgery-detector\\data\\ela_cache\5589_0.png,0
D:\\zainab\\forgery-detector\\data\\ela_cache\5590_0.png,0
D:\\zainab\\forgery-detector\\data\\ela_cache\5591_1.png,1
D:\\zainab\\forgery-detector\\data\\ela_cache\5592_0.png,0
D:\\zainab\\forgery-detector\\data\\ela_cache\5593_0.png,0
D:\\zainab\\forgery-detector\\data\\ela_cache\5594_1.png,1
D:\\zainab\\forgery-detector\\data\\ela_cache\5595_0.png,0
D:\\zainab\\forgery-detector\\data\\ela_cache\5596_0.png,0
D:\\zainab\\forgery-detector\\data\\ela_cache\5597_1.png,1
D:\\zainab\\forgery-detector\\data\\ela_cache\5598_1.png,1
D:\\zainab\\forgery-detector\\data\\ela_cache\5599_0.png,0
D:\\zainab\\forgery-detector\\data\\ela_cache\5600_0.png,0
D:\\zainab\\forgery-detector\\data\\ela_cache\5601_0.png,0
D:\\zainab\\forgery-detector\\data\\ela_cache\5602_0.png,0
D:\\zainab\\forgery-detector\\data\\ela_cache\5603_0.png,0
D:\\zainab\\forgery-detector\\data\\ela_cache\5604_0.png,0
D:\\zainab\\forgery-detector\\data\\ela_cache\5605_0.png,0
D:\\zainab\\forgery-detector\\data\\ela_cache\5606_1.png,1
D:\\zainab\\forgery-detector\\data\\ela_cache\5607_1.png,1
D:\\zainab\\forgery-detector\\data\\ela_cache\5608_0.png,0
D:\\zainab\\forgery-detector\\data\\ela_cache\5609_1.png,1
D:\\zainab\\forgery-detector\\data\\ela_cache\5610_0.png,0
D:\\zainab\\forgery-detector\\data\\ela_cache\5611_0.png,0
D:\\zainab\\forgery-detector\\data\\ela_cache\5612_0.png,0
D:\\zainab\\forgery-detector\\data\\ela_cache\5613_0.png,0
D:\\zainab\\forgery-detector\\data\\ela_cache\5614_0.png,0
D:\\zainab\\forgery-detector\\data\\ela_cache\5615_0.png,0
D:\\zainab\\forgery-detector\\data\\ela_cache\5616_0.png,0
D:\\zainab\\forgery-detector\\data\\ela_cache\5617_1.png,1
D:\\zainab\\forgery-detector\\data\\ela_cache\5618_0.png,0
D:\\zainab\\forgery-detector\\data\\ela_cache\5619_0.png,0
D:\\zainab\\forgery-detector\\data\\ela_cache\5620_1.png,1
D:\\zainab\\forgery-detector\\data\\ela_cache\5621_1.png,1
D:\\zainab\\forgery-detector\\data\\ela_cache\5622_0.png,0
D:\\zainab\\forgery-detector\\data\\ela_cache\5623_1.png,1
D:\\zainab\\forgery-detector\\data\\ela_cache\5624_1.png,1
D:\\zainab\\forgery-detector\\data\\ela_cache\5625_1.png,1
D:\\zainab\\forgery-detector\\data\\ela_cache\5626_0.png,0
D:\\zainab\\forgery-detector\\data\\ela_cache\5627_0.png,0
D:\\zainab\\forgery-detector\\data\\ela_cache\5628_0.png,0
D:\\zainab\\forgery-detector\\data\\ela_cache\5629_1.png,1
D:\\zainab\\forgery-detector\\data\\ela_cache\5630_0.png,0
D:\\zainab\\forgery-detector\\data\\ela_cache\5631_1.png,1
D:\\zainab\\forgery-detector\\data\\ela_cache\5632_1.png,1
D:\\zainab\\forgery-detector\\data\\ela_cache\5633_0.png,0
D:\\zainab\\forgery-detector\\data\\ela_cache\5634_1.png,1
D:\\zainab\\forgery-detector\\data\\ela_cache\5635_0.png,0
D:\\zainab\\forgery-detector\\data\\ela_cache\5636_1.png,1
D:\\zainab\\forgery-detector\\data\\ela_cache\5637_0.png,0
D:\\zainab\\forgery-detector\\data\\ela_cache\5638_1.png,1
D:\\zainab\\forgery-detector\\data\\ela_cache\5639_0.png,0
D:\\zainab\\forgery-detector\\data\\ela_cache\5640_0.png,0
D:\\zainab\\forgery-detector\\data\\ela_cache\5641_0.png,0
D:\\zainab\\forgery-detector\\data\\ela_cache\5642_1.png,1
D:\\zainab\\forgery-detector\\data\\ela_cache\5643_0.png,0
D:\\zainab\\forgery-detector\\data\\ela_cache\5644_1.png,1
D:\\zainab\\forgery-detector\\data\\ela_cache\5645_0.png,0
D:\\zainab\\forgery-detector\\data\\ela_cache\5646_1.png,1
D:\\zainab\\forgery-detector\\data\\ela_cache\5647_0.png,0
D:\\zainab\\forgery-detector\\data\\ela_cache\5648_1.png,1
D:\\zainab\\forgery-detector\\data\\ela_cache\5649_1.png,1
D:\\zainab\\forgery-detector\\data\\ela_cache\5650_0.png,0
D:\\zainab\\forgery-detector\\data\\ela_cache\5651_0.png,0
D:\\zainab\\forgery-detector\\data\\ela_cache\5652_0.png,0
D:\\zainab\\forgery-detector\\data\\ela_cache\5653_0.png,0
D:\\zainab\\forgery-detector\\data\\ela_cache\5654_1.png,1
D:\\zainab\\forgery-detector\\data\\ela_cache\5655_1.png,1
D:\\zainab\\forgery-detector\\data\\ela_cache\5656_1.png,1
D:\\zainab\\forgery-detector\\data\\ela_cache\5657_1.png,1
D:\\zainab\\forgery-detector\\data\\ela_cache\5658_1.png,1
D:\\zainab\\forgery-detector\\data\\ela_cache\5659_1.png,1
D:\\zainab\\forgery-detector\\data\\ela_cache\5660_1.png,1
D:\\zainab\\forgery-detector\\data\\ela_cache\5661_0.png,0
D:\\zainab\\forgery-detector\\data\\ela_cache\5662_1.png,1
D:\\zainab\\forgery-detector\\data\\ela_cache\5663_1.png,1
D:\\zainab\\forgery-detector\\data\\ela_cache\5664_1.png,1
D:\\zainab\\forgery-detector\\data\\ela_cache\5665_0.png,0
D:\\zainab\\forgery-detector\\data\\ela_cache\5666_0.png,0
D:\\zainab\\forgery-detector\\data\\ela_cache\5667_0.png,0
D:\\zainab\\forgery-detector\\data\\ela_cache\5668_0.png,0
D:\\zainab\\forgery-detector\\data\\ela_cache\5669_0.png,0
D:\\zainab\\forgery-detector\\data\\ela_cache\5670_0.png,0
D:\\zainab\\forgery-detector\\data\\ela_cache\5671_1.png,1
D:\\zainab\\forgery-detector\\data\\ela_cache\5672_0.png,0
D:\\zainab\\forgery-detector\\data\\ela_cache\5673_0.png,0
D:\\zainab\\forgery-detector\\data\\ela_cache\5674_0.png,0
D:\\zainab\\forgery-detector\\data\\ela_cache\5675_0.png,0
D:\\zainab\\forgery-detector\\data\\ela_cache\5676_0.png,0
D:\\zainab\\forgery-detector\\data\\ela_cache\5677_0.png,0
D:\\zainab\\forgery-detector\\data\\ela_cache\5678_0.png,0
D:\\zainab\\forgery-detector\\data\\ela_cache\5679_0.png,0
D:\\zainab\\forgery-detector\\data\\ela_cache\5680_1.png,1
D:\\zainab\\forgery-detector\\data\\ela_cache\5681_0.png,0
D:\\zainab\\forgery-detector\\data\\ela_cache\5682_1.png,1
D:\\zainab\\forgery-detector\\data\\ela_cache\5683_0.png,0
D:\\zainab\\forgery-detector\\data\\ela_cache\5684_1.png,1
D:\\zainab\\forgery-detector\\data\\ela_cache\5685_1.png,1
D:\\zainab\\forgery-detector\\data\\ela_cache\5686_0.png,0
D:\\zainab\\forgery-detector\\data\\ela_cache\5687_0.png,0
D:\\zainab\\forgery-detector\\data\\ela_cache\5688_0.png,0
D:\\zainab\\forgery-detector\\data\\ela_cache\5689_0.png,0
D:\\zainab\\forgery-detector\\data\\ela_cache\5690_1.png,1
D:\\zainab\\forgery-detector\\data\\ela_cache\5691_0.png,0
D:\\zainab\\forgery-detector\\data\\ela_cache\5692_1.png,1
D:\\zainab\\forgery-detector\\data\\ela_cache\5693_0.png,0
D:\\zainab\\forgery-detector\\data\\ela_cache\5694_0.png,0
D:\\zainab\\forgery-detector\\data\\ela_cache\5695_1.png,1
D:\\zainab\\forgery-detector\\data\\ela_cache\5696_0.png,0
D:\\zainab\\forgery-detector\\data\\ela_cache\5697_0.png,0
D:\\zainab\\forgery-detector\\data\\ela_cache\5698_0.png,0
D:\\zainab\\forgery-detector\\data\\ela_cache\5699_0.png,0
D:\\zainab\\forgery-detector\\data\\ela_cache\5700_0.png,0
D:\\zainab\\forgery-detector\\data\\ela_cache\5701_0.png,0
D:\\zainab\\forgery-detector\\data\\ela_cache\5702_0.png,0
D:\\zainab\\forgery-detector\\data\\ela_cache\5703_0.png,0
D:\\zainab\\forgery-detector\\data\\ela_cache\5704_1.png,1
D:\\zainab\\forgery-detector\\data\\ela_cache\5705_0.png,0
D:\\zainab\\forgery-detector\\data\\ela_cache\5706_1.png,1
D:\\zainab\\forgery-detector\\data\\ela_cache\5707_0.png,0
D:\\zainab\\forgery-detector\\data\\ela_cache\5708_1.png,1
D:\\zainab\\forgery-detector\\data\\ela_cache\5709_1.png,1
D:\\zainab\\forgery-detector\\data\\ela_cache\5710_1.png,1
D:\\zainab\\forgery-detector\\data\\ela_cache\5711_1.png,1
D:\\zainab\\forgery-detector\\data\\ela_cache\5712_0.png,0
D:\\zainab\\forgery-detector\\data\\ela_cache\5713_0.png,0
D:\\zainab\\forgery-detector\\data\\ela_cache\5714_0.png,0
D:\\zainab\\forgery-detector\\data\\ela_cache\5715_1.png,1
D:\\zainab\\forgery-detector\\data\\ela_cache\5716_1.png,1
D:\\zainab\\forgery-detector\\data\\ela_cache\5717_0.png,0
D:\\zainab\\forgery-detector\\data\\ela_cache\5718_0.png,0
D:\\zainab\\forgery-detector\\data\\ela_cache\5719_1.png,1
D:\\zainab\\forgery-detector\\data\\ela_cache\5720_0.png,0
D:\\zainab\\forgery-detector\\data\\ela_cache\5721_0.png,0
D:\\zainab\\forgery-detector\\data\\ela_cache\5722_0.png,0
D:\\zainab\\forgery-detector\\data\\ela_cache\5723_1.png,1
D:\\zainab\\forgery-detector\\data\\ela_cache\5724_0.png,0
D:\\zainab\\forgery-detector\\data\\ela_cache\5725_0.png,0
D:\\zainab\\forgery-detector\\data\\ela_cache\5726_0.png,0
D:\\zainab\\forgery-detector\\data\\ela_cache\5727_1.png,1
D:\\zainab\\forgery-detector\\data\\ela_cache\5728_0.png,0
D:\\zainab\\forgery-detector\\data\\ela_cache\5729_0.png,0
D:\\zainab\\forgery-detector\\data\\ela_cache\5730_1.png,1
D:\\zainab\\forgery-detector\\data\\ela_cache\5731_1.png,1
D:\\zainab\\forgery-detector\\data\\ela_cache\5732_0.png,0
D:\\zainab\\forgery-detector\\data\\ela_cache\5733_0.png,0
D:\\zainab\\forgery-detector\\data\\ela_cache\5734_1.png,1
D:\\zainab\\forgery-detector\\data\\ela_cache\5735_0.png,0
D:\\zainab\\forgery-detector\\data\\ela_cache\5736_0.png,0
D:\\zainab\\forgery-detector\\data\\ela_cache\5737_1.png,1
D:\\zainab\\forgery-detector\\data\\ela_cache\5738_0.png,0
D:\\zainab\\forgery-detector\\data\\ela_cache\5739_0.png,0
D:\\zainab\\forgery-detector\\data\\ela_cache\5740_0.png,0
D:\\zainab\\forgery-detector\\data\\ela_cache\5741_0.png,0
D:\\zainab\\forgery-detector\\data\\ela_cache\5742_0.png,0
D:\\zainab\\forgery-detector\\data\\ela_cache\5743_1.png,1
D:\\zainab\\forgery-detector\\data\\ela_cache\5744_0.png,0
D:\\zainab\\forgery-detector\\data\\ela_cache\5745_0.png,0
D:\\zainab\\forgery-detector\\data\\ela_cache\5746_1.png,1
D:\\zainab\\forgery-detector\\data\\ela_cache\5747_0.png,0
D:\\zainab\\forgery-detector\\data\\ela_cache\5748_1.png,1
D:\\zainab\\forgery-detector\\data\\ela_cache\5749_1.png,1
D:\\zainab\\forgery-detector\\data\\ela_cache\5750_1.png,1
D:\\zainab\\forgery-detector\\data\\ela_cache\5751_0.png,0
D:\\zainab\\forgery-detector\\data\\ela_cache\5752_0.png,0
D:\\zainab\\forgery-detector\\data\\ela_cache\5753_1.png,1
D:\\zainab\\forgery-detector\\data\\ela_cache\5754_0.png,0
D:\\zainab\\forgery-detector\\data\\ela_cache\5755_0.png,0
D:\\zainab\\forgery-detector\\data\\ela_cache\5756_1.png,1
D:\\zainab\\forgery-detector\\data\\ela_cache\5757_0.png,0
D:\\zainab\\forgery-detector\\data\\ela_cache\5758_0.png,0
D:\\zainab\\forgery-detector\\data\\ela_cache\5759_0.png,0
D:\\zainab\\forgery-detector\\data\\ela_cache\5760_0.png,0
D:\\zainab\\forgery-detector\\data\\ela_cache\5761_0.png,0
D:\\zainab\\forgery-detector\\data\\ela_cache\5762_0.png,0
D:\\zainab\\forgery-detector\\data\\ela_cache\5763_1.png,1
D:\\zainab\\forgery-detector\\data\\ela_cache\5764_0.png,0
D:\\zainab\\forgery-detector\\data\\ela_cache\5765_1.png,1
D:\\zainab\\forgery-detector\\data\\ela_cache\5766_0.png,0
D:\\zainab\\forgery-detector\\data\\ela_cache\5767_0.png,0
D:\\zainab\\forgery-detector\\data\\ela_cache\5768_0.png,0
D:\\zainab\\forgery-detector\\data\\ela_cache\5769_0.png,0
D:\\zainab\\forgery-detector\\data\\ela_cache\5770_1.png,1
D:\\zainab\\forgery-detector\\data\\ela_cache\5771_1.png,1
D:\\zainab\\forgery-detector\\data\\ela_cache\5772_1.png,1
D:\\zainab\\forgery-detector\\data\\ela_cache\5773_1.png,1
D:\\zainab\\forgery-detector\\data\\ela_cache\5774_1.png,1
D:\\zainab\\forgery-detector\\data\\ela_cache\5775_0.png,0
D:\\zainab\\forgery-detector\\data\\ela_cache\5776_0.png,0
D:\\zainab\\forgery-detector\\data\\ela_cache\5777_0.png,0
D:\\zainab\\forgery-detector\\data\\ela_cache\5778_1.png,1
D:\\zainab\\forgery-detector\\data\\ela_cache\5779_1.png,1
D:\\zainab\\forgery-detector\\data\\ela_cache\5780_1.png,1
D:\\zainab\\forgery-detector\\data\\ela_cache\5781_0.png,0
D:\\zainab\\forgery-detector\\data\\ela_cache\5782_1.png,1
D:\\zainab\\forgery-detector\\data\\ela_cache\5783_0.png,0
D:\\zainab\\forgery-detector\\data\\ela_cache\5784_0.png,0
D:\\zainab\\forgery-detector\\data\\ela_cache\5785_1.png,1
D:\\zainab\\forgery-detector\\data\\ela_cache\5786_0.png,0
D:\\zainab\\forgery-detector\\data\\ela_cache\5787_1.png,1
D:\\zainab\\forgery-detector\\data\\ela_cache\5788_0.png,0
D:\\zainab\\forgery-detector\\data\\ela_cache\5789_0.png,0
D:\\zainab\\forgery-detector\\data\\ela_cache\5790_1.png,1
D:\\zainab\\forgery-detector\\data\\ela_cache\5791_0.png,0
D:\\zainab\\forgery-detector\\data\\ela_cache\5792_0.png,0
D:\\zainab\\forgery-detector\\data\\ela_cache\5793_0.png,0
D:\\zainab\\forgery-detector\\data\\ela_cache\5794_1.png,1
D:\\zainab\\forgery-detector\\data\\ela_cache\5795_1.png,1
D:\\zainab\\forgery-detector\\data\\ela_cache\5796_0.png,0
D:\\zainab\\forgery-detector\\data\\ela_cache\5797_1.png,1
D:\\zainab\\forgery-detector\\data\\ela_cache\5798_1.png,1
D:\\zainab\\forgery-detector\\data\\ela_cache\5799_0.png,0
D:\\zainab\\forgery-detector\\data\\ela_cache\5800_0.png,0
D:\\zainab\\forgery-detector\\data\\ela_cache\5801_0.png,0
D:\\zainab\\forgery-detector\\data\\ela_cache\5802_1.png,1
D:\\zainab\\forgery-detector\\data\\ela_cache\5803_0.png,0
D:\\zainab\\forgery-detector\\data\\ela_cache\5804_0.png,0
D:\\zainab\\forgery-detector\\data\\ela_cache\5805_1.png,1
D:\\zainab\\forgery-detector\\data\\ela_cache\5806_1.png,1
D:\\zainab\\forgery-detector\\data\\ela_cache\5807_0.png,0
D:\\zainab\\forgery-detector\\data\\ela_cache\5808_0.png,0
D:\\zainab\\forgery-detector\\data\\ela_cache\5809_0.png,0
D:\\zainab\\forgery-detector\\data\\ela_cache\5810_1.png,1
D:\\zainab\\forgery-detector\\data\\ela_cache\5811_0.png,0
D:\\zainab\\forgery-detector\\data\\ela_cache\5812_1.png,1
D:\\zainab\\forgery-detector\\data\\ela_cache\5813_0.png,0
D:\\zainab\\forgery-detector\\data\\ela_cache\5814_1.png,1
D:\\zainab\\forgery-detector\\data\\ela_cache\5815_1.png,1
D:\\zainab\\forgery-detector\\data\\ela_cache\5816_1.png,1
D:\\zainab\\forgery-detector\\data\\ela_cache\5817_0.png,0
D:\\zainab\\forgery-detector\\data\\ela_cache\5818_0.png,0
D:\\zainab\\forgery-detector\\data\\ela_cache\5819_0.png,0
D:\\zainab\\forgery-detector\\data\\ela_cache\5820_0.png,0
D:\\zainab\\forgery-detector\\data\\ela_cache\5821_0.png,0
D:\\zainab\\forgery-detector\\data\\ela_cache\5822_1.png,1
D:\\zainab\\forgery-detector\\data\\ela_cache\5823_0.png,0
D:\\zainab\\forgery-detector\\data\\ela_cache\5824_0.png,0
D:\\zainab\\forgery-detector\\data\\ela_cache\5825_1.png,1
D:\\zainab\\forgery-detector\\data\\ela_cache\5826_0.png,0
D:\\zainab\\forgery-detector\\data\\ela_cache\5827_1.png,1
D:\\zainab\\forgery-detector\\data\\ela_cache\5828_0.png,0
D:\\zainab\\forgery-detector\\data\\ela_cache\5829_0.png,0
D:\\zainab\\forgery-detector\\data\\ela_cache\5830_1.png,1
D:\\zainab\\forgery-detector\\data\\ela_cache\5831_1.png,1
D:\\zainab\\forgery-detector\\data\\ela_cache\5832_1.png,1
D:\\zainab\\forgery-detector\\data\\ela_cache\5833_1.png,1
D:\\zainab\\forgery-detector\\data\\ela_cache\5834_1.png,1
D:\\zainab\\forgery-detector\\data\\ela_cache\5835_0.png,0
D:\\zainab\\forgery-detector\\data\\ela_cache\5836_0.png,0
D:\\zainab\\forgery-detector\\data\\ela_cache\5837_1.png,1
D:\\zainab\\forgery-detector\\data\\ela_cache\5838_1.png,1
D:\\zainab\\forgery-detector\\data\\ela_cache\5839_0.png,0
D:\\zainab\\forgery-detector\\data\\ela_cache\5840_0.png,0
D:\\zainab\\forgery-detector\\data\\ela_cache\5841_0.png,0
D:\\zainab\\forgery-detector\\data\\ela_cache\5842_1.png,1
D:\\zainab\\forgery-detector\\data\\ela_cache\5843_0.png,0
D:\\zainab\\forgery-detector\\data\\ela_cache\5844_0.png,0
D:\\zainab\\forgery-detector\\data\\ela_cache\5845_0.png,0
D:\\zainab\\forgery-detector\\data\\ela_cache\5846_0.png,0
D:\\zainab\\forgery-detector\\data\\ela_cache\5847_0.png,0
D:\\zainab\\forgery-detector\\data\\ela_cache\5848_1.png,1
D:\\zainab\\forgery-detector\\data\\ela_cache\5849_0.png,0
D:\\zainab\\forgery-detector\\data\\ela_cache\5850_1.png,1
D:\\zainab\\forgery-detector\\data\\ela_cache\5851_1.png,1
D:\\zainab\\forgery-detector\\data\\ela_cache\5852_1.png,1
D:\\zainab\\forgery-detector\\data\\ela_cache\5853_0.png,0
D:\\zainab\\forgery-detector\\data\\ela_cache\5854_0.png,0
D:\\zainab\\forgery-detector\\data\\ela_cache\5855_0.png,0
D:\\zainab\\forgery-detector\\data\\ela_cache\5856_0.png,0
D:\\zainab\\forgery-detector\\data\\ela_cache\5857_1.png,1
D:\\zainab\\forgery-detector\\data\\ela_cache\5858_0.png,0
D:\\zainab\\forgery-detector\\data\\ela_cache\5859_1.png,1
D:\\zainab\\forgery-detector\\data\\ela_cache\5860_1.png,1
D:\\zainab\\forgery-detector\\data\\ela_cache\5861_1.png,1
D:\\zainab\\forgery-detector\\data\\ela_cache\5862_0.png,0
D:\\zainab\\forgery-detector\\data\\ela_cache\5863_1.png,1
D:\\zainab\\forgery-detector\\data\\ela_cache\5864_0.png,0
D:\\zainab\\forgery-detector\\data\\ela_cache\5865_0.png,0
D:\\zainab\\forgery-detector\\data\\ela_cache\5866_0.png,0
D:\\zainab\\forgery-detector\\data\\ela_cache\5867_1.png,1
D:\\zainab\\forgery-detector\\data\\ela_cache\5868_0.png,0
D:\\zainab\\forgery-detector\\data\\ela_cache\5869_0.png,0
D:\\zainab\\forgery-detector\\data\\ela_cache\5870_0.png,0
D:\\zainab\\forgery-detector\\data\\ela_cache\5871_1.png,1
D:\\zainab\\forgery-detector\\data\\ela_cache\5872_0.png,0
D:\\zainab\\forgery-detector\\data\\ela_cache\5873_1.png,1
D:\\zainab\\forgery-detector\\data\\ela_cache\5874_1.png,1
D:\\zainab\\forgery-detector\\data\\ela_cache\5875_1.png,1
D:\\zainab\\forgery-detector\\data\\ela_cache\5876_0.png,0
D:\\zainab\\forgery-detector\\data\\ela_cache\5877_1.png,1
D:\\zainab\\forgery-detector\\data\\ela_cache\5878_1.png,1
D:\\zainab\\forgery-detector\\data\\ela_cache\5879_1.png,1
D:\\zainab\\forgery-detector\\data\\ela_cache\5880_0.png,0
D:\\zainab\\forgery-detector\\data\\ela_cache\5881_1.png,1
D:\\zainab\\forgery-detector\\data\\ela_cache\5882_0.png,0
D:\\zainab\\forgery-detector\\data\\ela_cache\5883_0.png,0
D:\\zainab\\forgery-detector\\data\\ela_cache\5884_1.png,1
D:\\zainab\\forgery-detector\\data\\ela_cache\5885_1.png,1
D:\\zainab\\forgery-detector\\data\\ela_cache\5886_0.png,0
D:\\zainab\\forgery-detector\\data\\ela_cache\5887_0.png,0
D:\\zainab\\forgery-detector\\data\\ela_cache\5888_1.png,1
D:\\zainab\\forgery-detector\\data\\ela_cache\5889_1.png,1
D:\\zainab\\forgery-detector\\data\\ela_cache\5890_1.png,1
D:\\zainab\\forgery-detector\\data\\ela_cache\5891_1.png,1
D:\\zainab\\forgery-detector\\data\\ela_cache\5892_0.png,0
D:\\zainab\\forgery-detector\\data\\ela_cache\5893_1.png,1
D:\\zainab\\forgery-detector\\data\\ela_cache\5894_0.png,0
D:\\zainab\\forgery-detector\\data\\ela_cache\5895_0.png,0
D:\\zainab\\forgery-detector\\data\\ela_cache\5896_0.png,0
D:\\zainab\\forgery-detector\\data\\ela_cache\5897_0.png,0
D:\\zainab\\forgery-detector\\data\\ela_cache\5898_1.png,1
D:\\zainab\\forgery-detector\\data\\ela_cache\5899_0.png,0
D:\\zainab\\forgery-detector\\data\\ela_cache\5900_0.png,0
D:\\zainab\\forgery-detector\\data\\ela_cache\5901_0.png,0
D:\\zainab\\forgery-detector\\data\\ela_cache\5902_0.png,0
D:\\zainab\\forgery-detector\\data\\ela_cache\5903_1.png,1
D:\\zainab\\forgery-detector\\data\\ela_cache\5904_1.png,1
D:\\zainab\\forgery-detector\\data\\ela_cache\5905_0.png,0
D:\\zainab\\forgery-detector\\data\\ela_cache\5906_0.png,0
D:\\zainab\\forgery-detector\\data\\ela_cache\5907_1.png,1
D:\\zainab\\forgery-detector\\data\\ela_cache\5908_0.png,0
D:\\zainab\\forgery-detector\\data\\ela_cache\5909_1.png,1
D:\\zainab\\forgery-detector\\data\\ela_cache\5910_0.png,0
D:\\zainab\\forgery-detector\\data\\ela_cache\5911_0.png,0
D:\\zainab\\forgery-detector\\data\\ela_cache\5912_0.png,0
D:\\zainab\\forgery-detector\\data\\ela_cache\5913_0.png,0
D:\\zainab\\forgery-detector\\data\\ela_cache\5914_0.png,0
D:\\zainab\\forgery-detector\\data\\ela_cache\5915_0.png,0
D:\\zainab\\forgery-detector\\data\\ela_cache\5916_0.png,0
D:\\zainab\\forgery-detector\\data\\ela_cache\5917_1.png,1
D:\\zainab\\forgery-detector\\data\\ela_cache\5918_0.png,0
D:\\zainab\\forgery-detector\\data\\ela_cache\5919_1.png,1
D:\\zainab\\forgery-detector\\data\\ela_cache\5920_0.png,0
D:\\zainab\\forgery-detector\\data\\ela_cache\5921_0.png,0
D:\\zainab\\forgery-detector\\data\\ela_cache\5922_1.png,1
D:\\zainab\\forgery-detector\\data\\ela_cache\5923_0.png,0
D:\\zainab\\forgery-detector\\data\\ela_cache\5924_0.png,0
D:\\zainab\\forgery-detector\\data\\ela_cache\5925_0.png,0
D:\\zainab\\forgery-detector\\data\\ela_cache\5926_0.png,0
D:\\zainab\\forgery-detector\\data\\ela_cache\5927_1.png,1
D:\\zainab\\forgery-detector\\data\\ela_cache\5928_1.png,1
D:\\zainab\\forgery-detector\\data\\ela_cache\5929_0.png,0
D:\\zainab\\forgery-detector\\data\\ela_cache\5930_1.png,1
D:\\zainab\\forgery-detector\\data\\ela_cache\5931_0.png,0
D:\\zainab\\forgery-detector\\data\\ela_cache\5932_1.png,1
D:\\zainab\\forgery-detector\\data\\ela_cache\5933_0.png,0
D:\\zainab\\forgery-detector\\data\\ela_cache\5934_1.png,1
D:\\zainab\\forgery-detector\\data\\ela_cache\5935_1.png,1
D:\\zainab\\forgery-detector\\data\\ela_cache\5936_0.png,0
D:\\zainab\\forgery-detector\\data\\ela_cache\5937_0.png,0
D:\\zainab\\forgery-detector\\data\\ela_cache\5938_0.png,0
D:\\zainab\\forgery-detector\\data\\ela_cache\5939_1.png,1
D:\\zainab\\forgery-detector\\data\\ela_cache\5940_1.png,1
D:\\zainab\\forgery-detector\\data\\ela_cache\5941_0.png,0
D:\\zainab\\forgery-detector\\data\\ela_cache\5942_0.png,0
D:\\zainab\\forgery-detector\\data\\ela_cache\5943_1.png,1
D:\\zainab\\forgery-detector\\data\\ela_cache\5944_0.png,0
D:\\zainab\\forgery-detector\\data\\ela_cache\5945_1.png,1
D:\\zainab\\forgery-detector\\data\\ela_cache\5946_0.png,0
D:\\zainab\\forgery-detector\\data\\ela_cache\5947_0.png,0
D:\\zainab\\forgery-detector\\data\\ela_cache\5948_0.png,0
D:\\zainab\\forgery-detector\\data\\ela_cache\5949_0.png,0
D:\\zainab\\forgery-detector\\data\\ela_cache\5950_0.png,0
D:\\zainab\\forgery-detector\\data\\ela_cache\5951_0.png,0
D:\\zainab\\forgery-detector\\data\\ela_cache\5952_1.png,1
D:\\zainab\\forgery-detector\\data\\ela_cache\5953_0.png,0
D:\\zainab\\forgery-detector\\data\\ela_cache\5954_1.png,1
D:\\zainab\\forgery-detector\\data\\ela_cache\5955_0.png,0
D:\\zainab\\forgery-detector\\data\\ela_cache\5956_0.png,0
D:\\zainab\\forgery-detector\\data\\ela_cache\5957_0.png,0
D:\\zainab\\forgery-detector\\data\\ela_cache\5958_1.png,1
D:\\zainab\\forgery-detector\\data\\ela_cache\5959_0.png,0
D:\\zainab\\forgery-detector\\data\\ela_cache\5960_1.png,1
D:\\zainab\\forgery-detector\\data\\ela_cache\5961_1.png,1
D:\\zainab\\forgery-detector\\data\\ela_cache\5962_1.png,1
D:\\zainab\\forgery-detector\\data\\ela_cache\5963_0.png,0
D:\\zainab\\forgery-detector\\data\\ela_cache\5964_0.png,0
D:\\zainab\\forgery-detector\\data\\ela_cache\5965_1.png,1
D:\\zainab\\forgery-detector\\data\\ela_cache\5966_0.png,0
D:\\zainab\\forgery-detector\\data\\ela_cache\5967_1.png,1
D:\\zainab\\forgery-detector\\data\\ela_cache\5968_1.png,1
D:\\zainab\\forgery-detector\\data\\ela_cache\5969_0.png,0
D:\\zainab\\forgery-detector\\data\\ela_cache\5970_1.png,1
D:\\zainab\\forgery-detector\\data\\ela_cache\5971_1.png,1
D:\\zainab\\forgery-detector\\data\\ela_cache\5972_0.png,0
D:\\zainab\\forgery-detector\\data\\ela_cache\5973_1.png,1
D:\\zainab\\forgery-detector\\data\\ela_cache\5974_0.png,0
D:\\zainab\\forgery-detector\\data\\ela_cache\5975_0.png,0
D:\\zainab\\forgery-detector\\data\\ela_cache\5976_0.png,0
D:\\zainab\\forgery-detector\\data\\ela_cache\5977_0.png,0
D:\\zainab\\forgery-detector\\data\\ela_cache\5978_0.png,0
D:\\zainab\\forgery-detector\\data\\ela_cache\5979_0.png,0
D:\\zainab\\forgery-detector\\data\\ela_cache\5980_0.png,0
D:\\zainab\\forgery-detector\\data\\ela_cache\5981_1.png,1
D:\\zainab\\forgery-detector\\data\\ela_cache\5982_1.png,1
D:\\zainab\\forgery-detector\\data\\ela_cache\5983_0.png,0
D:\\zainab\\forgery-detector\\data\\ela_cache\5984_1.png,1
D:\\zainab\\forgery-detector\\data\\ela_cache\5985_0.png,0
D:\\zainab\\forgery-detector\\data\\ela_cache\5986_0.png,0
D:\\zainab\\forgery-detector\\data\\ela_cache\5987_0.png,0
D:\\zainab\\forgery-detector\\data\\ela_cache\5988_1.png,1
D:\\zainab\\forgery-detector\\data\\ela_cache\5989_0.png,0
D:\\zainab\\forgery-detector\\data\\ela_cache\5990_1.png,1
D:\\zainab\\forgery-detector\\data\\ela_cache\5991_0.png,0
D:\\zainab\\forgery-detector\\data\\ela_cache\5992_1.png,1
D:\\zainab\\forgery-detector\\data\\ela_cache\5993_0.png,0
D:\\zainab\\forgery-detector\\data\\ela_cache\5994_0.png,0
D:\\zainab\\forgery-detector\\data\\ela_cache\5995_0.png,0
D:\\zainab\\forgery-detector\\data\\ela_cache\5996_0.png,0
D:\\zainab\\forgery-detector\\data\\ela_cache\5997_0.png,0
D:\\zainab\\forgery-detector\\data\\ela_cache\5998_0.png,0
D:\\zainab\\forgery-detector\\data\\ela_cache\5999_0.png,0
D:\\zainab\\forgery-detector\\data\\ela_cache\6000_1.png,1
D:\\zainab\\forgery-detector\\data\\ela_cache\6001_1.png,1
D:\\zainab\\forgery-detector\\data\\ela_cache\6002_1.png,1
D:\\zainab\\forgery-detector\\data\\ela_cache\6003_1.png,1
D:\\zainab\\forgery-detector\\data\\ela_cache\6004_0.png,0
D:\\zainab\\forgery-detector\\data\\ela_cache\6005_1.png,1
D:\\zainab\\forgery-detector\\data\\ela_cache\6006_1.png,1
D:\\zainab\\forgery-detector\\data\\ela_cache\6007_0.png,0
D:\\zainab\\forgery-detector\\data\\ela_cache\6008_0.png,0
D:\\zainab\\forgery-detector\\data\\ela_cache\6009_0.png,0
D:\\zainab\\forgery-detector\\data\\ela_cache\6010_0.png,0
D:\\zainab\\forgery-detector\\data\\ela_cache\6011_0.png,0
D:\\zainab\\forgery-detector\\data\\ela_cache\6012_1.png,1
D:\\zainab\\forgery-detector\\data\\ela_cache\6013_0.png,0
D:\\zainab\\forgery-detector\\data\\ela_cache\6014_1.png,1
D:\\zainab\\forgery-detector\\data\\ela_cache\6015_1.png,1
D:\\zainab\\forgery-detector\\data\\ela_cache\6016_0.png,0
D:\\zainab\\forgery-detector\\data\\ela_cache\6017_0.png,0
D:\\zainab\\forgery-detector\\data\\ela_cache\6018_0.png,0
D:\\zainab\\forgery-detector\\data\\ela_cache\6019_1.png,1
D:\\zainab\\forgery-detector\\data\\ela_cache\6020_0.png,0
D:\\zainab\\forgery-detector\\data\\ela_cache\6021_0.png,0
D:\\zainab\\forgery-detector\\data\\ela_cache\6022_0.png,0
D:\\zainab\\forgery-detector\\data\\ela_cache\6023_1.png,1
D:\\zainab\\forgery-detector\\data\\ela_cache\6024_0.png,0
D:\\zainab\\forgery-detector\\data\\ela_cache\6025_0.png,0
D:\\zainab\\forgery-detector\\data\\ela_cache\6026_1.png,1
D:\\zainab\\forgery-detector\\data\\ela_cache\6027_0.png,0
D:\\zainab\\forgery-detector\\data\\ela_cache\6028_0.png,0
D:\\zainab\\forgery-detector\\data\\ela_cache\6029_0.png,0
D:\\zainab\\forgery-detector\\data\\ela_cache\6030_0.png,0
D:\\zainab\\forgery-detector\\data\\ela_cache\6031_0.png,0
D:\\zainab\\forgery-detector\\data\\ela_cache\6032_1.png,1
D:\\zainab\\forgery-detector\\data\\ela_cache\6033_0.png,0
D:\\zainab\\forgery-detector\\data\\ela_cache\6034_0.png,0
D:\\zainab\\forgery-detector\\data\\ela_cache\6035_1.png,1
D:\\zainab\\forgery-detector\\data\\ela_cache\6036_1.png,1
D:\\zainab\\forgery-detector\\data\\ela_cache\6037_1.png,1
D:\\zainab\\forgery-detector\\data\\ela_cache\6038_1.png,1
D:\\zainab\\forgery-detector\\data\\ela_cache\6039_0.png,0
D:\\zainab\\forgery-detector\\data\\ela_cache\6040_1.png,1
D:\\zainab\\forgery-detector\\data\\ela_cache\6041_1.png,1
D:\\zainab\\forgery-detector\\data\\ela_cache\6042_0.png,0
D:\\zainab\\forgery-detector\\data\\ela_cache\6043_1.png,1
D:\\zainab\\forgery-detector\\data\\ela_cache\6044_1.png,1
D:\\zainab\\forgery-detector\\data\\ela_cache\6045_1.png,1
D:\\zainab\\forgery-detector\\data\\ela_cache\6046_1.png,1
D:\\zainab\\forgery-detector\\data\\ela_cache\6047_1.png,1
D:\\zainab\\forgery-detector\\data\\ela_cache\6048_0.png,0
D:\\zainab\\forgery-detector\\data\\ela_cache\6049_1.png,1
D:\\zainab\\forgery-detector\\data\\ela_cache\6050_0.png,0
D:\\zainab\\forgery-detector\\data\\ela_cache\6051_0.png,0
D:\\zainab\\forgery-detector\\data\\ela_cache\6052_1.png,1
D:\\zainab\\forgery-detector\\data\\ela_cache\6053_0.png,0
D:\\zainab\\forgery-detector\\data\\ela_cache\6054_0.png,0
D:\\zainab\\forgery-detector\\data\\ela_cache\6055_1.png,1
D:\\zainab\\forgery-detector\\data\\ela_cache\6056_0.png,0
D:\\zainab\\forgery-detector\\data\\ela_cache\6057_0.png,0
D:\\zainab\\forgery-detector\\data\\ela_cache\6058_1.png,1
D:\\zainab\\forgery-detector\\data\\ela_cache\6059_1.png,1
D:\\zainab\\forgery-detector\\data\\ela_cache\6060_1.png,1
D:\\zainab\\forgery-detector\\data\\ela_cache\6061_0.png,0
D:\\zainab\\forgery-detector\\data\\ela_cache\6062_0.png,0
D:\\zainab\\forgery-detector\\data\\ela_cache\6063_0.png,0
D:\\zainab\\forgery-detector\\data\\ela_cache\6064_1.png,1
D:\\zainab\\forgery-detector\\data\\ela_cache\6065_0.png,0
D:\\zainab\\forgery-detector\\data\\ela_cache\6066_1.png,1
D:\\zainab\\forgery-detector\\data\\ela_cache\6067_0.png,0
D:\\zainab\\forgery-detector\\data\\ela_cache\6068_1.png,1
D:\\zainab\\forgery-detector\\data\\ela_cache\6069_1.png,1
D:\\zainab\\forgery-detector\\data\\ela_cache\6070_0.png,0
D:\\zainab\\forgery-detector\\data\\ela_cache\6071_1.png,1
D:\\zainab\\forgery-detector\\data\\ela_cache\6072_0.png,0
D:\\zainab\\forgery-detector\\data\\ela_cache\6073_0.png,0
D:\\zainab\\forgery-detector\\data\\ela_cache\6074_1.png,1
D:\\zainab\\forgery-detector\\data\\ela_cache\6075_1.png,1
D:\\zainab\\forgery-detector\\data\\ela_cache\6076_0.png,0
D:\\zainab\\forgery-detector\\data\\ela_cache\6077_0.png,0
D:\\zainab\\forgery-detector\\data\\ela_cache\6078_1.png,1
D:\\zainab\\forgery-detector\\data\\ela_cache\6079_1.png,1
D:\\zainab\\forgery-detector\\data\\ela_cache\6080_1.png,1
D:\\zainab\\forgery-detector\\data\\ela_cache\6081_1.png,1
D:\\zainab\\forgery-detector\\data\\ela_cache\6082_0.png,0
D:\\zainab\\forgery-detector\\data\\ela_cache\6083_0.png,0
D:\\zainab\\forgery-detector\\data\\ela_cache\6084_0.png,0
D:\\zainab\\forgery-detector\\data\\ela_cache\6085_1.png,1
D:\\zainab\\forgery-detector\\data\\ela_cache\6086_0.png,0
D:\\zainab\\forgery-detector\\data\\ela_cache\6087_1.png,1
D:\\zainab\\forgery-detector\\data\\ela_cache\6088_0.png,0
D:\\zainab\\forgery-detector\\data\\ela_cache\6089_0.png,0
D:\\zainab\\forgery-detector\\data\\ela_cache\6090_0.png,0
D:\\zainab\\forgery-detector\\data\\ela_cache\6091_1.png,1
D:\\zainab\\forgery-detector\\data\\ela_cache\6092_0.png,0
D:\\zainab\\forgery-detector\\data\\ela_cache\6093_0.png,0
D:\\zainab\\forgery-detector\\data\\ela_cache\6094_1.png,1
D:\\zainab\\forgery-detector\\data\\ela_cache\6095_0.png,0
D:\\zainab\\forgery-detector\\data\\ela_cache\6096_0.png,0
D:\\zainab\\forgery-detector\\data\\ela_cache\6097_1.png,1
D:\\zainab\\forgery-detector\\data\\ela_cache\6098_0.png,0
D:\\zainab\\forgery-detector\\data\\ela_cache\6099_1.png,1
D:\\zainab\\forgery-detector\\data\\ela_cache\6100_0.png,0
D:\\zainab\\forgery-detector\\data\\ela_cache\6101_0.png,0
D:\\zainab\\forgery-detector\\data\\ela_cache\6102_0.png,0
D:\\zainab\\forgery-detector\\data\\ela_cache\6103_0.png,0
D:\\zainab\\forgery-detector\\data\\ela_cache\6104_1.png,1
D:\\zainab\\forgery-detector\\data\\ela_cache\6105_1.png,1
D:\\zainab\\forgery-detector\\data\\ela_cache\6106_1.png,1
D:\\zainab\\forgery-detector\\data\\ela_cache\6107_1.png,1
D:\\zainab\\forgery-detector\\data\\ela_cache\6108_0.png,0
D:\\zainab\\forgery-detector\\data\\ela_cache\6109_0.png,0
D:\\zainab\\forgery-detector\\data\\ela_cache\6110_1.png,1
D:\\zainab\\forgery-detector\\data\\ela_cache\6111_0.png,0
D:\\zainab\\forgery-detector\\data\\ela_cache\6112_1.png,1
D:\\zainab\\forgery-detector\\data\\ela_cache\6113_1.png,1
D:\\zainab\\forgery-detector\\data\\ela_cache\6114_1.png,1
D:\\zainab\\forgery-detector\\data\\ela_cache\6115_1.png,1
D:\\zainab\\forgery-detector\\data\\ela_cache\6116_0.png,0
D:\\zainab\\forgery-detector\\data\\ela_cache\6117_0.png,0
D:\\zainab\\forgery-detector\\data\\ela_cache\6118_1.png,1
D:\\zainab\\forgery-detector\\data\\ela_cache\6119_0.png,0
D:\\zainab\\forgery-detector\\data\\ela_cache\6120_0.png,0
D:\\zainab\\forgery-detector\\data\\ela_cache\6121_0.png,0
D:\\zainab\\forgery-detector\\data\\ela_cache\6122_0.png,0
D:\\zainab\\forgery-detector\\data\\ela_cache\6123_0.png,0
D:\\zainab\\forgery-detector\\data\\ela_cache\6124_0.png,0
D:\\zainab\\forgery-detector\\data\\ela_cache\6125_0.png,0
D:\\zainab\\forgery-detector\\data\\ela_cache\6126_0.png,0
D:\\zainab\\forgery-detector\\data\\ela_cache\6127_0.png,0
D:\\zainab\\forgery-detector\\data\\ela_cache\6128_1.png,1
D:\\zainab\\forgery-detector\\data\\ela_cache\6129_1.png,1
D:\\zainab\\forgery-detector\\data\\ela_cache\6130_1.png,1
D:\\zainab\\forgery-detector\\data\\ela_cache\6131_1.png,1
D:\\zainab\\forgery-detector\\data\\ela_cache\6132_0.png,0
D:\\zainab\\forgery-detector\\data\\ela_cache\6133_1.png,1
D:\\zainab\\forgery-detector\\data\\ela_cache\6134_1.png,1
D:\\zainab\\forgery-detector\\data\\ela_cache\6135_0.png,0
D:\\zainab\\forgery-detector\\data\\ela_cache\6136_1.png,1
D:\\zainab\\forgery-detector\\data\\ela_cache\6137_0.png,0
D:\\zainab\\forgery-detector\\data\\ela_cache\6138_0.png,0
D:\\zainab\\forgery-detector\\data\\ela_cache\6139_1.png,1
D:\\zainab\\forgery-detector\\data\\ela_cache\6140_0.png,0
D:\\zainab\\forgery-detector\\data\\ela_cache\6141_0.png,0
D:\\zainab\\forgery-detector\\data\\ela_cache\6142_1.png,1
D:\\zainab\\forgery-detector\\data\\ela_cache\6143_1.png,1
D:\\zainab\\forgery-detector\\data\\ela_cache\6144_0.png,0
D:\\zainab\\forgery-detector\\data\\ela_cache\6145_1.png,1
D:\\zainab\\forgery-detector\\data\\ela_cache\6146_0.png,0
D:\\zainab\\forgery-detector\\data\\ela_cache\6147_1.png,1
D:\\zainab\\forgery-detector\\data\\ela_cache\6148_1.png,1
D:\\zainab\\forgery-detector\\data\\ela_cache\6149_0.png,0
D:\\zainab\\forgery-detector\\data\\ela_cache\6150_1.png,1
D:\\zainab\\forgery-detector\\data\\ela_cache\6151_0.png,0
D:\\zainab\\forgery-detector\\data\\ela_cache\6152_0.png,0
D:\\zainab\\forgery-detector\\data\\ela_cache\6153_0.png,0
D:\\zainab\\forgery-detector\\data\\ela_cache\6154_1.png,1
D:\\zainab\\forgery-detector\\data\\ela_cache\6155_0.png,0
D:\\zainab\\forgery-detector\\data\\ela_cache\6156_1.png,1
D:\\zainab\\forgery-detector\\data\\ela_cache\6157_0.png,0
D:\\zainab\\forgery-detector\\data\\ela_cache\6158_1.png,1
D:\\zainab\\forgery-detector\\data\\ela_cache\6159_0.png,0
D:\\zainab\\forgery-detector\\data\\ela_cache\6160_0.png,0
D:\\zainab\\forgery-detector\\data\\ela_cache\6161_1.png,1
D:\\zainab\\forgery-detector\\data\\ela_cache\6162_0.png,0
D:\\zainab\\forgery-detector\\data\\ela_cache\6163_1.png,1
D:\\zainab\\forgery-detector\\data\\ela_cache\6164_0.png,0
D:\\zainab\\forgery-detector\\data\\ela_cache\6165_0.png,0
D:\\zainab\\forgery-detector\\data\\ela_cache\6166_1.png,1
D:\\zainab\\forgery-detector\\data\\ela_cache\6167_0.png,0
D:\\zainab\\forgery-detector\\data\\ela_cache\6168_0.png,0
D:\\zainab\\forgery-detector\\data\\ela_cache\6169_1.png,1
D:\\zainab\\forgery-detector\\data\\ela_cache\6170_0.png,0
D:\\zainab\\forgery-detector\\data\\ela_cache\6171_1.png,1
D:\\zainab\\forgery-detector\\data\\ela_cache\6172_0.png,0
D:\\zainab\\forgery-detector\\data\\ela_cache\6173_1.png,1
D:\\zainab\\forgery-detector\\data\\ela_cache\6174_1.png,1
D:\\zainab\\forgery-detector\\data\\ela_cache\6175_1.png,1
D:\\zainab\\forgery-detector\\data\\ela_cache\6176_1.png,1
D:\\zainab\\forgery-detector\\data\\ela_cache\6177_0.png,0
D:\\zainab\\forgery-detector\\data\\ela_cache\6178_0.png,0
D:\\zainab\\forgery-detector\\data\\ela_cache\6179_0.png,0
D:\\zainab\\forgery-detector\\data\\ela_cache\6180_0.png,0
D:\\zainab\\forgery-detector\\data\\ela_cache\6181_1.png,1
D:\\zainab\\forgery-detector\\data\\ela_cache\6182_0.png,0
D:\\zainab\\forgery-detector\\data\\ela_cache\6183_1.png,1
D:\\zainab\\forgery-detector\\data\\ela_cache\6184_1.png,1
D:\\zainab\\forgery-detector\\data\\ela_cache\6185_0.png,0
D:\\zainab\\forgery-detector\\data\\ela_cache\6186_0.png,0
D:\\zainab\\forgery-detector\\data\\ela_cache\6187_0.png,0
D:\\zainab\\forgery-detector\\data\\ela_cache\6188_0.png,0
D:\\zainab\\forgery-detector\\data\\ela_cache\6189_1.png,1
D:\\zainab\\forgery-detector\\data\\ela_cache\6190_0.png,0
D:\\zainab\\forgery-detector\\data\\ela_cache\6191_0.png,0
D:\\zainab\\forgery-detector\\data\\ela_cache\6192_0.png,0
D:\\zainab\\forgery-detector\\data\\ela_cache\6193_1.png,1
D:\\zainab\\forgery-detector\\data\\ela_cache\6194_0.png,0
D:\\zainab\\forgery-detector\\data\\ela_cache\6195_0.png,0
D:\\zainab\\forgery-detector\\data\\ela_cache\6196_0.png,0
D:\\zainab\\forgery-detector\\data\\ela_cache\6197_1.png,1
D:\\zainab\\forgery-detector\\data\\ela_cache\6198_0.png,0
D:\\zainab\\forgery-detector\\data\\ela_cache\6199_0.png,0
D:\\zainab\\forgery-detector\\data\\ela_cache\6200_0.png,0
D:\\zainab\\forgery-detector\\data\\ela_cache\6201_0.png,0
D:\\zainab\\forgery-detector\\data\\ela_cache\6202_0.png,0
D:\\zainab\\forgery-detector\\data\\ela_cache\6203_0.png,0
D:\\zainab\\forgery-detector\\data\\ela_cache\6204_1.png,1
D:\\zainab\\forgery-detector\\data\\ela_cache\6205_1.png,1
D:\\zainab\\forgery-detector\\data\\ela_cache\6206_0.png,0
D:\\zainab\\forgery-detector\\data\\ela_cache\6207_0.png,0
D:\\zainab\\forgery-detector\\data\\ela_cache\6208_0.png,0
D:\\zainab\\forgery-detector\\data\\ela_cache\6209_0.png,0
D:\\zainab\\forgery-detector\\data\\ela_cache\6210_1.png,1
D:\\zainab\\forgery-detector\\data\\ela_cache\6211_1.png,1
D:\\zainab\\forgery-detector\\data\\ela_cache\6212_0.png,0
D:\\zainab\\forgery-detector\\data\\ela_cache\6213_1.png,1
D:\\zainab\\forgery-detector\\data\\ela_cache\6214_0.png,0
D:\\zainab\\forgery-detector\\data\\ela_cache\6215_1.png,1
D:\\zainab\\forgery-detector\\data\\ela_cache\6216_1.png,1
D:\\zainab\\forgery-detector\\data\\ela_cache\6217_1.png,1
D:\\zainab\\forgery-detector\\data\\ela_cache\6218_1.png,1
D:\\zainab\\forgery-detector\\data\\ela_cache\6219_0.png,0
D:\\zainab\\forgery-detector\\data\\ela_cache\6220_1.png,1
D:\\zainab\\forgery-detector\\data\\ela_cache\6221_1.png,1
D:\\zainab\\forgery-detector\\data\\ela_cache\6222_0.png,0
D:\\zainab\\forgery-detector\\data\\ela_cache\6223_1.png,1
D:\\zainab\\forgery-detector\\data\\ela_cache\6224_0.png,0
D:\\zainab\\forgery-detector\\data\\ela_cache\6225_1.png,1
D:\\zainab\\forgery-detector\\data\\ela_cache\6226_1.png,1
D:\\zainab\\forgery-detector\\data\\ela_cache\6227_0.png,0
D:\\zainab\\forgery-detector\\data\\ela_cache\6228_0.png,0
D:\\zainab\\forgery-detector\\data\\ela_cache\6229_0.png,0
D:\\zainab\\forgery-detector\\data\\ela_cache\6230_0.png,0
D:\\zainab\\forgery-detector\\data\\ela_cache\6231_1.png,1
D:\\zainab\\forgery-detector\\data\\ela_cache\6232_1.png,1
D:\\zainab\\forgery-detector\\data\\ela_cache\6233_0.png,0
D:\\zainab\\forgery-detector\\data\\ela_cache\6234_0.png,0
D:\\zainab\\forgery-detector\\data\\ela_cache\6235_1.png,1
D:\\zainab\\forgery-detector\\data\\ela_cache\6236_1.png,1
D:\\zainab\\forgery-detector\\data\\ela_cache\6237_1.png,1
D:\\zainab\\forgery-detector\\data\\ela_cache\6238_0.png,0
D:\\zainab\\forgery-detector\\data\\ela_cache\6239_1.png,1
D:\\zainab\\forgery-detector\\data\\ela_cache\6240_0.png,0
D:\\zainab\\forgery-detector\\data\\ela_cache\6241_1.png,1
D:\\zainab\\forgery-detector\\data\\ela_cache\6242_0.png,0
D:\\zainab\\forgery-detector\\data\\ela_cache\6243_0.png,0
D:\\zainab\\forgery-detector\\data\\ela_cache\6244_1.png,1
D:\\zainab\\forgery-detector\\data\\ela_cache\6245_0.png,0
D:\\zainab\\forgery-detector\\data\\ela_cache\6246_0.png,0
D:\\zainab\\forgery-detector\\data\\ela_cache\6247_0.png,0
D:\\zainab\\forgery-detector\\data\\ela_cache\6248_0.png,0
D:\\zainab\\forgery-detector\\data\\ela_cache\6249_1.png,1
D:\\zainab\\forgery-detector\\data\\ela_cache\6250_1.png,1
D:\\zainab\\forgery-detector\\data\\ela_cache\6251_0.png,0
D:\\zainab\\forgery-detector\\data\\ela_cache\6252_0.png,0
D:\\zainab\\forgery-detector\\data\\ela_cache\6253_1.png,1
D:\\zainab\\forgery-detector\\data\\ela_cache\6254_1.png,1
D:\\zainab\\forgery-detector\\data\\ela_cache\6255_0.png,0
D:\\zainab\\forgery-detector\\data\\ela_cache\6256_1.png,1
D:\\zainab\\forgery-detector\\data\\ela_cache\6257_0.png,0
D:\\zainab\\forgery-detector\\data\\ela_cache\6258_1.png,1
D:\\zainab\\forgery-detector\\data\\ela_cache\6259_1.png,1
D:\\zainab\\forgery-detector\\data\\ela_cache\6260_0.png,0
D:\\zainab\\forgery-detector\\data\\ela_cache\6261_0.png,0
D:\\zainab\\forgery-detector\\data\\ela_cache\6262_0.png,0
D:\\zainab\\forgery-detector\\data\\ela_cache\6263_0.png,0
D:\\zainab\\forgery-detector\\data\\ela_cache\6264_1.png,1
D:\\zainab\\forgery-detector\\data\\ela_cache\6265_1.png,1
D:\\zainab\\forgery-detector\\data\\ela_cache\6266_1.png,1
D:\\zainab\\forgery-detector\\data\\ela_cache\6267_1.png,1
D:\\zainab\\forgery-detector\\data\\ela_cache\6268_0.png,0
D:\\zainab\\forgery-detector\\data\\ela_cache\6269_0.png,0
D:\\zainab\\forgery-detector\\data\\ela_cache\6270_1.png,1
D:\\zainab\\forgery-detector\\data\\ela_cache\6271_1.png,1
D:\\zainab\\forgery-detector\\data\\ela_cache\6272_1.png,1
D:\\zainab\\forgery-detector\\data\\ela_cache\6273_0.png,0
D:\\zainab\\forgery-detector\\data\\ela_cache\6274_0.png,0
D:\\zainab\\forgery-detector\\data\\ela_cache\6275_0.png,0
D:\\zainab\\forgery-detector\\data\\ela_cache\6276_1.png,1
D:\\zainab\\forgery-detector\\data\\ela_cache\6277_1.png,1
D:\\zainab\\forgery-detector\\data\\ela_cache\6278_0.png,0
D:\\zainab\\forgery-detector\\data\\ela_cache\6279_0.png,0
D:\\zainab\\forgery-detector\\data\\ela_cache\6280_0.png,0
D:\\zainab\\forgery-detector\\data\\ela_cache\6281_0.png,0
D:\\zainab\\forgery-detector\\data\\ela_cache\6282_1.png,1
D:\\zainab\\forgery-detector\\data\\ela_cache\6283_1.png,1
D:\\zainab\\forgery-detector\\data\\ela_cache\6284_1.png,1
D:\\zainab\\forgery-detector\\data\\ela_cache\6285_1.png,1
D:\\zainab\\forgery-detector\\data\\ela_cache\6286_1.png,1
D:\\zainab\\forgery-detector\\data\\ela_cache\6287_0.png,0
D:\\zainab\\forgery-detector\\data\\ela_cache\6288_1.png,1
D:\\zainab\\forgery-detector\\data\\ela_cache\6289_0.png,0
D:\\zainab\\forgery-detector\\data\\ela_cache\6290_1.png,1
D:\\zainab\\forgery-detector\\data\\ela_cache\6291_0.png,0
D:\\zainab\\forgery-detector\\data\\ela_cache\6292_0.png,0
D:\\zainab\\forgery-detector\\data\\ela_cache\6293_0.png,0
D:\\zainab\\forgery-detector\\data\\ela_cache\6294_0.png,0
D:\\zainab\\forgery-detector\\data\\ela_cache\6295_1.png,1
D:\\zainab\\forgery-detector\\data\\ela_cache\6296_0.png,0
D:\\zainab\\forgery-detector\\data\\ela_cache\6297_0.png,0
D:\\zainab\\forgery-detector\\data\\ela_cache\6298_0.png,0
D:\\zainab\\forgery-detector\\data\\ela_cache\6299_1.png,1
D:\\zainab\\forgery-detector\\data\\ela_cache\6300_0.png,0
D:\\zainab\\forgery-detector\\data\\ela_cache\6301_0.png,0
D:\\zainab\\forgery-detector\\data\\ela_cache\6302_1.png,1
D:\\zainab\\forgery-detector\\data\\ela_cache\6303_1.png,1
D:\\zainab\\forgery-detector\\data\\ela_cache\6304_0.png,0
D:\\zainab\\forgery-detector\\data\\ela_cache\6305_0.png,0
D:\\zainab\\forgery-detector\\data\\ela_cache\6306_1.png,1
D:\\zainab\\forgery-detector\\data\\ela_cache\6307_0.png,0
D:\\zainab\\forgery-detector\\data\\ela_cache\6308_1.png,1
D:\\zainab\\forgery-detector\\data\\ela_cache\6309_1.png,1
D:\\zainab\\forgery-detector\\data\\ela_cache\6310_1.png,1
D:\\zainab\\forgery-detector\\data\\ela_cache\6311_0.png,0
D:\\zainab\\forgery-detector\\data\\ela_cache\6312_0.png,0
D:\\zainab\\forgery-detector\\data\\ela_cache\6313_0.png,0
D:\\zainab\\forgery-detector\\data\\ela_cache\6314_1.png,1
D:\\zainab\\forgery-detector\\data\\ela_cache\6315_0.png,0
D:\\zainab\\forgery-detector\\data\\ela_cache\6316_0.png,0
D:\\zainab\\forgery-detector\\data\\ela_cache\6317_0.png,0
D:\\zainab\\forgery-detector\\data\\ela_cache\6318_0.png,0
D:\\zainab\\forgery-detector\\data\\ela_cache\6319_1.png,1
D:\\zainab\\forgery-detector\\data\\ela_cache\6320_1.png,1
D:\\zainab\\forgery-detector\\data\\ela_cache\6321_1.png,1
D:\\zainab\\forgery-detector\\data\\ela_cache\6322_1.png,1
D:\\zainab\\forgery-detector\\data\\ela_cache\6323_0.png,0
D:\\zainab\\forgery-detector\\data\\ela_cache\6324_0.png,0
D:\\zainab\\forgery-detector\\data\\ela_cache\6325_0.png,0
D:\\zainab\\forgery-detector\\data\\ela_cache\6326_1.png,1
D:\\zainab\\forgery-detector\\data\\ela_cache\6327_1.png,1
D:\\zainab\\forgery-detector\\data\\ela_cache\6328_1.png,1
D:\\zainab\\forgery-detector\\data\\ela_cache\6329_1.png,1
D:\\zainab\\forgery-detector\\data\\ela_cache\6330_0.png,0
D:\\zainab\\forgery-detector\\data\\ela_cache\6331_0.png,0
D:\\zainab\\forgery-detector\\data\\ela_cache\6332_0.png,0
D:\\zainab\\forgery-detector\\data\\ela_cache\6333_0.png,0
D:\\zainab\\forgery-detector\\data\\ela_cache\6334_0.png,0
D:\\zainab\\forgery-detector\\data\\ela_cache\6335_0.png,0
D:\\zainab\\forgery-detector\\data\\ela_cache\6336_0.png,0
D:\\zainab\\forgery-detector\\data\\ela_cache\6337_1.png,1
D:\\zainab\\forgery-detector\\data\\ela_cache\6338_1.png,1
D:\\zainab\\forgery-detector\\data\\ela_cache\6339_0.png,0
D:\\zainab\\forgery-detector\\data\\ela_cache\6340_0.png,0
D:\\zainab\\forgery-detector\\data\\ela_cache\6341_1.png,1
D:\\zainab\\forgery-detector\\data\\ela_cache\6342_0.png,0
D:\\zainab\\forgery-detector\\data\\ela_cache\6343_0.png,0
D:\\zainab\\forgery-detector\\data\\ela_cache\6344_1.png,1
D:\\zainab\\forgery-detector\\data\\ela_cache\6345_0.png,0
D:\\zainab\\forgery-detector\\data\\ela_cache\6346_1.png,1
D:\\zainab\\forgery-detector\\data\\ela_cache\6347_1.png,1
D:\\zainab\\forgery-detector\\data\\ela_cache\6348_0.png,0
D:\\zainab\\forgery-detector\\data\\ela_cache\6349_1.png,1
D:\\zainab\\forgery-detector\\data\\ela_cache\6350_1.png,1
D:\\zainab\\forgery-detector\\data\\ela_cache\6351_1.png,1
D:\\zainab\\forgery-detector\\data\\ela_cache\6352_1.png,1
D:\\zainab\\forgery-detector\\data\\ela_cache\6353_0.png,0
D:\\zainab\\forgery-detector\\data\\ela_cache\6354_1.png,1
D:\\zainab\\forgery-detector\\data\\ela_cache\6355_0.png,0
D:\\zainab\\forgery-detector\\data\\ela_cache\6356_0.png,0
D:\\zainab\\forgery-detector\\data\\ela_cache\6357_0.png,0
D:\\zainab\\forgery-detector\\data\\ela_cache\6358_1.png,1
D:\\zainab\\forgery-detector\\data\\ela_cache\6359_0.png,0
D:\\zainab\\forgery-detector\\data\\ela_cache\6360_1.png,1
D:\\zainab\\forgery-detector\\data\\ela_cache\6361_0.png,0
D:\\zainab\\forgery-detector\\data\\ela_cache\6362_1.png,1
D:\\zainab\\forgery-detector\\data\\ela_cache\6363_1.png,1
D:\\zainab\\forgery-detector\\data\\ela_cache\6364_1.png,1
D:\\zainab\\forgery-detector\\data\\ela_cache\6365_0.png,0
D:\\zainab\\forgery-detector\\data\\ela_cache\6366_1.png,1
D:\\zainab\\forgery-detector\\data\\ela_cache\6367_0.png,0
D:\\zainab\\forgery-detector\\data\\ela_cache\6368_0.png,0
D:\\zainab\\forgery-detector\\data\\ela_cache\6369_0.png,0
D:\\zainab\\forgery-detector\\data\\ela_cache\6370_0.png,0
D:\\zainab\\forgery-detector\\data\\ela_cache\6371_0.png,0
D:\\zainab\\forgery-detector\\data\\ela_cache\6372_1.png,1
D:\\zainab\\forgery-detector\\data\\ela_cache\6373_0.png,0
D:\\zainab\\forgery-detector\\data\\ela_cache\6374_0.png,0
D:\\zainab\\forgery-detector\\data\\ela_cache\6375_0.png,0
D:\\zainab\\forgery-detector\\data\\ela_cache\6376_0.png,0
D:\\zainab\\forgery-detector\\data\\ela_cache\6377_0.png,0
D:\\zainab\\forgery-detector\\data\\ela_cache\6378_0.png,0
D:\\zainab\\forgery-detector\\data\\ela_cache\6379_1.png,1
D:\\zainab\\forgery-detector\\data\\ela_cache\6380_0.png,0
D:\\zainab\\forgery-detector\\data\\ela_cache\6381_1.png,1
D:\\zainab\\forgery-detector\\data\\ela_cache\6382_0.png,0
D:\\zainab\\forgery-detector\\data\\ela_cache\6383_1.png,1
D:\\zainab\\forgery-detector\\data\\ela_cache\6384_0.png,0
D:\\zainab\\forgery-detector\\data\\ela_cache\6385_0.png,0
D:\\zainab\\forgery-detector\\data\\ela_cache\6386_1.png,1
D:\\zainab\\forgery-detector\\data\\ela_cache\6387_0.png,0
D:\\zainab\\forgery-detector\\data\\ela_cache\6388_0.png,0
D:\\zainab\\forgery-detector\\data\\ela_cache\6389_1.png,1
D:\\zainab\\forgery-detector\\data\\ela_cache\6390_1.png,1
D:\\zainab\\forgery-detector\\data\\ela_cache\6391_1.png,1
D:\\zainab\\forgery-detector\\data\\ela_cache\6392_1.png,1
D:\\zainab\\forgery-detector\\data\\ela_cache\6393_0.png,0
D:\\zainab\\forgery-detector\\data\\ela_cache\6394_0.png,0
D:\\zainab\\forgery-detector\\data\\ela_cache\6395_1.png,1
D:\\zainab\\forgery-detector\\data\\ela_cache\6396_0.png,0
D:\\zainab\\forgery-detector\\data\\ela_cache\6397_0.png,0
D:\\zainab\\forgery-detector\\data\\ela_cache\6398_0.png,0
D:\\zainab\\forgery-detector\\data\\ela_cache\6399_1.png,1
D:\\zainab\\forgery-detector\\data\\ela_cache\6400_1.png,1
D:\\zainab\\forgery-detector\\data\\ela_cache\6401_1.png,1
D:\\zainab\\forgery-detector\\data\\ela_cache\6402_1.png,1
D:\\zainab\\forgery-detector\\data\\ela_cache\6403_0.png,0
D:\\zainab\\forgery-detector\\data\\ela_cache\6404_1.png,1
D:\\zainab\\forgery-detector\\data\\ela_cache\6405_0.png,0
D:\\zainab\\forgery-detector\\data\\ela_cache\6406_1.png,1
D:\\zainab\\forgery-detector\\data\\ela_cache\6407_0.png,0
D:\\zainab\\forgery-detector\\data\\ela_cache\6408_0.png,0
D:\\zainab\\forgery-detector\\data\\ela_cache\6409_0.png,0
D:\\zainab\\forgery-detector\\data\\ela_cache\6410_1.png,1
D:\\zainab\\forgery-detector\\data\\ela_cache\6411_1.png,1
D:\\zainab\\forgery-detector\\data\\ela_cache\6412_1.png,1
D:\\zainab\\forgery-detector\\data\\ela_cache\6413_1.png,1
D:\\zainab\\forgery-detector\\data\\ela_cache\6414_1.png,1
D:\\zainab\\forgery-detector\\data\\ela_cache\6415_0.png,0
D:\\zainab\\forgery-detector\\data\\ela_cache\6416_0.png,0
D:\\zainab\\forgery-detector\\data\\ela_cache\6417_0.png,0
D:\\zainab\\forgery-detector\\data\\ela_cache\6418_1.png,1
D:\\zainab\\forgery-detector\\data\\ela_cache\6419_0.png,0
D:\\zainab\\forgery-detector\\data\\ela_cache\6420_1.png,1
D:\\zainab\\forgery-detector\\data\\ela_cache\6421_0.png,0
D:\\zainab\\forgery-detector\\data\\ela_cache\6422_0.png,0
D:\\zainab\\forgery-detector\\data\\ela_cache\6423_0.png,0
D:\\zainab\\forgery-detector\\data\\ela_cache\6424_0.png,0
D:\\zainab\\forgery-detector\\data\\ela_cache\6425_1.png,1
D:\\zainab\\forgery-detector\\data\\ela_cache\6426_0.png,0
D:\\zainab\\forgery-detector\\data\\ela_cache\6427_1.png,1
D:\\zainab\\forgery-detector\\data\\ela_cache\6428_1.png,1
D:\\zainab\\forgery-detector\\data\\ela_cache\6429_0.png,0
D:\\zainab\\forgery-detector\\data\\ela_cache\6430_1.png,1
D:\\zainab\\forgery-detector\\data\\ela_cache\6431_1.png,1
D:\\zainab\\forgery-detector\\data\\ela_cache\6432_0.png,0
D:\\zainab\\forgery-detector\\data\\ela_cache\6433_0.png,0
D:\\zainab\\forgery-detector\\data\\ela_cache\6434_1.png,1
D:\\zainab\\forgery-detector\\data\\ela_cache\6435_0.png,0
D:\\zainab\\forgery-detector\\data\\ela_cache\6436_1.png,1
D:\\zainab\\forgery-detector\\data\\ela_cache\6437_1.png,1
D:\\zainab\\forgery-detector\\data\\ela_cache\6438_0.png,0
D:\\zainab\\forgery-detector\\data\\ela_cache\6439_0.png,0
D:\\zainab\\forgery-detector\\data\\ela_cache\6440_1.png,1
D:\\zainab\\forgery-detector\\data\\ela_cache\6441_1.png,1
D:\\zainab\\forgery-detector\\data\\ela_cache\6442_1.png,1
D:\\zainab\\forgery-detector\\data\\ela_cache\6443_0.png,0
D:\\zainab\\forgery-detector\\data\\ela_cache\6444_1.png,1
D:\\zainab\\forgery-detector\\data\\ela_cache\6445_1.png,1
D:\\zainab\\forgery-detector\\data\\ela_cache\6446_1.png,1
D:\\zainab\\forgery-detector\\data\\ela_cache\6447_0.png,0
D:\\zainab\\forgery-detector\\data\\ela_cache\6448_1.png,1
D:\\zainab\\forgery-detector\\data\\ela_cache\6449_0.png,0
D:\\zainab\\forgery-detector\\data\\ela_cache\6450_0.png,0
D:\\zainab\\forgery-detector\\data\\ela_cache\6451_1.png,1
D:\\zainab\\forgery-detector\\data\\ela_cache\6452_0.png,0
D:\\zainab\\forgery-detector\\data\\ela_cache\6453_0.png,0
D:\\zainab\\forgery-detector\\data\\ela_cache\6454_0.png,0
D:\\zainab\\forgery-detector\\data\\ela_cache\6455_1.png,1
D:\\zainab\\forgery-detector\\data\\ela_cache\6456_0.png,0
D:\\zainab\\forgery-detector\\data\\ela_cache\6457_0.png,0
D:\\zainab\\forgery-detector\\data\\ela_cache\6458_0.png,0
D:\\zainab\\forgery-detector\\data\\ela_cache\6459_1.png,1
D:\\zainab\\forgery-detector\\data\\ela_cache\6460_1.png,1
D:\\zainab\\forgery-detector\\data\\ela_cache\6461_0.png,0
D:\\zainab\\forgery-detector\\data\\ela_cache\6462_0.png,0
D:\\zainab\\forgery-detector\\data\\ela_cache\6463_0.png,0
D:\\zainab\\forgery-detector\\data\\ela_cache\6464_1.png,1
D:\\zainab\\forgery-detector\\data\\ela_cache\6465_0.png,0
D:\\zainab\\forgery-detector\\data\\ela_cache\6466_0.png,0
D:\\zainab\\forgery-detector\\data\\ela_cache\6467_1.png,1
D:\\zainab\\forgery-detector\\data\\ela_cache\6468_0.png,0
D:\\zainab\\forgery-detector\\data\\ela_cache\6469_0.png,0
D:\\zainab\\forgery-detector\\data\\ela_cache\6470_0.png,0
D:\\zainab\\forgery-detector\\data\\ela_cache\6471_1.png,1
D:\\zainab\\forgery-detector\\data\\ela_cache\6472_0.png,0
D:\\zainab\\forgery-detector\\data\\ela_cache\6473_0.png,0
D:\\zainab\\forgery-detector\\data\\ela_cache\6474_0.png,0
D:\\zainab\\forgery-detector\\data\\ela_cache\6475_1.png,1
D:\\zainab\\forgery-detector\\data\\ela_cache\6476_0.png,0
D:\\zainab\\forgery-detector\\data\\ela_cache\6477_1.png,1
D:\\zainab\\forgery-detector\\data\\ela_cache\6478_1.png,1
D:\\zainab\\forgery-detector\\data\\ela_cache\6479_0.png,0
D:\\zainab\\forgery-detector\\data\\ela_cache\6480_0.png,0
D:\\zainab\\forgery-detector\\data\\ela_cache\6481_1.png,1
D:\\zainab\\forgery-detector\\data\\ela_cache\6482_0.png,0
D:\\zainab\\forgery-detector\\data\\ela_cache\6483_1.png,1
D:\\zainab\\forgery-detector\\data\\ela_cache\6484_0.png,0
D:\\zainab\\forgery-detector\\data\\ela_cache\6485_0.png,0
D:\\zainab\\forgery-detector\\data\\ela_cache\6486_0.png,0
D:\\zainab\\forgery-detector\\data\\ela_cache\6487_0.png,0
D:\\zainab\\forgery-detector\\data\\ela_cache\6488_0.png,0
D:\\zainab\\forgery-detector\\data\\ela_cache\6489_0.png,0
D:\\zainab\\forgery-detector\\data\\ela_cache\6490_0.png,0
D:\\zainab\\forgery-detector\\data\\ela_cache\6491_0.png,0
D:\\zainab\\forgery-detector\\data\\ela_cache\6492_1.png,1
D:\\zainab\\forgery-detector\\data\\ela_cache\6493_0.png,0
D:\\zainab\\forgery-detector\\data\\ela_cache\6494_1.png,1
D:\\zainab\\forgery-detector\\data\\ela_cache\6495_0.png,0
D:\\zainab\\forgery-detector\\data\\ela_cache\6496_0.png,0
D:\\zainab\\forgery-detector\\data\\ela_cache\6497_1.png,1
D:\\zainab\\forgery-detector\\data\\ela_cache\6498_0.png,0
D:\\zainab\\forgery-detector\\data\\ela_cache\6499_1.png,1
D:\\zainab\\forgery-detector\\data\\ela_cache\6500_0.png,0
D:\\zainab\\forgery-detector\\data\\ela_cache\6501_1.png,1
D:\\zainab\\forgery-detector\\data\\ela_cache\6502_0.png,0
D:\\zainab\\forgery-detector\\data\\ela_cache\6503_0.png,0
D:\\zainab\\forgery-detector\\data\\ela_cache\6504_1.png,1
D:\\zainab\\forgery-detector\\data\\ela_cache\6505_1.png,1
D:\\zainab\\forgery-detector\\data\\ela_cache\6506_0.png,0
D:\\zainab\\forgery-detector\\data\\ela_cache\6507_0.png,0
D:\\zainab\\forgery-detector\\data\\ela_cache\6508_0.png,0
D:\\zainab\\forgery-detector\\data\\ela_cache\6509_0.png,0
D:\\zainab\\forgery-detector\\data\\ela_cache\6510_1.png,1
D:\\zainab\\forgery-detector\\data\\ela_cache\6511_1.png,1
D:\\zainab\\forgery-detector\\data\\ela_cache\6512_1.png,1
D:\\zainab\\forgery-detector\\data\\ela_cache\6513_0.png,0
D:\\zainab\\forgery-detector\\data\\ela_cache\6514_0.png,0
D:\\zainab\\forgery-detector\\data\\ela_cache\6515_0.png,0
D:\\zainab\\forgery-detector\\data\\ela_cache\6516_0.png,0
D:\\zainab\\forgery-detector\\data\\ela_cache\6517_1.png,1
D:\\zainab\\forgery-detector\\data\\ela_cache\6518_1.png,1
D:\\zainab\\forgery-detector\\data\\ela_cache\6519_1.png,1
D:\\zainab\\forgery-detector\\data\\ela_cache\6520_1.png,1
D:\\zainab\\forgery-detector\\data\\ela_cache\6521_1.png,1
D:\\zainab\\forgery-detector\\data\\ela_cache\6522_1.png,1
D:\\zainab\\forgery-detector\\data\\ela_cache\6523_0.png,0
D:\\zainab\\forgery-detector\\data\\ela_cache\6524_0.png,0
D:\\zainab\\forgery-detector\\data\\ela_cache\6525_0.png,0
D:\\zainab\\forgery-detector\\data\\ela_cache\6526_1.png,1
D:\\zainab\\forgery-detector\\data\\ela_cache\6527_0.png,0
D:\\zainab\\forgery-detector\\data\\ela_cache\6528_0.png,0
D:\\zainab\\forgery-detector\\data\\ela_cache\6529_0.png,0
D:\\zainab\\forgery-detector\\data\\ela_cache\6530_0.png,0
D:\\zainab\\forgery-detector\\data\\ela_cache\6531_0.png,0
D:\\zainab\\forgery-detector\\data\\ela_cache\6532_0.png,0
D:\\zainab\\forgery-detector\\data\\ela_cache\6533_1.png,1
D:\\zainab\\forgery-detector\\data\\ela_cache\6534_1.png,1
D:\\zainab\\forgery-detector\\data\\ela_cache\6535_0.png,0
D:\\zainab\\forgery-detector\\data\\ela_cache\6536_0.png,0
D:\\zainab\\forgery-detector\\data\\ela_cache\6537_1.png,1
D:\\zainab\\forgery-detector\\data\\ela_cache\6538_0.png,0
D:\\zainab\\forgery-detector\\data\\ela_cache\6539_0.png,0
D:\\zainab\\forgery-detector\\data\\ela_cache\6540_1.png,1
D:\\zainab\\forgery-detector\\data\\ela_cache\6541_0.png,0
D:\\zainab\\forgery-detector\\data\\ela_cache\6542_0.png,0
D:\\zainab\\forgery-detector\\data\\ela_cache\6543_0.png,0
D:\\zainab\\forgery-detector\\data\\ela_cache\6544_0.png,0
D:\\zainab\\forgery-detector\\data\\ela_cache\6545_1.png,1
D:\\zainab\\forgery-detector\\data\\ela_cache\6546_0.png,0
D:\\zainab\\forgery-detector\\data\\ela_cache\6547_0.png,0
D:\\zainab\\forgery-detector\\data\\ela_cache\6548_0.png,0
D:\\zainab\\forgery-detector\\data\\ela_cache\6549_1.png,1
D:\\zainab\\forgery-detector\\data\\ela_cache\6550_1.png,1
D:\\zainab\\forgery-detector\\data\\ela_cache\6551_1.png,1
D:\\zainab\\forgery-detector\\data\\ela_cache\6552_1.png,1
D:\\zainab\\forgery-detector\\data\\ela_cache\6553_0.png,0
D:\\zainab\\forgery-detector\\data\\ela_cache\6554_0.png,0
D:\\zainab\\forgery-detector\\data\\ela_cache\6555_1.png,1
D:\\zainab\\forgery-detector\\data\\ela_cache\6556_0.png,0
D:\\zainab\\forgery-detector\\data\\ela_cache\6557_0.png,0
D:\\zainab\\forgery-detector\\data\\ela_cache\6558_0.png,0
D:\\zainab\\forgery-detector\\data\\ela_cache\6559_1.png,1
D:\\zainab\\forgery-detector\\data\\ela_cache\6560_0.png,0
D:\\zainab\\forgery-detector\\data\\ela_cache\6561_0.png,0
D:\\zainab\\forgery-detector\\data\\ela_cache\6562_0.png,0
D:\\zainab\\forgery-detector\\data\\ela_cache\6563_1.png,1
D:\\zainab\\forgery-detector\\data\\ela_cache\6564_0.png,0
D:\\zainab\\forgery-detector\\data\\ela_cache\6565_0.png,0
D:\\zainab\\forgery-detector\\data\\ela_cache\6566_1.png,1
D:\\zainab\\forgery-detector\\data\\ela_cache\6567_0.png,0
D:\\zainab\\forgery-detector\\data\\ela_cache\6568_0.png,0
D:\\zainab\\forgery-detector\\data\\ela_cache\6569_0.png,0
D:\\zainab\\forgery-detector\\data\\ela_cache\6570_1.png,1
D:\\zainab\\forgery-detector\\data\\ela_cache\6571_1.png,1
D:\\zainab\\forgery-detector\\data\\ela_cache\6572_0.png,0
D:\\zainab\\forgery-detector\\data\\ela_cache\6573_0.png,0
D:\\zainab\\forgery-detector\\data\\ela_cache\6574_0.png,0
D:\\zainab\\forgery-detector\\data\\ela_cache\6575_1.png,1
D:\\zainab\\forgery-detector\\data\\ela_cache\6576_1.png,1
D:\\zainab\\forgery-detector\\data\\ela_cache\6577_0.png,0
D:\\zainab\\forgery-detector\\data\\ela_cache\6578_0.png,0
D:\\zainab\\forgery-detector\\data\\ela_cache\6579_1.png,1
D:\\zainab\\forgery-detector\\data\\ela_cache\6580_0.png,0
D:\\zainab\\forgery-detector\\data\\ela_cache\6581_0.png,0
D:\\zainab\\forgery-detector\\data\\ela_cache\6582_0.png,0
D:\\zainab\\forgery-detector\\data\\ela_cache\6583_0.png,0
D:\\zainab\\forgery-detector\\data\\ela_cache\6584_1.png,1
D:\\zainab\\forgery-detector\\data\\ela_cache\6585_0.png,0
D:\\zainab\\forgery-detector\\data\\ela_cache\6586_0.png,0
D:\\zainab\\forgery-detector\\data\\ela_cache\6587_0.png,0
D:\\zainab\\forgery-detector\\data\\ela_cache\6588_1.png,1
D:\\zainab\\forgery-detector\\data\\ela_cache\6589_0.png,0
D:\\zainab\\forgery-detector\\data\\ela_cache\6590_0.png,0
D:\\zainab\\forgery-detector\\data\\ela_cache\6591_1.png,1
D:\\zainab\\forgery-detector\\data\\ela_cache\6592_0.png,0
D:\\zainab\\forgery-detector\\data\\ela_cache\6593_0.png,0
D:\\zainab\\forgery-detector\\data\\ela_cache\6594_1.png,1
D:\\zainab\\forgery-detector\\data\\ela_cache\6595_1.png,1
D:\\zainab\\forgery-detector\\data\\ela_cache\6596_0.png,0
D:\\zainab\\forgery-detector\\data\\ela_cache\6597_1.png,1
D:\\zainab\\forgery-detector\\data\\ela_cache\6598_0.png,0
D:\\zainab\\forgery-detector\\data\\ela_cache\6599_0.png,0
D:\\zainab\\forgery-detector\\data\\ela_cache\6600_0.png,0
D:\\zainab\\forgery-detector\\data\\ela_cache\6601_1.png,1
D:\\zainab\\forgery-detector\\data\\ela_cache\6602_0.png,0
D:\\zainab\\forgery-detector\\data\\ela_cache\6603_1.png,1
D:\\zainab\\forgery-detector\\data\\ela_cache\6604_1.png,1
D:\\zainab\\forgery-detector\\data\\ela_cache\6605_0.png,0
D:\\zainab\\forgery-detector\\data\\ela_cache\6606_0.png,0
D:\\zainab\\forgery-detector\\data\\ela_cache\6607_0.png,0
D:\\zainab\\forgery-detector\\data\\ela_cache\6608_1.png,1
D:\\zainab\\forgery-detector\\data\\ela_cache\6609_0.png,0
D:\\zainab\\forgery-detector\\data\\ela_cache\6610_1.png,1
D:\\zainab\\forgery-detector\\data\\ela_cache\6611_0.png,0
D:\\zainab\\forgery-detector\\data\\ela_cache\6612_1.png,1
D:\\zainab\\forgery-detector\\data\\ela_cache\6613_1.png,1
D:\\zainab\\forgery-detector\\data\\ela_cache\6614_1.png,1
D:\\zainab\\forgery-detector\\data\\ela_cache\6615_0.png,0
D:\\zainab\\forgery-detector\\data\\ela_cache\6616_1.png,1
D:\\zainab\\forgery-detector\\data\\ela_cache\6617_0.png,0
D:\\zainab\\forgery-detector\\data\\ela_cache\6618_1.png,1
D:\\zainab\\forgery-detector\\data\\ela_cache\6619_0.png,0
D:\\zainab\\forgery-detector\\data\\ela_cache\6620_0.png,0
D:\\zainab\\forgery-detector\\data\\ela_cache\6621_1.png,1
D:\\zainab\\forgery-detector\\data\\ela_cache\6622_0.png,0
D:\\zainab\\forgery-detector\\data\\ela_cache\6623_1.png,1
D:\\zainab\\forgery-detector\\data\\ela_cache\6624_0.png,0
D:\\zainab\\forgery-detector\\data\\ela_cache\6625_1.png,1
D:\\zainab\\forgery-detector\\data\\ela_cache\6626_0.png,0
D:\\zainab\\forgery-detector\\data\\ela_cache\6627_0.png,0
D:\\zainab\\forgery-detector\\data\\ela_cache\6628_1.png,1
D:\\zainab\\forgery-detector\\data\\ela_cache\6629_1.png,1
D:\\zainab\\forgery-detector\\data\\ela_cache\6630_0.png,0
D:\\zainab\\forgery-detector\\data\\ela_cache\6631_0.png,0
D:\\zainab\\forgery-detector\\data\\ela_cache\6632_0.png,0
D:\\zainab\\forgery-detector\\data\\ela_cache\6633_1.png,1
D:\\zainab\\forgery-detector\\data\\ela_cache\6634_0.png,0
D:\\zainab\\forgery-detector\\data\\ela_cache\6635_0.png,0
D:\\zainab\\forgery-detector\\data\\ela_cache\6636_1.png,1
D:\\zainab\\forgery-detector\\data\\ela_cache\6637_0.png,0
D:\\zainab\\forgery-detector\\data\\ela_cache\6638_1.png,1
D:\\zainab\\forgery-detector\\data\\ela_cache\6639_1.png,1
D:\\zainab\\forgery-detector\\data\\ela_cache\6640_1.png,1
D:\\zainab\\forgery-detector\\data\\ela_cache\6641_0.png,0
D:\\zainab\\forgery-detector\\data\\ela_cache\6642_0.png,0
D:\\zainab\\forgery-detector\\data\\ela_cache\6643_0.png,0
D:\\zainab\\forgery-detector\\data\\ela_cache\6644_0.png,0
D:\\zainab\\forgery-detector\\data\\ela_cache\6645_0.png,0
D:\\zainab\\forgery-detector\\data\\ela_cache\6646_0.png,0
D:\\zainab\\forgery-detector\\data\\ela_cache\6647_0.png,0
D:\\zainab\\forgery-detector\\data\\ela_cache\6648_0.png,0
D:\\zainab\\forgery-detector\\data\\ela_cache\6649_1.png,1
D:\\zainab\\forgery-detector\\data\\ela_cache\6650_0.png,0
D:\\zainab\\forgery-detector\\data\\ela_cache\6651_0.png,0
D:\\zainab\\forgery-detector\\data\\ela_cache\6652_0.png,0
D:\\zainab\\forgery-detector\\data\\ela_cache\6653_0.png,0
D:\\zainab\\forgery-detector\\data\\ela_cache\6654_1.png,1
D:\\zainab\\forgery-detector\\data\\ela_cache\6655_0.png,0
D:\\zainab\\forgery-detector\\data\\ela_cache\6656_0.png,0
D:\\zainab\\forgery-detector\\data\\ela_cache\6657_0.png,0
D:\\zainab\\forgery-detector\\data\\ela_cache\6658_0.png,0
D:\\zainab\\forgery-detector\\data\\ela_cache\6659_1.png,1
D:\\zainab\\forgery-detector\\data\\ela_cache\6660_0.png,0
D:\\zainab\\forgery-detector\\data\\ela_cache\6661_0.png,0
D:\\zainab\\forgery-detector\\data\\ela_cache\6662_1.png,1
D:\\zainab\\forgery-detector\\data\\ela_cache\6663_0.png,0
D:\\zainab\\forgery-detector\\data\\ela_cache\6664_1.png,1
D:\\zainab\\forgery-detector\\data\\ela_cache\6665_0.png,0
D:\\zainab\\forgery-detector\\data\\ela_cache\6666_0.png,0
D:\\zainab\\forgery-detector\\data\\ela_cache\6667_0.png,0
D:\\zainab\\forgery-detector\\data\\ela_cache\6668_1.png,1
D:\\zainab\\forgery-detector\\data\\ela_cache\6669_1.png,1
D:\\zainab\\forgery-detector\\data\\ela_cache\6670_1.png,1
D:\\zainab\\forgery-detector\\data\\ela_cache\6671_0.png,0
D:\\zainab\\forgery-detector\\data\\ela_cache\6672_0.png,0
D:\\zainab\\forgery-detector\\data\\ela_cache\6673_0.png,0
D:\\zainab\\forgery-detector\\data\\ela_cache\6674_1.png,1
D:\\zainab\\forgery-detector\\data\\ela_cache\6675_0.png,0
D:\\zainab\\forgery-detector\\data\\ela_cache\6676_1.png,1
D:\\zainab\\forgery-detector\\data\\ela_cache\6677_0.png,0
D:\\zainab\\forgery-detector\\data\\ela_cache\6678_0.png,0
D:\\zainab\\forgery-detector\\data\\ela_cache\6679_0.png,0
D:\\zainab\\forgery-detector\\data\\ela_cache\6680_0.png,0
D:\\zainab\\forgery-detector\\data\\ela_cache\6681_0.png,0
D:\\zainab\\forgery-detector\\data\\ela_cache\6682_0.png,0
D:\\zainab\\forgery-detector\\data\\ela_cache\6683_1.png,1
D:\\zainab\\forgery-detector\\data\\ela_cache\6684_0.png,0
D:\\zainab\\forgery-detector\\data\\ela_cache\6685_0.png,0
D:\\zainab\\forgery-detector\\data\\ela_cache\6686_0.png,0
D:\\zainab\\forgery-detector\\data\\ela_cache\6687_1.png,1
D:\\zainab\\forgery-detector\\data\\ela_cache\6688_0.png,0
D:\\zainab\\forgery-detector\\data\\ela_cache\6689_1.png,1
D:\\zainab\\forgery-detector\\data\\ela_cache\6690_1.png,1
D:\\zainab\\forgery-detector\\data\\ela_cache\6691_1.png,1
D:\\zainab\\forgery-detector\\data\\ela_cache\6692_0.png,0
D:\\zainab\\forgery-detector\\data\\ela_cache\6693_0.png,0
D:\\zainab\\forgery-detector\\data\\ela_cache\6694_1.png,1
D:\\zainab\\forgery-detector\\data\\ela_cache\6695_1.png,1
D:\\zainab\\forgery-detector\\data\\ela_cache\6696_1.png,1
D:\\zainab\\forgery-detector\\data\\ela_cache\6697_0.png,0
D:\\zainab\\forgery-detector\\data\\ela_cache\6698_1.png,1
D:\\zainab\\forgery-detector\\data\\ela_cache\6699_0.png,0
D:\\zainab\\forgery-detector\\data\\ela_cache\6700_0.png,0
D:\\zainab\\forgery-detector\\data\\ela_cache\6701_0.png,0
D:\\zainab\\forgery-detector\\data\\ela_cache\6702_0.png,0
D:\\zainab\\forgery-detector\\data\\ela_cache\6703_0.png,0
D:\\zainab\\forgery-detector\\data\\ela_cache\6704_0.png,0
D:\\zainab\\forgery-detector\\data\\ela_cache\6705_1.png,1
D:\\zainab\\forgery-detector\\data\\ela_cache\6706_0.png,0
D:\\zainab\\forgery-detector\\data\\ela_cache\6707_0.png,0
D:\\zainab\\forgery-detector\\data\\ela_cache\6708_0.png,0
D:\\zainab\\forgery-detector\\data\\ela_cache\6709_0.png,0
D:\\zainab\\forgery-detector\\data\\ela_cache\6710_0.png,0
D:\\zainab\\forgery-detector\\data\\ela_cache\6711_0.png,0
D:\\zainab\\forgery-detector\\data\\ela_cache\6712_0.png,0
D:\\zainab\\forgery-detector\\data\\ela_cache\6713_1.png,1
D:\\zainab\\forgery-detector\\data\\ela_cache\6714_0.png,0
D:\\zainab\\forgery-detector\\data\\ela_cache\6715_1.png,1
D:\\zainab\\forgery-detector\\data\\ela_cache\6716_0.png,0
D:\\zainab\\forgery-detector\\data\\ela_cache\6717_0.png,0
D:\\zainab\\forgery-detector\\data\\ela_cache\6718_1.png,1
D:\\zainab\\forgery-detector\\data\\ela_cache\6719_1.png,1
D:\\zainab\\forgery-detector\\data\\ela_cache\6720_0.png,0
D:\\zainab\\forgery-detector\\data\\ela_cache\6721_0.png,0
D:\\zainab\\forgery-detector\\data\\ela_cache\6722_0.png,0
D:\\zainab\\forgery-detector\\data\\ela_cache\6723_1.png,1
D:\\zainab\\forgery-detector\\data\\ela_cache\6724_1.png,1
D:\\zainab\\forgery-detector\\data\\ela_cache\6725_0.png,0
D:\\zainab\\forgery-detector\\data\\ela_cache\6726_0.png,0
D:\\zainab\\forgery-detector\\data\\ela_cache\6727_1.png,1
D:\\zainab\\forgery-detector\\data\\ela_cache\6728_1.png,1
D:\\zainab\\forgery-detector\\data\\ela_cache\6729_0.png,0
D:\\zainab\\forgery-detector\\data\\ela_cache\6730_1.png,1
D:\\zainab\\forgery-detector\\data\\ela_cache\6731_0.png,0
D:\\zainab\\forgery-detector\\data\\ela_cache\6732_1.png,1
D:\\zainab\\forgery-detector\\data\\ela_cache\6733_1.png,1
D:\\zainab\\forgery-detector\\data\\ela_cache\6734_1.png,1
D:\\zainab\\forgery-detector\\data\\ela_cache\6735_0.png,0
D:\\zainab\\forgery-detector\\data\\ela_cache\6736_1.png,1
D:\\zainab\\forgery-detector\\data\\ela_cache\6737_1.png,1
D:\\zainab\\forgery-detector\\data\\ela_cache\6738_1.png,1
D:\\zainab\\forgery-detector\\data\\ela_cache\6739_1.png,1
D:\\zainab\\forgery-detector\\data\\ela_cache\6740_1.png,1
D:\\zainab\\forgery-detector\\data\\ela_cache\6741_0.png,0
D:\\zainab\\forgery-detector\\data\\ela_cache\6742_0.png,0
D:\\zainab\\forgery-detector\\data\\ela_cache\6743_0.png,0
D:\\zainab\\forgery-detector\\data\\ela_cache\6744_0.png,0
D:\\zainab\\forgery-detector\\data\\ela_cache\6745_0.png,0
D:\\zainab\\forgery-detector\\data\\ela_cache\6746_0.png,0
D:\\zainab\\forgery-detector\\data\\ela_cache\6747_1.png,1
D:\\zainab\\forgery-detector\\data\\ela_cache\6748_1.png,1
D:\\zainab\\forgery-detector\\data\\ela_cache\6749_0.png,0
D:\\zainab\\forgery-detector\\data\\ela_cache\6750_1.png,1
D:\\zainab\\forgery-detector\\data\\ela_cache\6751_1.png,1
D:\\zainab\\forgery-detector\\data\\ela_cache\6752_0.png,0
D:\\zainab\\forgery-detector\\data\\ela_cache\6753_1.png,1
D:\\zainab\\forgery-detector\\data\\ela_cache\6754_1.png,1
D:\\zainab\\forgery-detector\\data\\ela_cache\6755_0.png,0
D:\\zainab\\forgery-detector\\data\\ela_cache\6756_0.png,0
D:\\zainab\\forgery-detector\\data\\ela_cache\6757_1.png,1
D:\\zainab\\forgery-detector\\data\\ela_cache\6758_0.png,0
D:\\zainab\\forgery-detector\\data\\ela_cache\6759_1.png,1
D:\\zainab\\forgery-detector\\data\\ela_cache\6760_1.png,1
D:\\zainab\\forgery-detector\\data\\ela_cache\6761_0.png,0
D:\\zainab\\forgery-detector\\data\\ela_cache\6762_0.png,0
D:\\zainab\\forgery-detector\\data\\ela_cache\6763_0.png,0
D:\\zainab\\forgery-detector\\data\\ela_cache\6764_1.png,1
D:\\zainab\\forgery-detector\\data\\ela_cache\6765_1.png,1
D:\\zainab\\forgery-detector\\data\\ela_cache\6766_0.png,0
D:\\zainab\\forgery-detector\\data\\ela_cache\6767_0.png,0
D:\\zainab\\forgery-detector\\data\\ela_cache\6768_1.png,1
D:\\zainab\\forgery-detector\\data\\ela_cache\6769_0.png,0
D:\\zainab\\forgery-detector\\data\\ela_cache\6770_0.png,0
D:\\zainab\\forgery-detector\\data\\ela_cache\6771_0.png,0
D:\\zainab\\forgery-detector\\data\\ela_cache\6772_0.png,0
D:\\zainab\\forgery-detector\\data\\ela_cache\6773_1.png,1
D:\\zainab\\forgery-detector\\data\\ela_cache\6774_0.png,0
D:\\zainab\\forgery-detector\\data\\ela_cache\6775_0.png,0
D:\\zainab\\forgery-detector\\data\\ela_cache\6776_0.png,0
D:\\zainab\\forgery-detector\\data\\ela_cache\6777_0.png,0
D:\\zainab\\forgery-detector\\data\\ela_cache\6778_0.png,0
D:\\zainab\\forgery-detector\\data\\ela_cache\6779_0.png,0
D:\\zainab\\forgery-detector\\data\\ela_cache\6780_1.png,1
D:\\zainab\\forgery-detector\\data\\ela_cache\6781_0.png,0
D:\\zainab\\forgery-detector\\data\\ela_cache\6782_1.png,1
D:\\zainab\\forgery-detector\\data\\ela_cache\6783_0.png,0
D:\\zainab\\forgery-detector\\data\\ela_cache\6784_1.png,1
D:\\zainab\\forgery-detector\\data\\ela_cache\6785_0.png,0
D:\\zainab\\forgery-detector\\data\\ela_cache\6786_0.png,0
D:\\zainab\\forgery-detector\\data\\ela_cache\6787_1.png,1
D:\\zainab\\forgery-detector\\data\\ela_cache\6788_0.png,0
D:\\zainab\\forgery-detector\\data\\ela_cache\6789_0.png,0
D:\\zainab\\forgery-detector\\data\\ela_cache\6790_0.png,0
D:\\zainab\\forgery-detector\\data\\ela_cache\6791_0.png,0
D:\\zainab\\forgery-detector\\data\\ela_cache\6792_0.png,0
D:\\zainab\\forgery-detector\\data\\ela_cache\6793_0.png,0
D:\\zainab\\forgery-detector\\data\\ela_cache\6794_1.png,1
D:\\zainab\\forgery-detector\\data\\ela_cache\6795_0.png,0
D:\\zainab\\forgery-detector\\data\\ela_cache\6796_0.png,0
D:\\zainab\\forgery-detector\\data\\ela_cache\6797_0.png,0
D:\\zainab\\forgery-detector\\data\\ela_cache\6798_0.png,0
D:\\zainab\\forgery-detector\\data\\ela_cache\6799_1.png,1
D:\\zainab\\forgery-detector\\data\\ela_cache\6800_0.png,0
D:\\zainab\\forgery-detector\\data\\ela_cache\6801_1.png,1
D:\\zainab\\forgery-detector\\data\\ela_cache\6802_0.png,0
D:\\zainab\\forgery-detector\\data\\ela_cache\6803_1.png,1
D:\\zainab\\forgery-detector\\data\\ela_cache\6804_1.png,1
D:\\zainab\\forgery-detector\\data\\ela_cache\6805_0.png,0
D:\\zainab\\forgery-detector\\data\\ela_cache\6806_0.png,0
D:\\zainab\\forgery-detector\\data\\ela_cache\6807_0.png,0
D:\\zainab\\forgery-detector\\data\\ela_cache\6808_1.png,1
D:\\zainab\\forgery-detector\\data\\ela_cache\6809_0.png,0
D:\\zainab\\forgery-detector\\data\\ela_cache\6810_0.png,0
D:\\zainab\\forgery-detector\\data\\ela_cache\6811_0.png,0
D:\\zainab\\forgery-detector\\data\\ela_cache\6812_1.png,1
D:\\zainab\\forgery-detector\\data\\ela_cache\6813_0.png,0
D:\\zainab\\forgery-detector\\data\\ela_cache\6814_0.png,0
D:\\zainab\\forgery-detector\\data\\ela_cache\6815_1.png,1
D:\\zainab\\forgery-detector\\data\\ela_cache\6816_0.png,0
D:\\zainab\\forgery-detector\\data\\ela_cache\6817_0.png,0
D:\\zainab\\forgery-detector\\data\\ela_cache\6818_0.png,0
D:\\zainab\\forgery-detector\\data\\ela_cache\6819_0.png,0
D:\\zainab\\forgery-detector\\data\\ela_cache\6820_0.png,0
D:\\zainab\\forgery-detector\\data\\ela_cache\6821_0.png,0
D:\\zainab\\forgery-detector\\data\\ela_cache\6822_1.png,1
D:\\zainab\\forgery-detector\\data\\ela_cache\6823_0.png,0
D:\\zainab\\forgery-detector\\data\\ela_cache\6824_0.png,0
D:\\zainab\\forgery-detector\\data\\ela_cache\6825_0.png,0
D:\\zainab\\forgery-detector\\data\\ela_cache\6826_0.png,0
D:\\zainab\\forgery-detector\\data\\ela_cache\6827_0.png,0
D:\\zainab\\forgery-detector\\data\\ela_cache\6828_1.png,1
D:\\zainab\\forgery-detector\\data\\ela_cache\6829_0.png,0
D:\\zainab\\forgery-detector\\data\\ela_cache\6830_1.png,1
D:\\zainab\\forgery-detector\\data\\ela_cache\6831_1.png,1
D:\\zainab\\forgery-detector\\data\\ela_cache\6832_0.png,0
D:\\zainab\\forgery-detector\\data\\ela_cache\6833_0.png,0
D:\\zainab\\forgery-detector\\data\\ela_cache\6834_1.png,1
D:\\zainab\\forgery-detector\\data\\ela_cache\6835_0.png,0
D:\\zainab\\forgery-detector\\data\\ela_cache\6836_1.png,1
D:\\zainab\\forgery-detector\\data\\ela_cache\6837_0.png,0
D:\\zainab\\forgery-detector\\data\\ela_cache\6838_0.png,0
D:\\zainab\\forgery-detector\\data\\ela_cache\6839_0.png,0
D:\\zainab\\forgery-detector\\data\\ela_cache\6840_1.png,1
D:\\zainab\\forgery-detector\\data\\ela_cache\6841_1.png,1
D:\\zainab\\forgery-detector\\data\\ela_cache\6842_0.png,0
D:\\zainab\\forgery-detector\\data\\ela_cache\6843_0.png,0
D:\\zainab\\forgery-detector\\data\\ela_cache\6844_0.png,0
D:\\zainab\\forgery-detector\\data\\ela_cache\6845_0.png,0
D:\\zainab\\forgery-detector\\data\\ela_cache\6846_1.png,1
D:\\zainab\\forgery-detector\\data\\ela_cache\6847_1.png,1
D:\\zainab\\forgery-detector\\data\\ela_cache\6848_1.png,1
D:\\zainab\\forgery-detector\\data\\ela_cache\6849_0.png,0
D:\\zainab\\forgery-detector\\data\\ela_cache\6850_0.png,0
D:\\zainab\\forgery-detector\\data\\ela_cache\6851_0.png,0
D:\\zainab\\forgery-detector\\data\\ela_cache\6852_0.png,0
D:\\zainab\\forgery-detector\\data\\ela_cache\6853_0.png,0
D:\\zainab\\forgery-detector\\data\\ela_cache\6854_0.png,0
D:\\zainab\\forgery-detector\\data\\ela_cache\6855_0.png,0
D:\\zainab\\forgery-detector\\data\\ela_cache\6856_0.png,0
D:\\zainab\\forgery-detector\\data\\ela_cache\6857_1.png,1
D:\\zainab\\forgery-detector\\data\\ela_cache\6858_1.png,1
D:\\zainab\\forgery-detector\\data\\ela_cache\6859_0.png,0
D:\\zainab\\forgery-detector\\data\\ela_cache\6860_0.png,0
D:\\zainab\\forgery-detector\\data\\ela_cache\6861_1.png,1
D:\\zainab\\forgery-detector\\data\\ela_cache\6862_1.png,1
D:\\zainab\\forgery-detector\\data\\ela_cache\6863_0.png,0
D:\\zainab\\forgery-detector\\data\\ela_cache\6864_0.png,0
D:\\zainab\\forgery-detector\\data\\ela_cache\6865_1.png,1
D:\\zainab\\forgery-detector\\data\\ela_cache\6866_0.png,0
D:\\zainab\\forgery-detector\\data\\ela_cache\6867_0.png,0
D:\\zainab\\forgery-detector\\data\\ela_cache\6868_1.png,1
D:\\zainab\\forgery-detector\\data\\ela_cache\6869_1.png,1
D:\\zainab\\forgery-detector\\data\\ela_cache\6870_0.png,0
D:\\zainab\\forgery-detector\\data\\ela_cache\6871_1.png,1
D:\\zainab\\forgery-detector\\data\\ela_cache\6872_0.png,0
D:\\zainab\\forgery-detector\\data\\ela_cache\6873_0.png,0
D:\\zainab\\forgery-detector\\data\\ela_cache\6874_0.png,0
D:\\zainab\\forgery-detector\\data\\ela_cache\6875_0.png,0
D:\\zainab\\forgery-detector\\data\\ela_cache\6876_0.png,0
D:\\zainab\\forgery-detector\\data\\ela_cache\6877_0.png,0
D:\\zainab\\forgery-detector\\data\\ela_cache\6878_0.png,0
D:\\zainab\\forgery-detector\\data\\ela_cache\6879_0.png,0
D:\\zainab\\forgery-detector\\data\\ela_cache\6880_0.png,0
D:\\zainab\\forgery-detector\\data\\ela_cache\6881_0.png,0
D:\\zainab\\forgery-detector\\data\\ela_cache\6882_1.png,1
D:\\zainab\\forgery-detector\\data\\ela_cache\6883_0.png,0
D:\\zainab\\forgery-detector\\data\\ela_cache\6884_0.png,0
D:\\zainab\\forgery-detector\\data\\ela_cache\6885_0.png,0
D:\\zainab\\forgery-detector\\data\\ela_cache\6886_0.png,0
D:\\zainab\\forgery-detector\\data\\ela_cache\6887_0.png,0
D:\\zainab\\forgery-detector\\data\\ela_cache\6888_0.png,0
D:\\zainab\\forgery-detector\\data\\ela_cache\6889_1.png,1
D:\\zainab\\forgery-detector\\data\\ela_cache\6890_0.png,0
D:\\zainab\\forgery-detector\\data\\ela_cache\6891_0.png,0
D:\\zainab\\forgery-detector\\data\\ela_cache\6892_0.png,0
D:\\zainab\\forgery-detector\\data\\ela_cache\6893_0.png,0
D:\\zainab\\forgery-detector\\data\\ela_cache\6894_1.png,1
D:\\zainab\\forgery-detector\\data\\ela_cache\6895_0.png,0
D:\\zainab\\forgery-detector\\data\\ela_cache\6896_0.png,0
D:\\zainab\\forgery-detector\\data\\ela_cache\6897_0.png,0
D:\\zainab\\forgery-detector\\data\\ela_cache\6898_0.png,0
D:\\zainab\\forgery-detector\\data\\ela_cache\6899_1.png,1
D:\\zainab\\forgery-detector\\data\\ela_cache\6900_1.png,1
D:\\zainab\\forgery-detector\\data\\ela_cache\6901_1.png,1
D:\\zainab\\forgery-detector\\data\\ela_cache\6902_0.png,0
D:\\zainab\\forgery-detector\\data\\ela_cache\6903_1.png,1
D:\\zainab\\forgery-detector\\data\\ela_cache\6904_0.png,0
D:\\zainab\\forgery-detector\\data\\ela_cache\6905_0.png,0
D:\\zainab\\forgery-detector\\data\\ela_cache\6906_0.png,0
D:\\zainab\\forgery-detector\\data\\ela_cache\6907_0.png,0
D:\\zainab\\forgery-detector\\data\\ela_cache\6908_0.png,0
D:\\zainab\\forgery-detector\\data\\ela_cache\6909_0.png,0
D:\\zainab\\forgery-detector\\data\\ela_cache\6910_1.png,1
D:\\zainab\\forgery-detector\\data\\ela_cache\6911_1.png,1
D:\\zainab\\forgery-detector\\data\\ela_cache\6912_1.png,1
D:\\zainab\\forgery-detector\\data\\ela_cache\6913_0.png,0
D:\\zainab\\forgery-detector\\data\\ela_cache\6914_1.png,1
D:\\zainab\\forgery-detector\\data\\ela_cache\6915_0.png,0
D:\\zainab\\forgery-detector\\data\\ela_cache\6916_0.png,0
D:\\zainab\\forgery-detector\\data\\ela_cache\6917_1.png,1
D:\\zainab\\forgery-detector\\data\\ela_cache\6918_0.png,0
D:\\zainab\\forgery-detector\\data\\ela_cache\6919_1.png,1
D:\\zainab\\forgery-detector\\data\\ela_cache\6920_1.png,1
D:\\zainab\\forgery-detector\\data\\ela_cache\6921_0.png,0
D:\\zainab\\forgery-detector\\data\\ela_cache\6922_1.png,1
D:\\zainab\\forgery-detector\\data\\ela_cache\6923_0.png,0
D:\\zainab\\forgery-detector\\data\\ela_cache\6924_1.png,1
D:\\zainab\\forgery-detector\\data\\ela_cache\6925_1.png,1
D:\\zainab\\forgery-detector\\data\\ela_cache\6926_0.png,0
D:\\zainab\\forgery-detector\\data\\ela_cache\6927_0.png,0
D:\\zainab\\forgery-detector\\data\\ela_cache\6928_0.png,0
D:\\zainab\\forgery-detector\\data\\ela_cache\6929_1.png,1
D:\\zainab\\forgery-detector\\data\\ela_cache\6930_0.png,0
D:\\zainab\\forgery-detector\\data\\ela_cache\6931_1.png,1
D:\\zainab\\forgery-detector\\data\\ela_cache\6932_1.png,1
D:\\zainab\\forgery-detector\\data\\ela_cache\6933_0.png,0
D:\\zainab\\forgery-detector\\data\\ela_cache\6934_0.png,0
D:\\zainab\\forgery-detector\\data\\ela_cache\6935_1.png,1
D:\\zainab\\forgery-detector\\data\\ela_cache\6936_1.png,1
D:\\zainab\\forgery-detector\\data\\ela_cache\6937_1.png,1
D:\\zainab\\forgery-detector\\data\\ela_cache\6938_0.png,0
D:\\zainab\\forgery-detector\\data\\ela_cache\6939_1.png,1
D:\\zainab\\forgery-detector\\data\\ela_cache\6940_0.png,0
D:\\zainab\\forgery-detector\\data\\ela_cache\6941_0.png,0
D:\\zainab\\forgery-detector\\data\\ela_cache\6942_0.png,0
D:\\zainab\\forgery-detector\\data\\ela_cache\6943_0.png,0
D:\\zainab\\forgery-detector\\data\\ela_cache\6944_1.png,1
D:\\zainab\\forgery-detector\\data\\ela_cache\6945_1.png,1
D:\\zainab\\forgery-detector\\data\\ela_cache\6946_0.png,0
D:\\zainab\\forgery-detector\\data\\ela_cache\6947_0.png,0
D:\\zainab\\forgery-detector\\data\\ela_cache\6948_0.png,0
D:\\zainab\\forgery-detector\\data\\ela_cache\6949_0.png,0
D:\\zainab\\forgery-detector\\data\\ela_cache\6950_0.png,0
D:\\zainab\\forgery-detector\\data\\ela_cache\6951_1.png,1
D:\\zainab\\forgery-detector\\data\\ela_cache\6952_0.png,0
D:\\zainab\\forgery-detector\\data\\ela_cache\6953_1.png,1
D:\\zainab\\forgery-detector\\data\\ela_cache\6954_0.png,0
D:\\zainab\\forgery-detector\\data\\ela_cache\6955_0.png,0
D:\\zainab\\forgery-detector\\data\\ela_cache\6956_0.png,0
D:\\zainab\\forgery-detector\\data\\ela_cache\6957_0.png,0
D:\\zainab\\forgery-detector\\data\\ela_cache\6958_0.png,0
D:\\zainab\\forgery-detector\\data\\ela_cache\6959_0.png,0
D:\\zainab\\forgery-detector\\data\\ela_cache\6960_1.png,1
D:\\zainab\\forgery-detector\\data\\ela_cache\6961_1.png,1
D:\\zainab\\forgery-detector\\data\\ela_cache\6962_1.png,1
D:\\zainab\\forgery-detector\\data\\ela_cache\6963_1.png,1
D:\\zainab\\forgery-detector\\data\\ela_cache\6964_0.png,0
D:\\zainab\\forgery-detector\\data\\ela_cache\6965_0.png,0
D:\\zainab\\forgery-detector\\data\\ela_cache\6966_0.png,0
D:\\zainab\\forgery-detector\\data\\ela_cache\6967_1.png,1
D:\\zainab\\forgery-detector\\data\\ela_cache\6968_0.png,0
D:\\zainab\\forgery-detector\\data\\ela_cache\6969_0.png,0
D:\\zainab\\forgery-detector\\data\\ela_cache\6970_0.png,0
D:\\zainab\\forgery-detector\\data\\ela_cache\6971_1.png,1
D:\\zainab\\forgery-detector\\data\\ela_cache\6972_1.png,1
D:\\zainab\\forgery-detector\\data\\ela_cache\6973_1.png,1
D:\\zainab\\forgery-detector\\data\\ela_cache\6974_1.png,1
D:\\zainab\\forgery-detector\\data\\ela_cache\6975_1.png,1
D:\\zainab\\forgery-detector\\data\\ela_cache\6976_1.png,1
D:\\zainab\\forgery-detector\\data\\ela_cache\6977_1.png,1
D:\\zainab\\forgery-detector\\data\\ela_cache\6978_0.png,0
D:\\zainab\\forgery-detector\\data\\ela_cache\6979_1.png,1
D:\\zainab\\forgery-detector\\data\\ela_cache\6980_0.png,0
D:\\zainab\\forgery-detector\\data\\ela_cache\6981_0.png,0
D:\\zainab\\forgery-detector\\data\\ela_cache\6982_1.png,1
D:\\zainab\\forgery-detector\\data\\ela_cache\6983_1.png,1
D:\\zainab\\forgery-detector\\data\\ela_cache\6984_0.png,0
D:\\zainab\\forgery-detector\\data\\ela_cache\6985_0.png,0
D:\\zainab\\forgery-detector\\data\\ela_cache\6986_0.png,0
D:\\zainab\\forgery-detector\\data\\ela_cache\6987_1.png,1
D:\\zainab\\forgery-detector\\data\\ela_cache\6988_0.png,0
D:\\zainab\\forgery-detector\\data\\ela_cache\6989_0.png,0
D:\\zainab\\forgery-detector\\data\\ela_cache\6990_0.png,0
D:\\zainab\\forgery-detector\\data\\ela_cache\6991_0.png,0
D:\\zainab\\forgery-detector\\data\\ela_cache\6992_0.png,0
D:\\zainab\\forgery-detector\\data\\ela_cache\6993_0.png,0
D:\\zainab\\forgery-detector\\data\\ela_cache\6994_0.png,0
D:\\zainab\\forgery-detector\\data\\ela_cache\6995_0.png,0
D:\\zainab\\forgery-detector\\data\\ela_cache\6996_0.png,0
D:\\zainab\\forgery-detector\\data\\ela_cache\6997_0.png,0
D:\\zainab\\forgery-detector\\data\\ela_cache\6998_0.png,0
D:\\zainab\\forgery-detector\\data\\ela_cache\6999_0.png,0
D:\\zainab\\forgery-detector\\data\\ela_cache\7000_0.png,0
D:\\zainab\\forgery-detector\\data\\ela_cache\7001_0.png,0
D:\\zainab\\forgery-detector\\data\\ela_cache\7002_0.png,0
D:\\zainab\\forgery-detector\\data\\ela_cache\7003_0.png,0
D:\\zainab\\forgery-detector\\data\\ela_cache\7004_0.png,0
D:\\zainab\\forgery-detector\\data\\ela_cache\7005_1.png,1
D:\\zainab\\forgery-detector\\data\\ela_cache\7006_1.png,1
D:\\zainab\\forgery-detector\\data\\ela_cache\7007_0.png,0
D:\\zainab\\forgery-detector\\data\\ela_cache\7008_0.png,0
D:\\zainab\\forgery-detector\\data\\ela_cache\7009_0.png,0
D:\\zainab\\forgery-detector\\data\\ela_cache\7010_1.png,1
D:\\zainab\\forgery-detector\\data\\ela_cache\7011_0.png,0
D:\\zainab\\forgery-detector\\data\\ela_cache\7012_1.png,1
D:\\zainab\\forgery-detector\\data\\ela_cache\7013_0.png,0
D:\\zainab\\forgery-detector\\data\\ela_cache\7014_1.png,1
D:\\zainab\\forgery-detector\\data\\ela_cache\7015_0.png,0
D:\\zainab\\forgery-detector\\data\\ela_cache\7016_1.png,1
D:\\zainab\\forgery-detector\\data\\ela_cache\7017_0.png,0
D:\\zainab\\forgery-detector\\data\\ela_cache\7018_0.png,0
D:\\zainab\\forgery-detector\\data\\ela_cache\7019_0.png,0
D:\\zainab\\forgery-detector\\data\\ela_cache\7020_0.png,0
D:\\zainab\\forgery-detector\\data\\ela_cache\7021_1.png,1
D:\\zainab\\forgery-detector\\data\\ela_cache\7022_0.png,0
D:\\zainab\\forgery-detector\\data\\ela_cache\7023_0.png,0
D:\\zainab\\forgery-detector\\data\\ela_cache\7024_1.png,1
D:\\zainab\\forgery-detector\\data\\ela_cache\7025_1.png,1
D:\\zainab\\forgery-detector\\data\\ela_cache\7026_0.png,0
D:\\zainab\\forgery-detector\\data\\ela_cache\7027_1.png,1
D:\\zainab\\forgery-detector\\data\\ela_cache\7028_1.png,1
D:\\zainab\\forgery-detector\\data\\ela_cache\7029_1.png,1
D:\\zainab\\forgery-detector\\data\\ela_cache\7030_1.png,1
D:\\zainab\\forgery-detector\\data\\ela_cache\7031_1.png,1
D:\\zainab\\forgery-detector\\data\\ela_cache\7032_1.png,1
D:\\zainab\\forgery-detector\\data\\ela_cache\7033_1.png,1
D:\\zainab\\forgery-detector\\data\\ela_cache\7034_1.png,1
D:\\zainab\\forgery-detector\\data\\ela_cache\7035_0.png,0
D:\\zainab\\forgery-detector\\data\\ela_cache\7036_0.png,0
D:\\zainab\\forgery-detector\\data\\ela_cache\7037_0.png,0
D:\\zainab\\forgery-detector\\data\\ela_cache\7038_0.png,0
D:\\zainab\\forgery-detector\\data\\ela_cache\7039_0.png,0
D:\\zainab\\forgery-detector\\data\\ela_cache\7040_1.png,1
D:\\zainab\\forgery-detector\\data\\ela_cache\7041_1.png,1
D:\\zainab\\forgery-detector\\data\\ela_cache\7042_0.png,0
D:\\zainab\\forgery-detector\\data\\ela_cache\7043_1.png,1
D:\\zainab\\forgery-detector\\data\\ela_cache\7044_1.png,1
D:\\zainab\\forgery-detector\\data\\ela_cache\7045_0.png,0
D:\\zainab\\forgery-detector\\data\\ela_cache\7046_0.png,0
D:\\zainab\\forgery-detector\\data\\ela_cache\7047_1.png,1
D:\\zainab\\forgery-detector\\data\\ela_cache\7048_1.png,1
D:\\zainab\\forgery-detector\\data\\ela_cache\7049_0.png,0
D:\\zainab\\forgery-detector\\data\\ela_cache\7050_0.png,0
D:\\zainab\\forgery-detector\\data\\ela_cache\7051_0.png,0
D:\\zainab\\forgery-detector\\data\\ela_cache\7052_1.png,1
D:\\zainab\\forgery-detector\\data\\ela_cache\7053_0.png,0
D:\\zainab\\forgery-detector\\data\\ela_cache\7054_0.png,0
D:\\zainab\\forgery-detector\\data\\ela_cache\7055_0.png,0
D:\\zainab\\forgery-detector\\data\\ela_cache\7056_0.png,0
D:\\zainab\\forgery-detector\\data\\ela_cache\7057_1.png,1
D:\\zainab\\forgery-detector\\data\\ela_cache\7058_1.png,1
D:\\zainab\\forgery-detector\\data\\ela_cache\7059_0.png,0
D:\\zainab\\forgery-detector\\data\\ela_cache\7060_0.png,0
D:\\zainab\\forgery-detector\\data\\ela_cache\7061_0.png,0
D:\\zainab\\forgery-detector\\data\\ela_cache\7062_0.png,0
D:\\zainab\\forgery-detector\\data\\ela_cache\7063_1.png,1
D:\\zainab\\forgery-detector\\data\\ela_cache\7064_1.png,1
D:\\zainab\\forgery-detector\\data\\ela_cache\7065_1.png,1
D:\\zainab\\forgery-detector\\data\\ela_cache\7066_0.png,0
D:\\zainab\\forgery-detector\\data\\ela_cache\7067_1.png,1
D:\\zainab\\forgery-detector\\data\\ela_cache\7068_1.png,1
D:\\zainab\\forgery-detector\\data\\ela_cache\7069_1.png,1
D:\\zainab\\forgery-detector\\data\\ela_cache\7070_0.png,0
D:\\zainab\\forgery-detector\\data\\ela_cache\7071_0.png,0
D:\\zainab\\forgery-detector\\data\\ela_cache\7072_0.png,0
D:\\zainab\\forgery-detector\\data\\ela_cache\7073_0.png,0
D:\\zainab\\forgery-detector\\data\\ela_cache\7074_1.png,1
D:\\zainab\\forgery-detector\\data\\ela_cache\7075_0.png,0
D:\\zainab\\forgery-detector\\data\\ela_cache\7076_1.png,1
D:\\zainab\\forgery-detector\\data\\ela_cache\7077_0.png,0
D:\\zainab\\forgery-detector\\data\\ela_cache\7078_1.png,1
D:\\zainab\\forgery-detector\\data\\ela_cache\7079_1.png,1
D:\\zainab\\forgery-detector\\data\\ela_cache\7080_0.png,0
D:\\zainab\\forgery-detector\\data\\ela_cache\7081_0.png,0
D:\\zainab\\forgery-detector\\data\\ela_cache\7082_0.png,0
D:\\zainab\\forgery-detector\\data\\ela_cache\7083_1.png,1
D:\\zainab\\forgery-detector\\data\\ela_cache\7084_0.png,0
D:\\zainab\\forgery-detector\\data\\ela_cache\7085_1.png,1
D:\\zainab\\forgery-detector\\data\\ela_cache\7086_1.png,1
D:\\zainab\\forgery-detector\\data\\ela_cache\7087_1.png,1
D:\\zainab\\forgery-detector\\data\\ela_cache\7088_1.png,1
D:\\zainab\\forgery-detector\\data\\ela_cache\7089_1.png,1
D:\\zainab\\forgery-detector\\data\\ela_cache\7090_0.png,0
D:\\zainab\\forgery-detector\\data\\ela_cache\7091_0.png,0
D:\\zainab\\forgery-detector\\data\\ela_cache\7092_0.png,0
D:\\zainab\\forgery-detector\\data\\ela_cache\7093_1.png,1
D:\\zainab\\forgery-detector\\data\\ela_cache\7094_0.png,0
D:\\zainab\\forgery-detector\\data\\ela_cache\7095_0.png,0
D:\\zainab\\forgery-detector\\data\\ela_cache\7096_0.png,0
D:\\zainab\\forgery-detector\\data\\ela_cache\7097_0.png,0
D:\\zainab\\forgery-detector\\data\\ela_cache\7098_0.png,0
D:\\zainab\\forgery-detector\\data\\ela_cache\7099_1.png,1
D:\\zainab\\forgery-detector\\data\\ela_cache\7100_0.png,0
D:\\zainab\\forgery-detector\\data\\ela_cache\7101_0.png,0
D:\\zainab\\forgery-detector\\data\\ela_cache\7102_0.png,0
D:\\zainab\\forgery-detector\\data\\ela_cache\7103_0.png,0
D:\\zainab\\forgery-detector\\data\\ela_cache\7104_0.png,0
D:\\zainab\\forgery-detector\\data\\ela_cache\7105_1.png,1
D:\\zainab\\forgery-detector\\data\\ela_cache\7106_1.png,1
D:\\zainab\\forgery-detector\\data\\ela_cache\7107_0.png,0
D:\\zainab\\forgery-detector\\data\\ela_cache\7108_1.png,1
D:\\zainab\\forgery-detector\\data\\ela_cache\7109_0.png,0
D:\\zainab\\forgery-detector\\data\\ela_cache\7110_1.png,1
D:\\zainab\\forgery-detector\\data\\ela_cache\7111_1.png,1
D:\\zainab\\forgery-detector\\data\\ela_cache\7112_1.png,1
D:\\zainab\\forgery-detector\\data\\ela_cache\7113_0.png,0
D:\\zainab\\forgery-detector\\data\\ela_cache\7114_0.png,0
D:\\zainab\\forgery-detector\\data\\ela_cache\7115_1.png,1
D:\\zainab\\forgery-detector\\data\\ela_cache\7116_1.png,1
D:\\zainab\\forgery-detector\\data\\ela_cache\7117_0.png,0
D:\\zainab\\forgery-detector\\data\\ela_cache\7118_0.png,0
D:\\zainab\\forgery-detector\\data\\ela_cache\7119_0.png,0
D:\\zainab\\forgery-detector\\data\\ela_cache\7120_0.png,0
D:\\zainab\\forgery-detector\\data\\ela_cache\7121_0.png,0
D:\\zainab\\forgery-detector\\data\\ela_cache\7122_1.png,1
D:\\zainab\\forgery-detector\\data\\ela_cache\7123_1.png,1
D:\\zainab\\forgery-detector\\data\\ela_cache\7124_0.png,0
D:\\zainab\\forgery-detector\\data\\ela_cache\7125_0.png,0
D:\\zainab\\forgery-detector\\data\\ela_cache\7126_0.png,0
D:\\zainab\\forgery-detector\\data\\ela_cache\7127_0.png,0
D:\\zainab\\forgery-detector\\data\\ela_cache\7128_0.png,0
D:\\zainab\\forgery-detector\\data\\ela_cache\7129_1.png,1
D:\\zainab\\forgery-detector\\data\\ela_cache\7130_1.png,1
D:\\zainab\\forgery-detector\\data\\ela_cache\7131_0.png,0
D:\\zainab\\forgery-detector\\data\\ela_cache\7132_0.png,0
D:\\zainab\\forgery-detector\\data\\ela_cache\7133_0.png,0
D:\\zainab\\forgery-detector\\data\\ela_cache\7134_0.png,0
D:\\zainab\\forgery-detector\\data\\ela_cache\7135_1.png,1
D:\\zainab\\forgery-detector\\data\\ela_cache\7136_0.png,0
D:\\zainab\\forgery-detector\\data\\ela_cache\7137_1.png,1
D:\\zainab\\forgery-detector\\data\\ela_cache\7138_1.png,1
D:\\zainab\\forgery-detector\\data\\ela_cache\7139_0.png,0
D:\\zainab\\forgery-detector\\data\\ela_cache\7140_1.png,1
D:\\zainab\\forgery-detector\\data\\ela_cache\7141_0.png,0
D:\\zainab\\forgery-detector\\data\\ela_cache\7142_0.png,0
D:\\zainab\\forgery-detector\\data\\ela_cache\7143_1.png,1
D:\\zainab\\forgery-detector\\data\\ela_cache\7144_0.png,0
D:\\zainab\\forgery-detector\\data\\ela_cache\7145_1.png,1
D:\\zainab\\forgery-detector\\data\\ela_cache\7146_0.png,0
D:\\zainab\\forgery-detector\\data\\ela_cache\7147_0.png,0
D:\\zainab\\forgery-detector\\data\\ela_cache\7148_0.png,0
D:\\zainab\\forgery-detector\\data\\ela_cache\7149_1.png,1
D:\\zainab\\forgery-detector\\data\\ela_cache\7150_0.png,0
D:\\zainab\\forgery-detector\\data\\ela_cache\7151_1.png,1
D:\\zainab\\forgery-detector\\data\\ela_cache\7152_0.png,0
D:\\zainab\\forgery-detector\\data\\ela_cache\7153_0.png,0
D:\\zainab\\forgery-detector\\data\\ela_cache\7154_0.png,0
D:\\zainab\\forgery-detector\\data\\ela_cache\7155_0.png,0
D:\\zainab\\forgery-detector\\data\\ela_cache\7156_0.png,0
D:\\zainab\\forgery-detector\\data\\ela_cache\7157_0.png,0
D:\\zainab\\forgery-detector\\data\\ela_cache\7158_0.png,0
D:\\zainab\\forgery-detector\\data\\ela_cache\7159_0.png,0
D:\\zainab\\forgery-detector\\data\\ela_cache\7160_0.png,0
D:\\zainab\\forgery-detector\\data\\ela_cache\7161_0.png,0
D:\\zainab\\forgery-detector\\data\\ela_cache\7162_1.png,1
D:\\zainab\\forgery-detector\\data\\ela_cache\7163_1.png,1
D:\\zainab\\forgery-detector\\data\\ela_cache\7164_1.png,1
D:\\zainab\\forgery-detector\\data\\ela_cache\7165_0.png,0
D:\\zainab\\forgery-detector\\data\\ela_cache\7166_0.png,0
D:\\zainab\\forgery-detector\\data\\ela_cache\7167_0.png,0
D:\\zainab\\forgery-detector\\data\\ela_cache\7168_0.png,0
D:\\zainab\\forgery-detector\\data\\ela_cache\7169_1.png,1
D:\\zainab\\forgery-detector\\data\\ela_cache\7170_0.png,0
D:\\zainab\\forgery-detector\\data\\ela_cache\7171_0.png,0
D:\\zainab\\forgery-detector\\data\\ela_cache\7172_0.png,0
D:\\zainab\\forgery-detector\\data\\ela_cache\7173_0.png,0
D:\\zainab\\forgery-detector\\data\\ela_cache\7174_0.png,0
D:\\zainab\\forgery-detector\\data\\ela_cache\7175_1.png,1
D:\\zainab\\forgery-detector\\data\\ela_cache\7176_1.png,1
D:\\zainab\\forgery-detector\\data\\ela_cache\7177_1.png,1
D:\\zainab\\forgery-detector\\data\\ela_cache\7178_1.png,1
D:\\zainab\\forgery-detector\\data\\ela_cache\7179_1.png,1
D:\\zainab\\forgery-detector\\data\\ela_cache\7180_1.png,1
D:\\zainab\\forgery-detector\\data\\ela_cache\7181_1.png,1
D:\\zainab\\forgery-detector\\data\\ela_cache\7182_0.png,0
D:\\zainab\\forgery-detector\\data\\ela_cache\7183_0.png,0
D:\\zainab\\forgery-detector\\data\\ela_cache\7184_1.png,1
D:\\zainab\\forgery-detector\\data\\ela_cache\7185_0.png,0
D:\\zainab\\forgery-detector\\data\\ela_cache\7186_0.png,0
D:\\zainab\\forgery-detector\\data\\ela_cache\7187_0.png,0
D:\\zainab\\forgery-detector\\data\\ela_cache\7188_0.png,0
D:\\zainab\\forgery-detector\\data\\ela_cache\7189_1.png,1
D:\\zainab\\forgery-detector\\data\\ela_cache\7190_0.png,0
D:\\zainab\\forgery-detector\\data\\ela_cache\7191_0.png,0
D:\\zainab\\forgery-detector\\data\\ela_cache\7192_1.png,1
D:\\zainab\\forgery-detector\\data\\ela_cache\7193_1.png,1
D:\\zainab\\forgery-detector\\data\\ela_cache\7194_0.png,0
D:\\zainab\\forgery-detector\\data\\ela_cache\7195_1.png,1
D:\\zainab\\forgery-detector\\data\\ela_cache\7196_0.png,0
D:\\zainab\\forgery-detector\\data\\ela_cache\7197_1.png,1
D:\\zainab\\forgery-detector\\data\\ela_cache\7198_0.png,0
D:\\zainab\\forgery-detector\\data\\ela_cache\7199_1.png,1
D:\\zainab\\forgery-detector\\data\\ela_cache\7200_0.png,0
D:\\zainab\\forgery-detector\\data\\ela_cache\7201_0.png,0
D:\\zainab\\forgery-detector\\data\\ela_cache\7202_0.png,0
D:\\zainab\\forgery-detector\\data\\ela_cache\7203_1.png,1
D:\\zainab\\forgery-detector\\data\\ela_cache\7204_0.png,0
D:\\zainab\\forgery-detector\\data\\ela_cache\7205_0.png,0
D:\\zainab\\forgery-detector\\data\\ela_cache\7206_0.png,0
D:\\zainab\\forgery-detector\\data\\ela_cache\7207_1.png,1
D:\\zainab\\forgery-detector\\data\\ela_cache\7208_0.png,0
D:\\zainab\\forgery-detector\\data\\ela_cache\7209_1.png,1
D:\\zainab\\forgery-detector\\data\\ela_cache\7210_0.png,0
D:\\zainab\\forgery-detector\\data\\ela_cache\7211_1.png,1
D:\\zainab\\forgery-detector\\data\\ela_cache\7212_0.png,0
D:\\zainab\\forgery-detector\\data\\ela_cache\7213_0.png,0
D:\\zainab\\forgery-detector\\data\\ela_cache\7214_1.png,1
D:\\zainab\\forgery-detector\\data\\ela_cache\7215_1.png,1
D:\\zainab\\forgery-detector\\data\\ela_cache\7216_1.png,1
D:\\zainab\\forgery-detector\\data\\ela_cache\7217_0.png,0
D:\\zainab\\forgery-detector\\data\\ela_cache\7218_1.png,1
D:\\zainab\\forgery-detector\\data\\ela_cache\7219_0.png,0
D:\\zainab\\forgery-detector\\data\\ela_cache\7220_1.png,1
D:\\zainab\\forgery-detector\\data\\ela_cache\7221_1.png,1
D:\\zainab\\forgery-detector\\data\\ela_cache\7222_1.png,1
D:\\zainab\\forgery-detector\\data\\ela_cache\7223_0.png,0
D:\\zainab\\forgery-detector\\data\\ela_cache\7224_0.png,0
D:\\zainab\\forgery-detector\\data\\ela_cache\7225_1.png,1
D:\\zainab\\forgery-detector\\data\\ela_cache\7226_0.png,0
D:\\zainab\\forgery-detector\\data\\ela_cache\7227_1.png,1
D:\\zainab\\forgery-detector\\data\\ela_cache\7228_0.png,0
D:\\zainab\\forgery-detector\\data\\ela_cache\7229_0.png,0
D:\\zainab\\forgery-detector\\data\\ela_cache\7230_0.png,0
D:\\zainab\\forgery-detector\\data\\ela_cache\7231_0.png,0
D:\\zainab\\forgery-detector\\data\\ela_cache\7232_1.png,1
D:\\zainab\\forgery-detector\\data\\ela_cache\7233_0.png,0
D:\\zainab\\forgery-detector\\data\\ela_cache\7234_1.png,1
D:\\zainab\\forgery-detector\\data\\ela_cache\7235_0.png,0
D:\\zainab\\forgery-detector\\data\\ela_cache\7236_0.png,0
D:\\zainab\\forgery-detector\\data\\ela_cache\7237_1.png,1
D:\\zainab\\forgery-detector\\data\\ela_cache\7238_1.png,1
D:\\zainab\\forgery-detector\\data\\ela_cache\7239_1.png,1
D:\\zainab\\forgery-detector\\data\\ela_cache\7240_0.png,0
D:\\zainab\\forgery-detector\\data\\ela_cache\7241_0.png,0
D:\\zainab\\forgery-detector\\data\\ela_cache\7242_1.png,1
D:\\zainab\\forgery-detector\\data\\ela_cache\7243_0.png,0
D:\\zainab\\forgery-detector\\data\\ela_cache\7244_0.png,0
D:\\zainab\\forgery-detector\\data\\ela_cache\7245_1.png,1
D:\\zainab\\forgery-detector\\data\\ela_cache\7246_0.png,0
D:\\zainab\\forgery-detector\\data\\ela_cache\7247_0.png,0
D:\\zainab\\forgery-detector\\data\\ela_cache\7248_0.png,0
D:\\zainab\\forgery-detector\\data\\ela_cache\7249_0.png,0
D:\\zainab\\forgery-detector\\data\\ela_cache\7250_0.png,0
D:\\zainab\\forgery-detector\\data\\ela_cache\7251_1.png,1
D:\\zainab\\forgery-detector\\data\\ela_cache\7252_0.png,0
D:\\zainab\\forgery-detector\\data\\ela_cache\7253_1.png,1
D:\\zainab\\forgery-detector\\data\\ela_cache\7254_1.png,1
D:\\zainab\\forgery-detector\\data\\ela_cache\7255_0.png,0
D:\\zainab\\forgery-detector\\data\\ela_cache\7256_0.png,0
D:\\zainab\\forgery-detector\\data\\ela_cache\7257_0.png,0
D:\\zainab\\forgery-detector\\data\\ela_cache\7258_0.png,0
D:\\zainab\\forgery-detector\\data\\ela_cache\7259_0.png,0
D:\\zainab\\forgery-detector\\data\\ela_cache\7260_0.png,0
D:\\zainab\\forgery-detector\\data\\ela_cache\7261_0.png,0
D:\\zainab\\forgery-detector\\data\\ela_cache\7262_0.png,0
D:\\zainab\\forgery-detector\\data\\ela_cache\7263_0.png,0
D:\\zainab\\forgery-detector\\data\\ela_cache\7264_0.png,0
D:\\zainab\\forgery-detector\\data\\ela_cache\7265_1.png,1
D:\\zainab\\forgery-detector\\data\\ela_cache\7266_1.png,1
D:\\zainab\\forgery-detector\\data\\ela_cache\7267_0.png,0
D:\\zainab\\forgery-detector\\data\\ela_cache\7268_1.png,1
D:\\zainab\\forgery-detector\\data\\ela_cache\7269_0.png,0
D:\\zainab\\forgery-detector\\data\\ela_cache\7270_1.png,1
D:\\zainab\\forgery-detector\\data\\ela_cache\7271_1.png,1
D:\\zainab\\forgery-detector\\data\\ela_cache\7272_0.png,0
D:\\zainab\\forgery-detector\\data\\ela_cache\7273_0.png,0
D:\\zainab\\forgery-detector\\data\\ela_cache\7274_0.png,0
D:\\zainab\\forgery-detector\\data\\ela_cache\7275_1.png,1
D:\\zainab\\forgery-detector\\data\\ela_cache\7276_0.png,0
D:\\zainab\\forgery-detector\\data\\ela_cache\7277_0.png,0
D:\\zainab\\forgery-detector\\data\\ela_cache\7278_0.png,0
D:\\zainab\\forgery-detector\\data\\ela_cache\7279_0.png,0
D:\\zainab\\forgery-detector\\data\\ela_cache\7280_0.png,0
D:\\zainab\\forgery-detector\\data\\ela_cache\7281_1.png,1
D:\\zainab\\forgery-detector\\data\\ela_cache\7282_0.png,0
D:\\zainab\\forgery-detector\\data\\ela_cache\7283_0.png,0
D:\\zainab\\forgery-detector\\data\\ela_cache\7284_0.png,0
D:\\zainab\\forgery-detector\\data\\ela_cache\7285_0.png,0
D:\\zainab\\forgery-detector\\data\\ela_cache\7286_1.png,1
D:\\zainab\\forgery-detector\\data\\ela_cache\7287_1.png,1
D:\\zainab\\forgery-detector\\data\\ela_cache\7288_0.png,0
D:\\zainab\\forgery-detector\\data\\ela_cache\7289_1.png,1
D:\\zainab\\forgery-detector\\data\\ela_cache\7290_0.png,0
D:\\zainab\\forgery-detector\\data\\ela_cache\7291_0.png,0
D:\\zainab\\forgery-detector\\data\\ela_cache\7292_0.png,0
D:\\zainab\\forgery-detector\\data\\ela_cache\7293_1.png,1
D:\\zainab\\forgery-detector\\data\\ela_cache\7294_1.png,1
D:\\zainab\\forgery-detector\\data\\ela_cache\7295_0.png,0
D:\\zainab\\forgery-detector\\data\\ela_cache\7296_0.png,0
D:\\zainab\\forgery-detector\\data\\ela_cache\7297_0.png,0
D:\\zainab\\forgery-detector\\data\\ela_cache\7298_1.png,1
D:\\zainab\\forgery-detector\\data\\ela_cache\7299_1.png,1
D:\\zainab\\forgery-detector\\data\\ela_cache\7300_0.png,0
D:\\zainab\\forgery-detector\\data\\ela_cache\7301_0.png,0
D:\\zainab\\forgery-detector\\data\\ela_cache\7302_1.png,1
D:\\zainab\\forgery-detector\\data\\ela_cache\7303_1.png,1
D:\\zainab\\forgery-detector\\data\\ela_cache\7304_0.png,0
D:\\zainab\\forgery-detector\\data\\ela_cache\7305_1.png,1
D:\\zainab\\forgery-detector\\data\\ela_cache\7306_0.png,0
D:\\zainab\\forgery-detector\\data\\ela_cache\7307_1.png,1
D:\\zainab\\forgery-detector\\data\\ela_cache\7308_1.png,1
D:\\zainab\\forgery-detector\\data\\ela_cache\7309_0.png,0
D:\\zainab\\forgery-detector\\data\\ela_cache\7310_0.png,0
D:\\zainab\\forgery-detector\\data\\ela_cache\7311_1.png,1
D:\\zainab\\forgery-detector\\data\\ela_cache\7312_0.png,0
D:\\zainab\\forgery-detector\\data\\ela_cache\7313_1.png,1
D:\\zainab\\forgery-detector\\data\\ela_cache\7314_0.png,0
D:\\zainab\\forgery-detector\\data\\ela_cache\7315_1.png,1
D:\\zainab\\forgery-detector\\data\\ela_cache\7316_0.png,0
D:\\zainab\\forgery-detector\\data\\ela_cache\7317_0.png,0
D:\\zainab\\forgery-detector\\data\\ela_cache\7318_0.png,0
D:\\zainab\\forgery-detector\\data\\ela_cache\7319_1.png,1
D:\\zainab\\forgery-detector\\data\\ela_cache\7320_0.png,0
D:\\zainab\\forgery-detector\\data\\ela_cache\7321_0.png,0
D:\\zainab\\forgery-detector\\data\\ela_cache\7322_1.png,1
D:\\zainab\\forgery-detector\\data\\ela_cache\7323_0.png,0
D:\\zainab\\forgery-detector\\data\\ela_cache\7324_0.png,0
D:\\zainab\\forgery-detector\\data\\ela_cache\7325_1.png,1
D:\\zainab\\forgery-detector\\data\\ela_cache\7326_0.png,0
D:\\zainab\\forgery-detector\\data\\ela_cache\7327_1.png,1
D:\\zainab\\forgery-detector\\data\\ela_cache\7328_1.png,1
D:\\zainab\\forgery-detector\\data\\ela_cache\7329_0.png,0
D:\\zainab\\forgery-detector\\data\\ela_cache\7330_0.png,0
D:\\zainab\\forgery-detector\\data\\ela_cache\7331_0.png,0
D:\\zainab\\forgery-detector\\data\\ela_cache\7332_1.png,1
D:\\zainab\\forgery-detector\\data\\ela_cache\7333_0.png,0
D:\\zainab\\forgery-detector\\data\\ela_cache\7334_0.png,0
D:\\zainab\\forgery-detector\\data\\ela_cache\7335_0.png,0
D:\\zainab\\forgery-detector\\data\\ela_cache\7336_1.png,1
D:\\zainab\\forgery-detector\\data\\ela_cache\7337_0.png,0
D:\\zainab\\forgery-detector\\data\\ela_cache\7338_1.png,1
D:\\zainab\\forgery-detector\\data\\ela_cache\7339_1.png,1
D:\\zainab\\forgery-detector\\data\\ela_cache\7340_1.png,1
D:\\zainab\\forgery-detector\\data\\ela_cache\7341_1.png,1
D:\\zainab\\forgery-detector\\data\\ela_cache\7342_1.png,1
D:\\zainab\\forgery-detector\\data\\ela_cache\7343_0.png,0
D:\\zainab\\forgery-detector\\data\\ela_cache\7344_0.png,0
D:\\zainab\\forgery-detector\\data\\ela_cache\7345_0.png,0
D:\\zainab\\forgery-detector\\data\\ela_cache\7346_0.png,0
D:\\zainab\\forgery-detector\\data\\ela_cache\7347_1.png,1
D:\\zainab\\forgery-detector\\data\\ela_cache\7348_0.png,0
D:\\zainab\\forgery-detector\\data\\ela_cache\7349_1.png,1
D:\\zainab\\forgery-detector\\data\\ela_cache\7350_0.png,0
D:\\zainab\\forgery-detector\\data\\ela_cache\7351_0.png,0
D:\\zainab\\forgery-detector\\data\\ela_cache\7352_0.png,0
D:\\zainab\\forgery-detector\\data\\ela_cache\7353_0.png,0
D:\\zainab\\forgery-detector\\data\\ela_cache\7354_1.png,1
D:\\zainab\\forgery-detector\\data\\ela_cache\7355_0.png,0
D:\\zainab\\forgery-detector\\data\\ela_cache\7356_0.png,0
D:\\zainab\\forgery-detector\\data\\ela_cache\7357_1.png,1
D:\\zainab\\forgery-detector\\data\\ela_cache\7358_1.png,1
D:\\zainab\\forgery-detector\\data\\ela_cache\7359_1.png,1
D:\\zainab\\forgery-detector\\data\\ela_cache\7360_1.png,1
D:\\zainab\\forgery-detector\\data\\ela_cache\7361_1.png,1
D:\\zainab\\forgery-detector\\data\\ela_cache\7362_1.png,1
D:\\zainab\\forgery-detector\\data\\ela_cache\7363_0.png,0
D:\\zainab\\forgery-detector\\data\\ela_cache\7364_0.png,0
D:\\zainab\\forgery-detector\\data\\ela_cache\7365_1.png,1
D:\\zainab\\forgery-detector\\data\\ela_cache\7366_0.png,0
D:\\zainab\\forgery-detector\\data\\ela_cache\7367_0.png,0
D:\\zainab\\forgery-detector\\data\\ela_cache\7368_0.png,0
D:\\zainab\\forgery-detector\\data\\ela_cache\7369_1.png,1
D:\\zainab\\forgery-detector\\data\\ela_cache\7370_1.png,1
D:\\zainab\\forgery-detector\\data\\ela_cache\7371_0.png,0
D:\\zainab\\forgery-detector\\data\\ela_cache\7372_1.png,1
D:\\zainab\\forgery-detector\\data\\ela_cache\7373_1.png,1
D:\\zainab\\forgery-detector\\data\\ela_cache\7374_0.png,0
D:\\zainab\\forgery-detector\\data\\ela_cache\7375_1.png,1
D:\\zainab\\forgery-detector\\data\\ela_cache\7376_1.png,1
D:\\zainab\\forgery-detector\\data\\ela_cache\7377_1.png,1
D:\\zainab\\forgery-detector\\data\\ela_cache\7378_0.png,0
D:\\zainab\\forgery-detector\\data\\ela_cache\7379_1.png,1
D:\\zainab\\forgery-detector\\data\\ela_cache\7380_1.png,1
D:\\zainab\\forgery-detector\\data\\ela_cache\7381_1.png,1
D:\\zainab\\forgery-detector\\data\\ela_cache\7382_0.png,0
D:\\zainab\\forgery-detector\\data\\ela_cache\7383_0.png,0
D:\\zainab\\forgery-detector\\data\\ela_cache\7384_0.png,0
D:\\zainab\\forgery-detector\\data\\ela_cache\7385_0.png,0
D:\\zainab\\forgery-detector\\data\\ela_cache\7386_0.png,0
D:\\zainab\\forgery-detector\\data\\ela_cache\7387_0.png,0
D:\\zainab\\forgery-detector\\data\\ela_cache\7388_0.png,0
D:\\zainab\\forgery-detector\\data\\ela_cache\7389_0.png,0
D:\\zainab\\forgery-detector\\data\\ela_cache\7390_0.png,0
D:\\zainab\\forgery-detector\\data\\ela_cache\7391_0.png,0
D:\\zainab\\forgery-detector\\data\\ela_cache\7392_1.png,1
D:\\zainab\\forgery-detector\\data\\ela_cache\7393_1.png,1
D:\\zainab\\forgery-detector\\data\\ela_cache\7394_1.png,1
D:\\zainab\\forgery-detector\\data\\ela_cache\7395_0.png,0
D:\\zainab\\forgery-detector\\data\\ela_cache\7396_0.png,0
D:\\zainab\\forgery-detector\\data\\ela_cache\7397_0.png,0
D:\\zainab\\forgery-detector\\data\\ela_cache\7398_1.png,1
D:\\zainab\\forgery-detector\\data\\ela_cache\7399_0.png,0
D:\\zainab\\forgery-detector\\data\\ela_cache\7400_0.png,0
D:\\zainab\\forgery-detector\\data\\ela_cache\7401_1.png,1
D:\\zainab\\forgery-detector\\data\\ela_cache\7402_0.png,0
D:\\zainab\\forgery-detector\\data\\ela_cache\7403_1.png,1
D:\\zainab\\forgery-detector\\data\\ela_cache\7404_0.png,0
D:\\zainab\\forgery-detector\\data\\ela_cache\7405_1.png,1
D:\\zainab\\forgery-detector\\data\\ela_cache\7406_0.png,0
D:\\zainab\\forgery-detector\\data\\ela_cache\7407_0.png,0
D:\\zainab\\forgery-detector\\data\\ela_cache\7408_0.png,0
D:\\zainab\\forgery-detector\\data\\ela_cache\7409_0.png,0
D:\\zainab\\forgery-detector\\data\\ela_cache\7410_1.png,1
D:\\zainab\\forgery-detector\\data\\ela_cache\7411_0.png,0
D:\\zainab\\forgery-detector\\data\\ela_cache\7412_1.png,1
D:\\zainab\\forgery-detector\\data\\ela_cache\7413_1.png,1
D:\\zainab\\forgery-detector\\data\\ela_cache\7414_1.png,1
D:\\zainab\\forgery-detector\\data\\ela_cache\7415_1.png,1
D:\\zainab\\forgery-detector\\data\\ela_cache\7416_0.png,0
D:\\zainab\\forgery-detector\\data\\ela_cache\7417_0.png,0
D:\\zainab\\forgery-detector\\data\\ela_cache\7418_0.png,0
D:\\zainab\\forgery-detector\\data\\ela_cache\7419_0.png,0
D:\\zainab\\forgery-detector\\data\\ela_cache\7420_0.png,0
D:\\zainab\\forgery-detector\\data\\ela_cache\7421_0.png,0
D:\\zainab\\forgery-detector\\data\\ela_cache\7422_0.png,0
D:\\zainab\\forgery-detector\\data\\ela_cache\7423_1.png,1
D:\\zainab\\forgery-detector\\data\\ela_cache\7424_0.png,0
D:\\zainab\\forgery-detector\\data\\ela_cache\7425_0.png,0
D:\\zainab\\forgery-detector\\data\\ela_cache\7426_1.png,1
D:\\zainab\\forgery-detector\\data\\ela_cache\7427_0.png,0
D:\\zainab\\forgery-detector\\data\\ela_cache\7428_1.png,1
D:\\zainab\\forgery-detector\\data\\ela_cache\7429_1.png,1
D:\\zainab\\forgery-detector\\data\\ela_cache\7430_1.png,1
D:\\zainab\\forgery-detector\\data\\ela_cache\7431_1.png,1
D:\\zainab\\forgery-detector\\data\\ela_cache\7432_0.png,0
D:\\zainab\\forgery-detector\\data\\ela_cache\7433_1.png,1
D:\\zainab\\forgery-detector\\data\\ela_cache\7434_1.png,1
D:\\zainab\\forgery-detector\\data\\ela_cache\7435_0.png,0
D:\\zainab\\forgery-detector\\data\\ela_cache\7436_0.png,0
D:\\zainab\\forgery-detector\\data\\ela_cache\7437_0.png,0
D:\\zainab\\forgery-detector\\data\\ela_cache\7438_1.png,1
D:\\zainab\\forgery-detector\\data\\ela_cache\7439_0.png,0
D:\\zainab\\forgery-detector\\data\\ela_cache\7440_1.png,1
D:\\zainab\\forgery-detector\\data\\ela_cache\7441_0.png,0
D:\\zainab\\forgery-detector\\data\\ela_cache\7442_0.png,0
D:\\zainab\\forgery-detector\\data\\ela_cache\7443_0.png,0
D:\\zainab\\forgery-detector\\data\\ela_cache\7444_1.png,1
D:\\zainab\\forgery-detector\\data\\ela_cache\7445_0.png,0
D:\\zainab\\forgery-detector\\data\\ela_cache\7446_1.png,1
D:\\zainab\\forgery-detector\\data\\ela_cache\7447_1.png,1
D:\\zainab\\forgery-detector\\data\\ela_cache\7448_1.png,1
D:\\zainab\\forgery-detector\\data\\ela_cache\7449_0.png,0
D:\\zainab\\forgery-detector\\data\\ela_cache\7450_0.png,0
D:\\zainab\\forgery-detector\\data\\ela_cache\7451_0.png,0
D:\\zainab\\forgery-detector\\data\\ela_cache\7452_1.png,1
D:\\zainab\\forgery-detector\\data\\ela_cache\7453_0.png,0
D:\\zainab\\forgery-detector\\data\\ela_cache\7454_0.png,0
D:\\zainab\\forgery-detector\\data\\ela_cache\7455_1.png,1
D:\\zainab\\forgery-detector\\data\\ela_cache\7456_1.png,1
D:\\zainab\\forgery-detector\\data\\ela_cache\7457_1.png,1
D:\\zainab\\forgery-detector\\data\\ela_cache\7458_0.png,0
D:\\zainab\\forgery-detector\\data\\ela_cache\7459_0.png,0
D:\\zainab\\forgery-detector\\data\\ela_cache\7460_0.png,0
D:\\zainab\\forgery-detector\\data\\ela_cache\7461_0.png,0
D:\\zainab\\forgery-detector\\data\\ela_cache\7462_0.png,0
D:\\zainab\\forgery-detector\\data\\ela_cache\7463_1.png,1
D:\\zainab\\forgery-detector\\data\\ela_cache\7464_1.png,1
D:\\zainab\\forgery-detector\\data\\ela_cache\7465_0.png,0
D:\\zainab\\forgery-detector\\data\\ela_cache\7466_0.png,0
D:\\zainab\\forgery-detector\\data\\ela_cache\7467_0.png,0
D:\\zainab\\forgery-detector\\data\\ela_cache\7468_1.png,1
D:\\zainab\\forgery-detector\\data\\ela_cache\7469_0.png,0
D:\\zainab\\forgery-detector\\data\\ela_cache\7470_0.png,0
D:\\zainab\\forgery-detector\\data\\ela_cache\7471_0.png,0
D:\\zainab\\forgery-detector\\data\\ela_cache\7472_0.png,0
D:\\zainab\\forgery-detector\\data\\ela_cache\7473_1.png,1
D:\\zainab\\forgery-detector\\data\\ela_cache\7474_0.png,0
D:\\zainab\\forgery-detector\\data\\ela_cache\7475_0.png,0
D:\\zainab\\forgery-detector\\data\\ela_cache\7476_1.png,1
D:\\zainab\\forgery-detector\\data\\ela_cache\7477_1.png,1
D:\\zainab\\forgery-detector\\data\\ela_cache\7478_0.png,0
D:\\zainab\\forgery-detector\\data\\ela_cache\7479_0.png,0
D:\\zainab\\forgery-detector\\data\\ela_cache\7480_0.png,0
D:\\zainab\\forgery-detector\\data\\ela_cache\7481_0.png,0
D:\\zainab\\forgery-detector\\data\\ela_cache\7482_0.png,0
D:\\zainab\\forgery-detector\\data\\ela_cache\7483_0.png,0
D:\\zainab\\forgery-detector\\data\\ela_cache\7484_0.png,0
D:\\zainab\\forgery-detector\\data\\ela_cache\7485_0.png,0
D:\\zainab\\forgery-detector\\data\\ela_cache\7486_0.png,0
D:\\zainab\\forgery-detector\\data\\ela_cache\7487_0.png,0
D:\\zainab\\forgery-detector\\data\\ela_cache\7488_1.png,1
D:\\zainab\\forgery-detector\\data\\ela_cache\7489_1.png,1
D:\\zainab\\forgery-detector\\data\\ela_cache\7490_0.png,0
D:\\zainab\\forgery-detector\\data\\ela_cache\7491_0.png,0
D:\\zainab\\forgery-detector\\data\\ela_cache\7492_1.png,1
D:\\zainab\\forgery-detector\\data\\ela_cache\7493_1.png,1
D:\\zainab\\forgery-detector\\data\\ela_cache\7494_0.png,0
D:\\zainab\\forgery-detector\\data\\ela_cache\7495_0.png,0
D:\\zainab\\forgery-detector\\data\\ela_cache\7496_0.png,0
D:\\zainab\\forgery-detector\\data\\ela_cache\7497_0.png,0
D:\\zainab\\forgery-detector\\data\\ela_cache\7498_0.png,0
D:\\zainab\\forgery-detector\\data\\ela_cache\7499_0.png,0
D:\\zainab\\forgery-detector\\data\\ela_cache\7500_1.png,1
D:\\zainab\\forgery-detector\\data\\ela_cache\7501_0.png,0
D:\\zainab\\forgery-detector\\data\\ela_cache\7502_1.png,1
D:\\zainab\\forgery-detector\\data\\ela_cache\7503_0.png,0
D:\\zainab\\forgery-detector\\data\\ela_cache\7504_0.png,0
D:\\zainab\\forgery-detector\\data\\ela_cache\7505_1.png,1
D:\\zainab\\forgery-detector\\data\\ela_cache\7506_0.png,0
D:\\zainab\\forgery-detector\\data\\ela_cache\7507_1.png,1
D:\\zainab\\forgery-detector\\data\\ela_cache\7508_1.png,1
D:\\zainab\\forgery-detector\\data\\ela_cache\7509_0.png,0
D:\\zainab\\forgery-detector\\data\\ela_cache\7510_0.png,0
D:\\zainab\\forgery-detector\\data\\ela_cache\7511_0.png,0
D:\\zainab\\forgery-detector\\data\\ela_cache\7512_1.png,1
D:\\zainab\\forgery-detector\\data\\ela_cache\7513_1.png,1
D:\\zainab\\forgery-detector\\data\\ela_cache\7514_0.png,0
D:\\zainab\\forgery-detector\\data\\ela_cache\7515_0.png,0
D:\\zainab\\forgery-detector\\data\\ela_cache\7516_0.png,0
D:\\zainab\\forgery-detector\\data\\ela_cache\7517_1.png,1
D:\\zainab\\forgery-detector\\data\\ela_cache\7518_0.png,0
D:\\zainab\\forgery-detector\\data\\ela_cache\7519_1.png,1
D:\\zainab\\forgery-detector\\data\\ela_cache\7520_1.png,1
D:\\zainab\\forgery-detector\\data\\ela_cache\7521_1.png,1
D:\\zainab\\forgery-detector\\data\\ela_cache\7522_1.png,1
D:\\zainab\\forgery-detector\\data\\ela_cache\7523_0.png,0
D:\\zainab\\forgery-detector\\data\\ela_cache\7524_1.png,1
D:\\zainab\\forgery-detector\\data\\ela_cache\7525_0.png,0
D:\\zainab\\forgery-detector\\data\\ela_cache\7526_1.png,1
D:\\zainab\\forgery-detector\\data\\ela_cache\7527_0.png,0
D:\\zainab\\forgery-detector\\data\\ela_cache\7528_0.png,0
D:\\zainab\\forgery-detector\\data\\ela_cache\7529_0.png,0
D:\\zainab\\forgery-detector\\data\\ela_cache\7530_0.png,0
D:\\zainab\\forgery-detector\\data\\ela_cache\7531_1.png,1
D:\\zainab\\forgery-detector\\data\\ela_cache\7532_1.png,1
D:\\zainab\\forgery-detector\\data\\ela_cache\7533_0.png,0
D:\\zainab\\forgery-detector\\data\\ela_cache\7534_0.png,0
D:\\zainab\\forgery-detector\\data\\ela_cache\7535_1.png,1
D:\\zainab\\forgery-detector\\data\\ela_cache\7536_0.png,0
D:\\zainab\\forgery-detector\\data\\ela_cache\7537_1.png,1
D:\\zainab\\forgery-detector\\data\\ela_cache\7538_1.png,1
D:\\zainab\\forgery-detector\\data\\ela_cache\7539_1.png,1
D:\\zainab\\forgery-detector\\data\\ela_cache\7540_1.png,1
D:\\zainab\\forgery-detector\\data\\ela_cache\7541_1.png,1
D:\\zainab\\forgery-detector\\data\\ela_cache\7542_1.png,1
D:\\zainab\\forgery-detector\\data\\ela_cache\7543_0.png,0
D:\\zainab\\forgery-detector\\data\\ela_cache\7544_1.png,1
D:\\zainab\\forgery-detector\\data\\ela_cache\7545_1.png,1
D:\\zainab\\forgery-detector\\data\\ela_cache\7546_1.png,1
D:\\zainab\\forgery-detector\\data\\ela_cache\7547_0.png,0
D:\\zainab\\forgery-detector\\data\\ela_cache\7548_0.png,0
D:\\zainab\\forgery-detector\\data\\ela_cache\7549_1.png,1
D:\\zainab\\forgery-detector\\data\\ela_cache\7550_1.png,1
D:\\zainab\\forgery-detector\\data\\ela_cache\7551_0.png,0
D:\\zainab\\forgery-detector\\data\\ela_cache\7552_0.png,0
D:\\zainab\\forgery-detector\\data\\ela_cache\7553_1.png,1
D:\\zainab\\forgery-detector\\data\\ela_cache\7554_0.png,0
D:\\zainab\\forgery-detector\\data\\ela_cache\7555_1.png,1
D:\\zainab\\forgery-detector\\data\\ela_cache\7556_0.png,0
D:\\zainab\\forgery-detector\\data\\ela_cache\7557_0.png,0
D:\\zainab\\forgery-detector\\data\\ela_cache\7558_1.png,1
D:\\zainab\\forgery-detector\\data\\ela_cache\7559_1.png,1
D:\\zainab\\forgery-detector\\data\\ela_cache\7560_1.png,1
D:\\zainab\\forgery-detector\\data\\ela_cache\7561_0.png,0
D:\\zainab\\forgery-detector\\data\\ela_cache\7562_1.png,1
D:\\zainab\\forgery-detector\\data\\ela_cache\7563_0.png,0
D:\\zainab\\forgery-detector\\data\\ela_cache\7564_0.png,0
D:\\zainab\\forgery-detector\\data\\ela_cache\7565_0.png,0
D:\\zainab\\forgery-detector\\data\\ela_cache\7566_0.png,0
D:\\zainab\\forgery-detector\\data\\ela_cache\7567_1.png,1
D:\\zainab\\forgery-detector\\data\\ela_cache\7568_0.png,0
D:\\zainab\\forgery-detector\\data\\ela_cache\7569_1.png,1
D:\\zainab\\forgery-detector\\data\\ela_cache\7570_0.png,0
D:\\zainab\\forgery-detector\\data\\ela_cache\7571_0.png,0
D:\\zainab\\forgery-detector\\data\\ela_cache\7572_0.png,0
D:\\zainab\\forgery-detector\\data\\ela_cache\7573_1.png,1
D:\\zainab\\forgery-detector\\data\\ela_cache\7574_0.png,0
D:\\zainab\\forgery-detector\\data\\ela_cache\7575_1.png,1
D:\\zainab\\forgery-detector\\data\\ela_cache\7576_0.png,0
D:\\zainab\\forgery-detector\\data\\ela_cache\7577_0.png,0
D:\\zainab\\forgery-detector\\data\\ela_cache\7578_1.png,1
D:\\zainab\\forgery-detector\\data\\ela_cache\7579_0.png,0
D:\\zainab\\forgery-detector\\data\\ela_cache\7580_0.png,0
D:\\zainab\\forgery-detector\\data\\ela_cache\7581_0.png,0
D:\\zainab\\forgery-detector\\data\\ela_cache\7582_1.png,1
D:\\zainab\\forgery-detector\\data\\ela_cache\7583_1.png,1
D:\\zainab\\forgery-detector\\data\\ela_cache\7584_1.png,1
D:\\zainab\\forgery-detector\\data\\ela_cache\7585_1.png,1
D:\\zainab\\forgery-detector\\data\\ela_cache\7586_1.png,1
D:\\zainab\\forgery-detector\\data\\ela_cache\7587_0.png,0
D:\\zainab\\forgery-detector\\data\\ela_cache\7588_1.png,1
D:\\zainab\\forgery-detector\\data\\ela_cache\7589_0.png,0
D:\\zainab\\forgery-detector\\data\\ela_cache\7590_1.png,1
D:\\zainab\\forgery-detector\\data\\ela_cache\7591_1.png,1
D:\\zainab\\forgery-detector\\data\\ela_cache\7592_1.png,1
D:\\zainab\\forgery-detector\\data\\ela_cache\7593_0.png,0
D:\\zainab\\forgery-detector\\data\\ela_cache\7594_1.png,1
D:\\zainab\\forgery-detector\\data\\ela_cache\7595_1.png,1
D:\\zainab\\forgery-detector\\data\\ela_cache\7596_0.png,0
D:\\zainab\\forgery-detector\\data\\ela_cache\7597_1.png,1
D:\\zainab\\forgery-detector\\data\\ela_cache\7598_1.png,1
D:\\zainab\\forgery-detector\\data\\ela_cache\7599_0.png,0
D:\\zainab\\forgery-detector\\data\\ela_cache\7600_0.png,0
D:\\zainab\\forgery-detector\\data\\ela_cache\7601_0.png,0
D:\\zainab\\forgery-detector\\data\\ela_cache\7602_0.png,0
D:\\zainab\\forgery-detector\\data\\ela_cache\7603_0.png,0
D:\\zainab\\forgery-detector\\data\\ela_cache\7604_1.png,1
D:\\zainab\\forgery-detector\\data\\ela_cache\7605_0.png,0
D:\\zainab\\forgery-detector\\data\\ela_cache\7606_1.png,1
D:\\zainab\\forgery-detector\\data\\ela_cache\7607_0.png,0
D:\\zainab\\forgery-detector\\data\\ela_cache\7608_0.png,0
D:\\zainab\\forgery-detector\\data\\ela_cache\7609_1.png,1
D:\\zainab\\forgery-detector\\data\\ela_cache\7610_1.png,1
D:\\zainab\\forgery-detector\\data\\ela_cache\7611_1.png,1
D:\\zainab\\forgery-detector\\data\\ela_cache\7612_1.png,1
D:\\zainab\\forgery-detector\\data\\ela_cache\7613_0.png,0
D:\\zainab\\forgery-detector\\data\\ela_cache\7614_1.png,1
D:\\zainab\\forgery-detector\\data\\ela_cache\7615_0.png,0
D:\\zainab\\forgery-detector\\data\\ela_cache\7616_1.png,1
D:\\zainab\\forgery-detector\\data\\ela_cache\7617_1.png,1
D:\\zainab\\forgery-detector\\data\\ela_cache\7618_0.png,0
D:\\zainab\\forgery-detector\\data\\ela_cache\7619_1.png,1
D:\\zainab\\forgery-detector\\data\\ela_cache\7620_1.png,1
D:\\zainab\\forgery-detector\\data\\ela_cache\7621_0.png,0
D:\\zainab\\forgery-detector\\data\\ela_cache\7622_0.png,0
D:\\zainab\\forgery-detector\\data\\ela_cache\7623_1.png,1
D:\\zainab\\forgery-detector\\data\\ela_cache\7624_0.png,0
D:\\zainab\\forgery-detector\\data\\ela_cache\7625_0.png,0
D:\\zainab\\forgery-detector\\data\\ela_cache\7626_1.png,1
D:\\zainab\\forgery-detector\\data\\ela_cache\7627_1.png,1
D:\\zainab\\forgery-detector\\data\\ela_cache\7628_0.png,0
D:\\zainab\\forgery-detector\\data\\ela_cache\7629_1.png,1
D:\\zainab\\forgery-detector\\data\\ela_cache\7630_1.png,1
D:\\zainab\\forgery-detector\\data\\ela_cache\7631_0.png,0
D:\\zainab\\forgery-detector\\data\\ela_cache\7632_1.png,1
D:\\zainab\\forgery-detector\\data\\ela_cache\7633_1.png,1
D:\\zainab\\forgery-detector\\data\\ela_cache\7634_0.png,0
D:\\zainab\\forgery-detector\\data\\ela_cache\7635_0.png,0
D:\\zainab\\forgery-detector\\data\\ela_cache\7636_0.png,0
D:\\zainab\\forgery-detector\\data\\ela_cache\7637_0.png,0
D:\\zainab\\forgery-detector\\data\\ela_cache\7638_0.png,0
D:\\zainab\\forgery-detector\\data\\ela_cache\7639_0.png,0
D:\\zainab\\forgery-detector\\data\\ela_cache\7640_1.png,1
D:\\zainab\\forgery-detector\\data\\ela_cache\7641_1.png,1
D:\\zainab\\forgery-detector\\data\\ela_cache\7642_0.png,0
D:\\zainab\\forgery-detector\\data\\ela_cache\7643_0.png,0
D:\\zainab\\forgery-detector\\data\\ela_cache\7644_1.png,1
D:\\zainab\\forgery-detector\\data\\ela_cache\7645_1.png,1
D:\\zainab\\forgery-detector\\data\\ela_cache\7646_0.png,0
D:\\zainab\\forgery-detector\\data\\ela_cache\7647_0.png,0
D:\\zainab\\forgery-detector\\data\\ela_cache\7648_1.png,1
D:\\zainab\\forgery-detector\\data\\ela_cache\7649_1.png,1
D:\\zainab\\forgery-detector\\data\\ela_cache\7650_0.png,0
D:\\zainab\\forgery-detector\\data\\ela_cache\7651_0.png,0
D:\\zainab\\forgery-detector\\data\\ela_cache\7652_1.png,1
D:\\zainab\\forgery-detector\\data\\ela_cache\7653_0.png,0
D:\\zainab\\forgery-detector\\data\\ela_cache\7654_1.png,1
D:\\zainab\\forgery-detector\\data\\ela_cache\7655_1.png,1
D:\\zainab\\forgery-detector\\data\\ela_cache\7656_1.png,1
D:\\zainab\\forgery-detector\\data\\ela_cache\7657_0.png,0
D:\\zainab\\forgery-detector\\data\\ela_cache\7658_1.png,1
D:\\zainab\\forgery-detector\\data\\ela_cache\7659_0.png,0
D:\\zainab\\forgery-detector\\data\\ela_cache\7660_0.png,0
D:\\zainab\\forgery-detector\\data\\ela_cache\7661_0.png,0
D:\\zainab\\forgery-detector\\data\\ela_cache\7662_0.png,0
D:\\zainab\\forgery-detector\\data\\ela_cache\7663_0.png,0
D:\\zainab\\forgery-detector\\data\\ela_cache\7664_1.png,1
D:\\zainab\\forgery-detector\\data\\ela_cache\7665_0.png,0
D:\\zainab\\forgery-detector\\data\\ela_cache\7666_0.png,0
D:\\zainab\\forgery-detector\\data\\ela_cache\7667_0.png,0
D:\\zainab\\forgery-detector\\data\\ela_cache\7668_0.png,0
D:\\zainab\\forgery-detector\\data\\ela_cache\7669_1.png,1
D:\\zainab\\forgery-detector\\data\\ela_cache\7670_0.png,0
D:\\zainab\\forgery-detector\\data\\ela_cache\7671_0.png,0
D:\\zainab\\forgery-detector\\data\\ela_cache\7672_1.png,1
D:\\zainab\\forgery-detector\\data\\ela_cache\7673_0.png,0
D:\\zainab\\forgery-detector\\data\\ela_cache\7674_0.png,0
D:\\zainab\\forgery-detector\\data\\ela_cache\7675_0.png,0
D:\\zainab\\forgery-detector\\data\\ela_cache\7676_0.png,0
D:\\zainab\\forgery-detector\\data\\ela_cache\7677_0.png,0
D:\\zainab\\forgery-detector\\data\\ela_cache\7678_1.png,1
D:\\zainab\\forgery-detector\\data\\ela_cache\7679_1.png,1
D:\\zainab\\forgery-detector\\data\\ela_cache\7680_0.png,0
D:\\zainab\\forgery-detector\\data\\ela_cache\7681_1.png,1
D:\\zainab\\forgery-detector\\data\\ela_cache\7682_0.png,0
D:\\zainab\\forgery-detector\\data\\ela_cache\7683_1.png,1
D:\\zainab\\forgery-detector\\data\\ela_cache\7684_1.png,1
D:\\zainab\\forgery-detector\\data\\ela_cache\7685_1.png,1
D:\\zainab\\forgery-detector\\data\\ela_cache\7686_1.png,1
D:\\zainab\\forgery-detector\\data\\ela_cache\7687_1.png,1
D:\\zainab\\forgery-detector\\data\\ela_cache\7688_0.png,0
D:\\zainab\\forgery-detector\\data\\ela_cache\7689_0.png,0
D:\\zainab\\forgery-detector\\data\\ela_cache\7690_0.png,0
D:\\zainab\\forgery-detector\\data\\ela_cache\7691_1.png,1
D:\\zainab\\forgery-detector\\data\\ela_cache\7692_0.png,0
D:\\zainab\\forgery-detector\\data\\ela_cache\7693_0.png,0
D:\\zainab\\forgery-detector\\data\\ela_cache\7694_0.png,0
D:\\zainab\\forgery-detector\\data\\ela_cache\7695_0.png,0
D:\\zainab\\forgery-detector\\data\\ela_cache\7696_1.png,1
D:\\zainab\\forgery-detector\\data\\ela_cache\7697_0.png,0
D:\\zainab\\forgery-detector\\data\\ela_cache\7698_1.png,1
D:\\zainab\\forgery-detector\\data\\ela_cache\7699_1.png,1
D:\\zainab\\forgery-detector\\data\\ela_cache\7700_0.png,0
D:\\zainab\\forgery-detector\\data\\ela_cache\7701_0.png,0
D:\\zainab\\forgery-detector\\data\\ela_cache\7702_0.png,0
D:\\zainab\\forgery-detector\\data\\ela_cache\7703_0.png,0
D:\\zainab\\forgery-detector\\data\\ela_cache\7704_0.png,0
D:\\zainab\\forgery-detector\\data\\ela_cache\7705_1.png,1
D:\\zainab\\forgery-detector\\data\\ela_cache\7706_1.png,1
D:\\zainab\\forgery-detector\\data\\ela_cache\7707_1.png,1
D:\\zainab\\forgery-detector\\data\\ela_cache\7708_1.png,1
D:\\zainab\\forgery-detector\\data\\ela_cache\7709_0.png,0
D:\\zainab\\forgery-detector\\data\\ela_cache\7710_1.png,1
D:\\zainab\\forgery-detector\\data\\ela_cache\7711_0.png,0
D:\\zainab\\forgery-detector\\data\\ela_cache\7712_0.png,0
D:\\zainab\\forgery-detector\\data\\ela_cache\7713_0.png,0
D:\\zainab\\forgery-detector\\data\\ela_cache\7714_1.png,1
D:\\zainab\\forgery-detector\\data\\ela_cache\7715_1.png,1
D:\\zainab\\forgery-detector\\data\\ela_cache\7716_1.png,1
D:\\zainab\\forgery-detector\\data\\ela_cache\7717_1.png,1
D:\\zainab\\forgery-detector\\data\\ela_cache\7718_1.png,1
D:\\zainab\\forgery-detector\\data\\ela_cache\7719_1.png,1
D:\\zainab\\forgery-detector\\data\\ela_cache\7720_0.png,0
D:\\zainab\\forgery-detector\\data\\ela_cache\7721_1.png,1
D:\\zainab\\forgery-detector\\data\\ela_cache\7722_0.png,0
D:\\zainab\\forgery-detector\\data\\ela_cache\7723_0.png,0
D:\\zainab\\forgery-detector\\data\\ela_cache\7724_0.png,0
D:\\zainab\\forgery-detector\\data\\ela_cache\7725_1.png,1
D:\\zainab\\forgery-detector\\data\\ela_cache\7726_1.png,1
D:\\zainab\\forgery-detector\\data\\ela_cache\7727_0.png,0
D:\\zainab\\forgery-detector\\data\\ela_cache\7728_0.png,0
D:\\zainab\\forgery-detector\\data\\ela_cache\7729_1.png,1
D:\\zainab\\forgery-detector\\data\\ela_cache\7730_0.png,0
D:\\zainab\\forgery-detector\\data\\ela_cache\7731_0.png,0
D:\\zainab\\forgery-detector\\data\\ela_cache\7732_1.png,1
D:\\zainab\\forgery-detector\\data\\ela_cache\7733_1.png,1
D:\\zainab\\forgery-detector\\data\\ela_cache\7734_0.png,0
D:\\zainab\\forgery-detector\\data\\ela_cache\7735_0.png,0
D:\\zainab\\forgery-detector\\data\\ela_cache\7736_0.png,0
D:\\zainab\\forgery-detector\\data\\ela_cache\7737_1.png,1
D:\\zainab\\forgery-detector\\data\\ela_cache\7738_0.png,0
D:\\zainab\\forgery-detector\\data\\ela_cache\7739_0.png,0
D:\\zainab\\forgery-detector\\data\\ela_cache\7740_1.png,1
D:\\zainab\\forgery-detector\\data\\ela_cache\7741_0.png,0
D:\\zainab\\forgery-detector\\data\\ela_cache\7742_1.png,1
D:\\zainab\\forgery-detector\\data\\ela_cache\7743_1.png,1
D:\\zainab\\forgery-detector\\data\\ela_cache\7744_1.png,1
D:\\zainab\\forgery-detector\\data\\ela_cache\7745_1.png,1
D:\\zainab\\forgery-detector\\data\\ela_cache\7746_1.png,1
D:\\zainab\\forgery-detector\\data\\ela_cache\7747_1.png,1
D:\\zainab\\forgery-detector\\data\\ela_cache\7748_1.png,1
D:\\zainab\\forgery-detector\\data\\ela_cache\7749_0.png,0
D:\\zainab\\forgery-detector\\data\\ela_cache\7750_1.png,1
D:\\zainab\\forgery-detector\\data\\ela_cache\7751_1.png,1
D:\\zainab\\forgery-detector\\data\\ela_cache\7752_1.png,1
D:\\zainab\\forgery-detector\\data\\ela_cache\7753_1.png,1
D:\\zainab\\forgery-detector\\data\\ela_cache\7754_0.png,0
D:\\zainab\\forgery-detector\\data\\ela_cache\7755_0.png,0
D:\\zainab\\forgery-detector\\data\\ela_cache\7756_1.png,1
D:\\zainab\\forgery-detector\\data\\ela_cache\7757_0.png,0
D:\\zainab\\forgery-detector\\data\\ela_cache\7758_1.png,1
D:\\zainab\\forgery-detector\\data\\ela_cache\7759_1.png,1
D:\\zainab\\forgery-detector\\data\\ela_cache\7760_1.png,1
D:\\zainab\\forgery-detector\\data\\ela_cache\7761_0.png,0
D:\\zainab\\forgery-detector\\data\\ela_cache\7762_0.png,0
D:\\zainab\\forgery-detector\\data\\ela_cache\7763_0.png,0
D:\\zainab\\forgery-detector\\data\\ela_cache\7764_0.png,0
D:\\zainab\\forgery-detector\\data\\ela_cache\7765_1.png,1
D:\\zainab\\forgery-detector\\data\\ela_cache\7766_0.png,0
D:\\zainab\\forgery-detector\\data\\ela_cache\7767_1.png,1
D:\\zainab\\forgery-detector\\data\\ela_cache\7768_0.png,0
D:\\zainab\\forgery-detector\\data\\ela_cache\7769_0.png,0
D:\\zainab\\forgery-detector\\data\\ela_cache\7770_0.png,0
D:\\zainab\\forgery-detector\\data\\ela_cache\7771_1.png,1
D:\\zainab\\forgery-detector\\data\\ela_cache\7772_1.png,1
D:\\zainab\\forgery-detector\\data\\ela_cache\7773_0.png,0
D:\\zainab\\forgery-detector\\data\\ela_cache\7774_0.png,0
D:\\zainab\\forgery-detector\\data\\ela_cache\7775_0.png,0
D:\\zainab\\forgery-detector\\data\\ela_cache\7776_0.png,0
D:\\zainab\\forgery-detector\\data\\ela_cache\7777_0.png,0
D:\\zainab\\forgery-detector\\data\\ela_cache\7778_1.png,1
D:\\zainab\\forgery-detector\\data\\ela_cache\7779_0.png,0
D:\\zainab\\forgery-detector\\data\\ela_cache\7780_1.png,1
D:\\zainab\\forgery-detector\\data\\ela_cache\7781_0.png,0
D:\\zainab\\forgery-detector\\data\\ela_cache\7782_1.png,1
D:\\zainab\\forgery-detector\\data\\ela_cache\7783_1.png,1
D:\\zainab\\forgery-detector\\data\\ela_cache\7784_0.png,0
D:\\zainab\\forgery-detector\\data\\ela_cache\7785_1.png,1
D:\\zainab\\forgery-detector\\data\\ela_cache\7786_1.png,1
D:\\zainab\\forgery-detector\\data\\ela_cache\7787_0.png,0
D:\\zainab\\forgery-detector\\data\\ela_cache\7788_0.png,0
D:\\zainab\\forgery-detector\\data\\ela_cache\7789_1.png,1
D:\\zainab\\forgery-detector\\data\\ela_cache\7790_0.png,0
D:\\zainab\\forgery-detector\\data\\ela_cache\7791_1.png,1
D:\\zainab\\forgery-detector\\data\\ela_cache\7792_0.png,0
D:\\zainab\\forgery-detector\\data\\ela_cache\7793_1.png,1
D:\\zainab\\forgery-detector\\data\\ela_cache\7794_0.png,0
D:\\zainab\\forgery-detector\\data\\ela_cache\7795_0.png,0
D:\\zainab\\forgery-detector\\data\\ela_cache\7796_0.png,0
D:\\zainab\\forgery-detector\\data\\ela_cache\7797_0.png,0
D:\\zainab\\forgery-detector\\data\\ela_cache\7798_0.png,0
D:\\zainab\\forgery-detector\\data\\ela_cache\7799_0.png,0
D:\\zainab\\forgery-detector\\data\\ela_cache\7800_0.png,0
D:\\zainab\\forgery-detector\\data\\ela_cache\7801_1.png,1
D:\\zainab\\forgery-detector\\data\\ela_cache\7802_0.png,0
D:\\zainab\\forgery-detector\\data\\ela_cache\7803_1.png,1
D:\\zainab\\forgery-detector\\data\\ela_cache\7804_0.png,0
D:\\zainab\\forgery-detector\\data\\ela_cache\7805_1.png,1
D:\\zainab\\forgery-detector\\data\\ela_cache\7806_1.png,1
D:\\zainab\\forgery-detector\\data\\ela_cache\7807_1.png,1
D:\\zainab\\forgery-detector\\data\\ela_cache\7808_0.png,0
D:\\zainab\\forgery-detector\\data\\ela_cache\7809_0.png,0
D:\\zainab\\forgery-detector\\data\\ela_cache\7810_0.png,0
D:\\zainab\\forgery-detector\\data\\ela_cache\7811_0.png,0
D:\\zainab\\forgery-detector\\data\\ela_cache\7812_1.png,1
D:\\zainab\\forgery-detector\\data\\ela_cache\7813_1.png,1
D:\\zainab\\forgery-detector\\data\\ela_cache\7814_1.png,1
D:\\zainab\\forgery-detector\\data\\ela_cache\7815_1.png,1
D:\\zainab\\forgery-detector\\data\\ela_cache\7816_1.png,1
D:\\zainab\\forgery-detector\\data\\ela_cache\7817_0.png,0
D:\\zainab\\forgery-detector\\data\\ela_cache\7818_1.png,1
D:\\zainab\\forgery-detector\\data\\ela_cache\7819_0.png,0
D:\\zainab\\forgery-detector\\data\\ela_cache\7820_1.png,1
D:\\zainab\\forgery-detector\\data\\ela_cache\7821_1.png,1
D:\\zainab\\forgery-detector\\data\\ela_cache\7822_0.png,0
D:\\zainab\\forgery-detector\\data\\ela_cache\7823_1.png,1
D:\\zainab\\forgery-detector\\data\\ela_cache\7824_1.png,1
D:\\zainab\\forgery-detector\\data\\ela_cache\7825_0.png,0
D:\\zainab\\forgery-detector\\data\\ela_cache\7826_0.png,0
D:\\zainab\\forgery-detector\\data\\ela_cache\7827_1.png,1
D:\\zainab\\forgery-detector\\data\\ela_cache\7828_0.png,0
D:\\zainab\\forgery-detector\\data\\ela_cache\7829_0.png,0
D:\\zainab\\forgery-detector\\data\\ela_cache\7830_1.png,1
D:\\zainab\\forgery-detector\\data\\ela_cache\7831_0.png,0
D:\\zainab\\forgery-detector\\data\\ela_cache\7832_1.png,1
D:\\zainab\\forgery-detector\\data\\ela_cache\7833_0.png,0
D:\\zainab\\forgery-detector\\data\\ela_cache\7834_0.png,0
D:\\zainab\\forgery-detector\\data\\ela_cache\7835_0.png,0
D:\\zainab\\forgery-detector\\data\\ela_cache\7836_1.png,1
D:\\zainab\\forgery-detector\\data\\ela_cache\7837_0.png,0
D:\\zainab\\forgery-detector\\data\\ela_cache\7838_1.png,1
D:\\zainab\\forgery-detector\\data\\ela_cache\7839_0.png,0
D:\\zainab\\forgery-detector\\data\\ela_cache\7840_0.png,0
D:\\zainab\\forgery-detector\\data\\ela_cache\7841_0.png,0
D:\\zainab\\forgery-detector\\data\\ela_cache\7842_1.png,1
D:\\zainab\\forgery-detector\\data\\ela_cache\7843_1.png,1
D:\\zainab\\forgery-detector\\data\\ela_cache\7844_1.png,1
D:\\zainab\\forgery-detector\\data\\ela_cache\7845_0.png,0
D:\\zainab\\forgery-detector\\data\\ela_cache\7846_1.png,1
D:\\zainab\\forgery-detector\\data\\ela_cache\7847_0.png,0
D:\\zainab\\forgery-detector\\data\\ela_cache\7848_1.png,1
D:\\zainab\\forgery-detector\\data\\ela_cache\7849_1.png,1
D:\\zainab\\forgery-detector\\data\\ela_cache\7850_0.png,0
D:\\zainab\\forgery-detector\\data\\ela_cache\7851_1.png,1
D:\\zainab\\forgery-detector\\data\\ela_cache\7852_0.png,0
D:\\zainab\\forgery-detector\\data\\ela_cache\7853_1.png,1
D:\\zainab\\forgery-detector\\data\\ela_cache\7854_1.png,1
D:\\zainab\\forgery-detector\\data\\ela_cache\7855_0.png,0
D:\\zainab\\forgery-detector\\data\\ela_cache\7856_1.png,1
D:\\zainab\\forgery-detector\\data\\ela_cache\7857_1.png,1
D:\\zainab\\forgery-detector\\data\\ela_cache\7858_0.png,0
D:\\zainab\\forgery-detector\\data\\ela_cache\7859_1.png,1
D:\\zainab\\forgery-detector\\data\\ela_cache\7860_0.png,0
D:\\zainab\\forgery-detector\\data\\ela_cache\7861_1.png,1
D:\\zainab\\forgery-detector\\data\\ela_cache\7862_0.png,0
D:\\zainab\\forgery-detector\\data\\ela_cache\7863_0.png,0
D:\\zainab\\forgery-detector\\data\\ela_cache\7864_0.png,0
D:\\zainab\\forgery-detector\\data\\ela_cache\7865_0.png,0
D:\\zainab\\forgery-detector\\data\\ela_cache\7866_0.png,0
D:\\zainab\\forgery-detector\\data\\ela_cache\7867_1.png,1
D:\\zainab\\forgery-detector\\data\\ela_cache\7868_1.png,1
D:\\zainab\\forgery-detector\\data\\ela_cache\7869_1.png,1
D:\\zainab\\forgery-detector\\data\\ela_cache\7870_1.png,1
D:\\zainab\\forgery-detector\\data\\ela_cache\7871_0.png,0
D:\\zainab\\forgery-detector\\data\\ela_cache\7872_1.png,1
D:\\zainab\\forgery-detector\\data\\ela_cache\7873_1.png,1
D:\\zainab\\forgery-detector\\data\\ela_cache\7874_1.png,1
D:\\zainab\\forgery-detector\\data\\ela_cache\7875_0.png,0
D:\\zainab\\forgery-detector\\data\\ela_cache\7876_0.png,0
D:\\zainab\\forgery-detector\\data\\ela_cache\7877_0.png,0
D:\\zainab\\forgery-detector\\data\\ela_cache\7878_0.png,0
D:\\zainab\\forgery-detector\\data\\ela_cache\7879_1.png,1
D:\\zainab\\forgery-detector\\data\\ela_cache\7880_1.png,1
D:\\zainab\\forgery-detector\\data\\ela_cache\7881_0.png,0
D:\\zainab\\forgery-detector\\data\\ela_cache\7882_1.png,1
D:\\zainab\\forgery-detector\\data\\ela_cache\7883_1.png,1
D:\\zainab\\forgery-detector\\data\\ela_cache\7884_0.png,0
D:\\zainab\\forgery-detector\\data\\ela_cache\7885_1.png,1
D:\\zainab\\forgery-detector\\data\\ela_cache\7886_1.png,1
D:\\zainab\\forgery-detector\\data\\ela_cache\7887_0.png,0
D:\\zainab\\forgery-detector\\data\\ela_cache\7888_0.png,0
D:\\zainab\\forgery-detector\\data\\ela_cache\7889_1.png,1
D:\\zainab\\forgery-detector\\data\\ela_cache\7890_0.png,0
D:\\zainab\\forgery-detector\\data\\ela_cache\7891_0.png,0
D:\\zainab\\forgery-detector\\data\\ela_cache\7892_0.png,0
D:\\zainab\\forgery-detector\\data\\ela_cache\7893_0.png,0
D:\\zainab\\forgery-detector\\data\\ela_cache\7894_0.png,0
D:\\zainab\\forgery-detector\\data\\ela_cache\7895_1.png,1
D:\\zainab\\forgery-detector\\data\\ela_cache\7896_1.png,1
D:\\zainab\\forgery-detector\\data\\ela_cache\7897_0.png,0
D:\\zainab\\forgery-detector\\data\\ela_cache\7898_1.png,1
D:\\zainab\\forgery-detector\\data\\ela_cache\7899_1.png,1
D:\\zainab\\forgery-detector\\data\\ela_cache\7900_0.png,0
D:\\zainab\\forgery-detector\\data\\ela_cache\7901_0.png,0
D:\\zainab\\forgery-detector\\data\\ela_cache\7902_0.png,0
D:\\zainab\\forgery-detector\\data\\ela_cache\7903_0.png,0
D:\\zainab\\forgery-detector\\data\\ela_cache\7904_0.png,0
D:\\zainab\\forgery-detector\\data\\ela_cache\7905_1.png,1
D:\\zainab\\forgery-detector\\data\\ela_cache\7906_1.png,1
D:\\zainab\\forgery-detector\\data\\ela_cache\7907_0.png,0
D:\\zainab\\forgery-detector\\data\\ela_cache\7908_1.png,1
D:\\zainab\\forgery-detector\\data\\ela_cache\7909_0.png,0
D:\\zainab\\forgery-detector\\data\\ela_cache\7910_0.png,0
D:\\zainab\\forgery-detector\\data\\ela_cache\7911_0.png,0
D:\\zainab\\forgery-detector\\data\\ela_cache\7912_1.png,1
D:\\zainab\\forgery-detector\\data\\ela_cache\7913_0.png,0
D:\\zainab\\forgery-detector\\data\\ela_cache\7914_1.png,1
D:\\zainab\\forgery-detector\\data\\ela_cache\7915_0.png,0
D:\\zainab\\forgery-detector\\data\\ela_cache\7916_1.png,1
D:\\zainab\\forgery-detector\\data\\ela_cache\7917_0.png,0
D:\\zainab\\forgery-detector\\data\\ela_cache\7918_1.png,1
D:\\zainab\\forgery-detector\\data\\ela_cache\7919_0.png,0
D:\\zainab\\forgery-detector\\data\\ela_cache\7920_1.png,1
D:\\zainab\\forgery-detector\\data\\ela_cache\7921_1.png,1
D:\\zainab\\forgery-detector\\data\\ela_cache\7922_0.png,0
D:\\zainab\\forgery-detector\\data\\ela_cache\7923_0.png,0
D:\\zainab\\forgery-detector\\data\\ela_cache\7924_0.png,0
D:\\zainab\\forgery-detector\\data\\ela_cache\7925_0.png,0
D:\\zainab\\forgery-detector\\data\\ela_cache\7926_1.png,1
D:\\zainab\\forgery-detector\\data\\ela_cache\7927_0.png,0
D:\\zainab\\forgery-detector\\data\\ela_cache\7928_0.png,0
D:\\zainab\\forgery-detector\\data\\ela_cache\7929_1.png,1
D:\\zainab\\forgery-detector\\data\\ela_cache\7930_0.png,0
D:\\zainab\\forgery-detector\\data\\ela_cache\7931_0.png,0
D:\\zainab\\forgery-detector\\data\\ela_cache\7932_1.png,1
D:\\zainab\\forgery-detector\\data\\ela_cache\7933_1.png,1
D:\\zainab\\forgery-detector\\data\\ela_cache\7934_0.png,0
D:\\zainab\\forgery-detector\\data\\ela_cache\7935_0.png,0
D:\\zainab\\forgery-detector\\data\\ela_cache\7936_0.png,0
D:\\zainab\\forgery-detector\\data\\ela_cache\7937_1.png,1
D:\\zainab\\forgery-detector\\data\\ela_cache\7938_0.png,0
D:\\zainab\\forgery-detector\\data\\ela_cache\7939_0.png,0
D:\\zainab\\forgery-detector\\data\\ela_cache\7940_1.png,1
D:\\zainab\\forgery-detector\\data\\ela_cache\7941_0.png,0
D:\\zainab\\forgery-detector\\data\\ela_cache\7942_1.png,1
D:\\zainab\\forgery-detector\\data\\ela_cache\7943_1.png,1
D:\\zainab\\forgery-detector\\data\\ela_cache\7944_1.png,1
D:\\zainab\\forgery-detector\\data\\ela_cache\7945_1.png,1
D:\\zainab\\forgery-detector\\data\\ela_cache\7946_0.png,0
D:\\zainab\\forgery-detector\\data\\ela_cache\7947_0.png,0
D:\\zainab\\forgery-detector\\data\\ela_cache\7948_1.png,1
D:\\zainab\\forgery-detector\\data\\ela_cache\7949_0.png,0
D:\\zainab\\forgery-detector\\data\\ela_cache\7950_1.png,1
D:\\zainab\\forgery-detector\\data\\ela_cache\7951_0.png,0
D:\\zainab\\forgery-detector\\data\\ela_cache\7952_0.png,0
D:\\zainab\\forgery-detector\\data\\ela_cache\7953_0.png,0
D:\\zainab\\forgery-detector\\data\\ela_cache\7954_0.png,0
D:\\zainab\\forgery-detector\\data\\ela_cache\7955_0.png,0
D:\\zainab\\forgery-detector\\data\\ela_cache\7956_1.png,1
D:\\zainab\\forgery-detector\\data\\ela_cache\7957_0.png,0
D:\\zainab\\forgery-detector\\data\\ela_cache\7958_0.png,0
D:\\zainab\\forgery-detector\\data\\ela_cache\7959_0.png,0
D:\\zainab\\forgery-detector\\data\\ela_cache\7960_0.png,0
D:\\zainab\\forgery-detector\\data\\ela_cache\7961_0.png,0
D:\\zainab\\forgery-detector\\data\\ela_cache\7962_0.png,0
D:\\zainab\\forgery-detector\\data\\ela_cache\7963_0.png,0
D:\\zainab\\forgery-detector\\data\\ela_cache\7964_1.png,1
D:\\zainab\\forgery-detector\\data\\ela_cache\7965_0.png,0
D:\\zainab\\forgery-detector\\data\\ela_cache\7966_1.png,1
D:\\zainab\\forgery-detector\\data\\ela_cache\7967_1.png,1
D:\\zainab\\forgery-detector\\data\\ela_cache\7968_0.png,0
D:\\zainab\\forgery-detector\\data\\ela_cache\7969_0.png,0
D:\\zainab\\forgery-detector\\data\\ela_cache\7970_0.png,0
D:\\zainab\\forgery-detector\\data\\ela_cache\7971_1.png,1
D:\\zainab\\forgery-detector\\data\\ela_cache\7972_0.png,0
D:\\zainab\\forgery-detector\\data\\ela_cache\7973_1.png,1
D:\\zainab\\forgery-detector\\data\\ela_cache\7974_0.png,0
D:\\zainab\\forgery-detector\\data\\ela_cache\7975_0.png,0
D:\\zainab\\forgery-detector\\data\\ela_cache\7976_1.png,1
D:\\zainab\\forgery-detector\\data\\ela_cache\7977_0.png,0
D:\\zainab\\forgery-detector\\data\\ela_cache\7978_0.png,0
D:\\zainab\\forgery-detector\\data\\ela_cache\7979_0.png,0
D:\\zainab\\forgery-detector\\data\\ela_cache\7980_1.png,1
D:\\zainab\\forgery-detector\\data\\ela_cache\7981_0.png,0
D:\\zainab\\forgery-detector\\data\\ela_cache\7982_0.png,0
D:\\zainab\\forgery-detector\\data\\ela_cache\7983_0.png,0
D:\\zainab\\forgery-detector\\data\\ela_cache\7984_1.png,1
D:\\zainab\\forgery-detector\\data\\ela_cache\7985_0.png,0
D:\\zainab\\forgery-detector\\data\\ela_cache\7986_0.png,0
D:\\zainab\\forgery-detector\\data\\ela_cache\7987_1.png,1
D:\\zainab\\forgery-detector\\data\\ela_cache\7988_0.png,0
D:\\zainab\\forgery-detector\\data\\ela_cache\7989_0.png,0
D:\\zainab\\forgery-detector\\data\\ela_cache\7990_0.png,0
D:\\zainab\\forgery-detector\\data\\ela_cache\7991_1.png,1
D:\\zainab\\forgery-detector\\data\\ela_cache\7992_0.png,0
D:\\zainab\\forgery-detector\\data\\ela_cache\7993_1.png,1
D:\\zainab\\forgery-detector\\data\\ela_cache\7994_0.png,0
D:\\zainab\\forgery-detector\\data\\ela_cache\7995_0.png,0
D:\\zainab\\forgery-detector\\data\\ela_cache\7996_0.png,0
D:\\zainab\\forgery-detector\\data\\ela_cache\7997_0.png,0
D:\\zainab\\forgery-detector\\data\\ela_cache\7998_0.png,0
D:\\zainab\\forgery-detector\\data\\ela_cache\7999_1.png,1
D:\\zainab\\forgery-detector\\data\\ela_cache\8000_1.png,1
D:\\zainab\\forgery-detector\\data\\ela_cache\8001_0.png,0
D:\\zainab\\forgery-detector\\data\\ela_cache\8002_1.png,1
D:\\zainab\\forgery-detector\\data\\ela_cache\8003_0.png,0
D:\\zainab\\forgery-detector\\data\\ela_cache\8004_1.png,1
D:\\zainab\\forgery-detector\\data\\ela_cache\8005_1.png,1
D:\\zainab\\forgery-detector\\data\\ela_cache\8006_0.png,0
D:\\zainab\\forgery-detector\\data\\ela_cache\8007_1.png,1
D:\\zainab\\forgery-detector\\data\\ela_cache\8008_1.png,1
D:\\zainab\\forgery-detector\\data\\ela_cache\8009_0.png,0
D:\\zainab\\forgery-detector\\data\\ela_cache\8010_1.png,1
D:\\zainab\\forgery-detector\\data\\ela_cache\8011_0.png,0
D:\\zainab\\forgery-detector\\data\\ela_cache\8012_1.png,1
D:\\zainab\\forgery-detector\\data\\ela_cache\8013_1.png,1
D:\\zainab\\forgery-detector\\data\\ela_cache\8014_0.png,0
D:\\zainab\\forgery-detector\\data\\ela_cache\8015_1.png,1
D:\\zainab\\forgery-detector\\data\\ela_cache\8016_1.png,1
D:\\zainab\\forgery-detector\\data\\ela_cache\8017_1.png,1
D:\\zainab\\forgery-detector\\data\\ela_cache\8018_1.png,1
D:\\zainab\\forgery-detector\\data\\ela_cache\8019_0.png,0
D:\\zainab\\forgery-detector\\data\\ela_cache\8020_0.png,0
D:\\zainab\\forgery-detector\\data\\ela_cache\8021_1.png,1
D:\\zainab\\forgery-detector\\data\\ela_cache\8022_0.png,0
D:\\zainab\\forgery-detector\\data\\ela_cache\8023_1.png,1
D:\\zainab\\forgery-detector\\data\\ela_cache\8024_0.png,0
D:\\zainab\\forgery-detector\\data\\ela_cache\8025_0.png,0
D:\\zainab\\forgery-detector\\data\\ela_cache\8026_0.png,0
D:\\zainab\\forgery-detector\\data\\ela_cache\8027_0.png,0
D:\\zainab\\forgery-detector\\data\\ela_cache\8028_1.png,1
D:\\zainab\\forgery-detector\\data\\ela_cache\8029_1.png,1
D:\\zainab\\forgery-detector\\data\\ela_cache\8030_1.png,1
D:\\zainab\\forgery-detector\\data\\ela_cache\8031_0.png,0
D:\\zainab\\forgery-detector\\data\\ela_cache\8032_0.png,0
D:\\zainab\\forgery-detector\\data\\ela_cache\8033_1.png,1
D:\\zainab\\forgery-detector\\data\\ela_cache\8034_1.png,1
D:\\zainab\\forgery-detector\\data\\ela_cache\8035_0.png,0
D:\\zainab\\forgery-detector\\data\\ela_cache\8036_1.png,1
D:\\zainab\\forgery-detector\\data\\ela_cache\8037_0.png,0
D:\\zainab\\forgery-detector\\data\\ela_cache\8038_0.png,0
D:\\zainab\\forgery-detector\\data\\ela_cache\8039_0.png,0
D:\\zainab\\forgery-detector\\data\\ela_cache\8040_1.png,1
D:\\zainab\\forgery-detector\\data\\ela_cache\8041_0.png,0
D:\\zainab\\forgery-detector\\data\\ela_cache\8042_1.png,1
D:\\zainab\\forgery-detector\\data\\ela_cache\8043_0.png,0
D:\\zainab\\forgery-detector\\data\\ela_cache\8044_0.png,0
D:\\zainab\\forgery-detector\\data\\ela_cache\8045_0.png,0
D:\\zainab\\forgery-detector\\data\\ela_cache\8046_0.png,0
D:\\zainab\\forgery-detector\\data\\ela_cache\8047_1.png,1
D:\\zainab\\forgery-detector\\data\\ela_cache\8048_1.png,1
D:\\zainab\\forgery-detector\\data\\ela_cache\8049_0.png,0
D:\\zainab\\forgery-detector\\data\\ela_cache\8050_0.png,0
D:\\zainab\\forgery-detector\\data\\ela_cache\8051_1.png,1
D:\\zainab\\forgery-detector\\data\\ela_cache\8052_1.png,1
D:\\zainab\\forgery-detector\\data\\ela_cache\8053_0.png,0
D:\\zainab\\forgery-detector\\data\\ela_cache\8054_0.png,0
D:\\zainab\\forgery-detector\\data\\ela_cache\8055_1.png,1
D:\\zainab\\forgery-detector\\data\\ela_cache\8056_0.png,0
D:\\zainab\\forgery-detector\\data\\ela_cache\8057_0.png,0
D:\\zainab\\forgery-detector\\data\\ela_cache\8058_0.png,0
D:\\zainab\\forgery-detector\\data\\ela_cache\8059_1.png,1
D:\\zainab\\forgery-detector\\data\\ela_cache\8060_0.png,0
D:\\zainab\\forgery-detector\\data\\ela_cache\8061_0.png,0
D:\\zainab\\forgery-detector\\data\\ela_cache\8062_1.png,1
D:\\zainab\\forgery-detector\\data\\ela_cache\8063_1.png,1
D:\\zainab\\forgery-detector\\data\\ela_cache\8064_0.png,0
D:\\zainab\\forgery-detector\\data\\ela_cache\8065_0.png,0
D:\\zainab\\forgery-detector\\data\\ela_cache\8066_0.png,0
D:\\zainab\\forgery-detector\\data\\ela_cache\8067_0.png,0
D:\\zainab\\forgery-detector\\data\\ela_cache\8068_1.png,1
D:\\zainab\\forgery-detector\\data\\ela_cache\8069_1.png,1
D:\\zainab\\forgery-detector\\data\\ela_cache\8070_0.png,0
D:\\zainab\\forgery-detector\\data\\ela_cache\8071_0.png,0
D:\\zainab\\forgery-detector\\data\\ela_cache\8072_1.png,1
D:\\zainab\\forgery-detector\\data\\ela_cache\8073_0.png,0
D:\\zainab\\forgery-detector\\data\\ela_cache\8074_0.png,0
D:\\zainab\\forgery-detector\\data\\ela_cache\8075_0.png,0
D:\\zainab\\forgery-detector\\data\\ela_cache\8076_1.png,1
D:\\zainab\\forgery-detector\\data\\ela_cache\8077_1.png,1
D:\\zainab\\forgery-detector\\data\\ela_cache\8078_1.png,1
D:\\zainab\\forgery-detector\\data\\ela_cache\8079_0.png,0
D:\\zainab\\forgery-detector\\data\\ela_cache\8080_1.png,1
D:\\zainab\\forgery-detector\\data\\ela_cache\8081_0.png,0
D:\\zainab\\forgery-detector\\data\\ela_cache\8082_0.png,0
D:\\zainab\\forgery-detector\\data\\ela_cache\8083_1.png,1
D:\\zainab\\forgery-detector\\data\\ela_cache\8084_1.png,1
D:\\zainab\\forgery-detector\\data\\ela_cache\8085_0.png,0
D:\\zainab\\forgery-detector\\data\\ela_cache\8086_1.png,1
D:\\zainab\\forgery-detector\\data\\ela_cache\8087_0.png,0
D:\\zainab\\forgery-detector\\data\\ela_cache\8088_0.png,0
D:\\zainab\\forgery-detector\\data\\ela_cache\8089_0.png,0
D:\\zainab\\forgery-detector\\data\\ela_cache\8090_1.png,1
D:\\zainab\\forgery-detector\\data\\ela_cache\8091_0.png,0
D:\\zainab\\forgery-detector\\data\\ela_cache\8092_1.png,1
D:\\zainab\\forgery-detector\\data\\ela_cache\8093_1.png,1
D:\\zainab\\forgery-detector\\data\\ela_cache\8094_0.png,0
D:\\zainab\\forgery-detector\\data\\ela_cache\8095_0.png,0
D:\\zainab\\forgery-detector\\data\\ela_cache\8096_1.png,1
D:\\zainab\\forgery-detector\\data\\ela_cache\8097_1.png,1
D:\\zainab\\forgery-detector\\data\\ela_cache\8098_1.png,1
D:\\zainab\\forgery-detector\\data\\ela_cache\8099_1.png,1
D:\\zainab\\forgery-detector\\data\\ela_cache\8100_0.png,0
D:\\zainab\\forgery-detector\\data\\ela_cache\8101_0.png,0
D:\\zainab\\forgery-detector\\data\\ela_cache\8102_1.png,1
D:\\zainab\\forgery-detector\\data\\ela_cache\8103_1.png,1
D:\\zainab\\forgery-detector\\data\\ela_cache\8104_0.png,0
D:\\zainab\\forgery-detector\\data\\ela_cache\8105_0.png,0
D:\\zainab\\forgery-detector\\data\\ela_cache\8106_0.png,0
D:\\zainab\\forgery-detector\\data\\ela_cache\8107_0.png,0
D:\\zainab\\forgery-detector\\data\\ela_cache\8108_1.png,1
D:\\zainab\\forgery-detector\\data\\ela_cache\8109_1.png,1
D:\\zainab\\forgery-detector\\data\\ela_cache\8110_1.png,1
D:\\zainab\\forgery-detector\\data\\ela_cache\8111_1.png,1
D:\\zainab\\forgery-detector\\data\\ela_cache\8112_0.png,0
D:\\zainab\\forgery-detector\\data\\ela_cache\8113_1.png,1
D:\\zainab\\forgery-detector\\data\\ela_cache\8114_0.png,0
D:\\zainab\\forgery-detector\\data\\ela_cache\8115_1.png,1
D:\\zainab\\forgery-detector\\data\\ela_cache\8116_1.png,1
D:\\zainab\\forgery-detector\\data\\ela_cache\8117_0.png,0
D:\\zainab\\forgery-detector\\data\\ela_cache\8118_1.png,1
D:\\zainab\\forgery-detector\\data\\ela_cache\8119_1.png,1
D:\\zainab\\forgery-detector\\data\\ela_cache\8120_0.png,0
D:\\zainab\\forgery-detector\\data\\ela_cache\8121_1.png,1
D:\\zainab\\forgery-detector\\data\\ela_cache\8122_0.png,0
D:\\zainab\\forgery-detector\\data\\ela_cache\8123_1.png,1
D:\\zainab\\forgery-detector\\data\\ela_cache\8124_0.png,0
D:\\zainab\\forgery-detector\\data\\ela_cache\8125_0.png,0
D:\\zainab\\forgery-detector\\data\\ela_cache\8126_0.png,0
D:\\zainab\\forgery-detector\\data\\ela_cache\8127_0.png,0
D:\\zainab\\forgery-detector\\data\\ela_cache\8128_1.png,1
D:\\zainab\\forgery-detector\\data\\ela_cache\8129_1.png,1
D:\\zainab\\forgery-detector\\data\\ela_cache\8130_1.png,1
D:\\zainab\\forgery-detector\\data\\ela_cache\8131_1.png,1
D:\\zainab\\forgery-detector\\data\\ela_cache\8132_0.png,0
D:\\zainab\\forgery-detector\\data\\ela_cache\8133_1.png,1
D:\\zainab\\forgery-detector\\data\\ela_cache\8134_0.png,0
D:\\zainab\\forgery-detector\\data\\ela_cache\8135_1.png,1
D:\\zainab\\forgery-detector\\data\\ela_cache\8136_0.png,0
D:\\zainab\\forgery-detector\\data\\ela_cache\8137_1.png,1
D:\\zainab\\forgery-detector\\data\\ela_cache\8138_1.png,1
D:\\zainab\\forgery-detector\\data\\ela_cache\8139_0.png,0
D:\\zainab\\forgery-detector\\data\\ela_cache\8140_0.png,0
D:\\zainab\\forgery-detector\\data\\ela_cache\8141_1.png,1
D:\\zainab\\forgery-detector\\data\\ela_cache\8142_1.png,1
D:\\zainab\\forgery-detector\\data\\ela_cache\8143_1.png,1
D:\\zainab\\forgery-detector\\data\\ela_cache\8144_0.png,0
D:\\zainab\\forgery-detector\\data\\ela_cache\8145_1.png,1
D:\\zainab\\forgery-detector\\data\\ela_cache\8146_0.png,0
D:\\zainab\\forgery-detector\\data\\ela_cache\8147_1.png,1
D:\\zainab\\forgery-detector\\data\\ela_cache\8148_0.png,0
D:\\zainab\\forgery-detector\\data\\ela_cache\8149_0.png,0
D:\\zainab\\forgery-detector\\data\\ela_cache\8150_0.png,0
D:\\zainab\\forgery-detector\\data\\ela_cache\8151_0.png,0
D:\\zainab\\forgery-detector\\data\\ela_cache\8152_0.png,0
D:\\zainab\\forgery-detector\\data\\ela_cache\8153_1.png,1
D:\\zainab\\forgery-detector\\data\\ela_cache\8154_0.png,0
D:\\zainab\\forgery-detector\\data\\ela_cache\8155_0.png,0
D:\\zainab\\forgery-detector\\data\\ela_cache\8156_0.png,0
D:\\zainab\\forgery-detector\\data\\ela_cache\8157_0.png,0
D:\\zainab\\forgery-detector\\data\\ela_cache\8158_0.png,0
D:\\zainab\\forgery-detector\\data\\ela_cache\8159_0.png,0
D:\\zainab\\forgery-detector\\data\\ela_cache\8160_0.png,0
D:\\zainab\\forgery-detector\\data\\ela_cache\8161_0.png,0
D:\\zainab\\forgery-detector\\data\\ela_cache\8162_0.png,0
D:\\zainab\\forgery-detector\\data\\ela_cache\8163_0.png,0
D:\\zainab\\forgery-detector\\data\\ela_cache\8164_0.png,0
D:\\zainab\\forgery-detector\\data\\ela_cache\8165_0.png,0
D:\\zainab\\forgery-detector\\data\\ela_cache\8166_0.png,0
D:\\zainab\\forgery-detector\\data\\ela_cache\8167_0.png,0
D:\\zainab\\forgery-detector\\data\\ela_cache\8168_1.png,1
D:\\zainab\\forgery-detector\\data\\ela_cache\8169_0.png,0
D:\\zainab\\forgery-detector\\data\\ela_cache\8170_1.png,1
D:\\zainab\\forgery-detector\\data\\ela_cache\8171_1.png,1
D:\\zainab\\forgery-detector\\data\\ela_cache\8172_0.png,0
D:\\zainab\\forgery-detector\\data\\ela_cache\8173_0.png,0
D:\\zainab\\forgery-detector\\data\\ela_cache\8174_1.png,1
D:\\zainab\\forgery-detector\\data\\ela_cache\8175_1.png,1
D:\\zainab\\forgery-detector\\data\\ela_cache\8176_1.png,1
D:\\zainab\\forgery-detector\\data\\ela_cache\8177_1.png,1
D:\\zainab\\forgery-detector\\data\\ela_cache\8178_1.png,1
D:\\zainab\\forgery-detector\\data\\ela_cache\8179_0.png,0
D:\\zainab\\forgery-detector\\data\\ela_cache\8180_0.png,0
D:\\zainab\\forgery-detector\\data\\ela_cache\8181_1.png,1
D:\\zainab\\forgery-detector\\data\\ela_cache\8182_0.png,0
D:\\zainab\\forgery-detector\\data\\ela_cache\8183_0.png,0
D:\\zainab\\forgery-detector\\data\\ela_cache\8184_1.png,1
D:\\zainab\\forgery-detector\\data\\ela_cache\8185_0.png,0
D:\\zainab\\forgery-detector\\data\\ela_cache\8186_0.png,0
D:\\zainab\\forgery-detector\\data\\ela_cache\8187_0.png,0
D:\\zainab\\forgery-detector\\data\\ela_cache\8188_0.png,0
D:\\zainab\\forgery-detector\\data\\ela_cache\8189_0.png,0
D:\\zainab\\forgery-detector\\data\\ela_cache\8190_0.png,0
D:\\zainab\\forgery-detector\\data\\ela_cache\8191_0.png,0
D:\\zainab\\forgery-detector\\data\\ela_cache\8192_0.png,0
D:\\zainab\\forgery-detector\\data\\ela_cache\8193_0.png,0
D:\\zainab\\forgery-detector\\data\\ela_cache\8194_0.png,0
D:\\zainab\\forgery-detector\\data\\ela_cache\8195_0.png,0
D:\\zainab\\forgery-detector\\data\\ela_cache\8196_0.png,0
D:\\zainab\\forgery-detector\\data\\ela_cache\8197_0.png,0
D:\\zainab\\forgery-detector\\data\\ela_cache\8198_0.png,0
D:\\zainab\\forgery-detector\\data\\ela_cache\8199_1.png,1
D:\\zainab\\forgery-detector\\data\\ela_cache\8200_0.png,0
D:\\zainab\\forgery-detector\\data\\ela_cache\8201_0.png,0
D:\\zainab\\forgery-detector\\data\\ela_cache\8202_1.png,1
D:\\zainab\\forgery-detector\\data\\ela_cache\8203_0.png,0
D:\\zainab\\forgery-detector\\data\\ela_cache\8204_0.png,0
D:\\zainab\\forgery-detector\\data\\ela_cache\8205_1.png,1
D:\\zainab\\forgery-detector\\data\\ela_cache\8206_0.png,0
D:\\zainab\\forgery-detector\\data\\ela_cache\8207_0.png,0
D:\\zainab\\forgery-detector\\data\\ela_cache\8208_0.png,0
D:\\zainab\\forgery-detector\\data\\ela_cache\8209_0.png,0
D:\\zainab\\forgery-detector\\data\\ela_cache\8210_1.png,1
D:\\zainab\\forgery-detector\\data\\ela_cache\8211_0.png,0
D:\\zainab\\forgery-detector\\data\\ela_cache\8212_0.png,0
D:\\zainab\\forgery-detector\\data\\ela_cache\8213_1.png,1
D:\\zainab\\forgery-detector\\data\\ela_cache\8214_0.png,0
D:\\zainab\\forgery-detector\\data\\ela_cache\8215_0.png,0
D:\\zainab\\forgery-detector\\data\\ela_cache\8216_0.png,0
D:\\zainab\\forgery-detector\\data\\ela_cache\8217_1.png,1
D:\\zainab\\forgery-detector\\data\\ela_cache\8218_0.png,0
D:\\zainab\\forgery-detector\\data\\ela_cache\8219_0.png,0
D:\\zainab\\forgery-detector\\data\\ela_cache\8220_0.png,0
D:\\zainab\\forgery-detector\\data\\ela_cache\8221_1.png,1
D:\\zainab\\forgery-detector\\data\\ela_cache\8222_0.png,0
D:\\zainab\\forgery-detector\\data\\ela_cache\8223_0.png,0
D:\\zainab\\forgery-detector\\data\\ela_cache\8224_1.png,1
D:\\zainab\\forgery-detector\\data\\ela_cache\8225_0.png,0
D:\\zainab\\forgery-detector\\data\\ela_cache\8226_0.png,0
D:\\zainab\\forgery-detector\\data\\ela_cache\8227_1.png,1
D:\\zainab\\forgery-detector\\data\\ela_cache\8228_1.png,1
D:\\zainab\\forgery-detector\\data\\ela_cache\8229_0.png,0
D:\\zainab\\forgery-detector\\data\\ela_cache\8230_0.png,0
D:\\zainab\\forgery-detector\\data\\ela_cache\8231_0.png,0
D:\\zainab\\forgery-detector\\data\\ela_cache\8232_1.png,1
D:\\zainab\\forgery-detector\\data\\ela_cache\8233_0.png,0
D:\\zainab\\forgery-detector\\data\\ela_cache\8234_0.png,0
D:\\zainab\\forgery-detector\\data\\ela_cache\8235_0.png,0
D:\\zainab\\forgery-detector\\data\\ela_cache\8236_0.png,0
D:\\zainab\\forgery-detector\\data\\ela_cache\8237_0.png,0
D:\\zainab\\forgery-detector\\data\\ela_cache\8238_0.png,0
D:\\zainab\\forgery-detector\\data\\ela_cache\8239_0.png,0
D:\\zainab\\forgery-detector\\data\\ela_cache\8240_1.png,1
D:\\zainab\\forgery-detector\\data\\ela_cache\8241_0.png,0
D:\\zainab\\forgery-detector\\data\\ela_cache\8242_1.png,1
D:\\zainab\\forgery-detector\\data\\ela_cache\8243_1.png,1
D:\\zainab\\forgery-detector\\data\\ela_cache\8244_0.png,0
D:\\zainab\\forgery-detector\\data\\ela_cache\8245_1.png,1
D:\\zainab\\forgery-detector\\data\\ela_cache\8246_0.png,0
D:\\zainab\\forgery-detector\\data\\ela_cache\8247_0.png,0
D:\\zainab\\forgery-detector\\data\\ela_cache\8248_0.png,0
D:\\zainab\\forgery-detector\\data\\ela_cache\8249_0.png,0
D:\\zainab\\forgery-detector\\data\\ela_cache\8250_0.png,0
D:\\zainab\\forgery-detector\\data\\ela_cache\8251_1.png,1
D:\\zainab\\forgery-detector\\data\\ela_cache\8252_1.png,1
D:\\zainab\\forgery-detector\\data\\ela_cache\8253_0.png,0
D:\\zainab\\forgery-detector\\data\\ela_cache\8254_1.png,1
D:\\zainab\\forgery-detector\\data\\ela_cache\8255_0.png,0
D:\\zainab\\forgery-detector\\data\\ela_cache\8256_1.png,1
D:\\zainab\\forgery-detector\\data\\ela_cache\8257_0.png,0
D:\\zainab\\forgery-detector\\data\\ela_cache\8258_0.png,0
D:\\zainab\\forgery-detector\\data\\ela_cache\8259_0.png,0
D:\\zainab\\forgery-detector\\data\\ela_cache\8260_0.png,0
D:\\zainab\\forgery-detector\\data\\ela_cache\8261_0.png,0
D:\\zainab\\forgery-detector\\data\\ela_cache\8262_1.png,1
D:\\zainab\\forgery-detector\\data\\ela_cache\8263_1.png,1
D:\\zainab\\forgery-detector\\data\\ela_cache\8264_0.png,0
D:\\zainab\\forgery-detector\\data\\ela_cache\8265_0.png,0
D:\\zainab\\forgery-detector\\data\\ela_cache\8266_1.png,1
D:\\zainab\\forgery-detector\\data\\ela_cache\8267_0.png,0
D:\\zainab\\forgery-detector\\data\\ela_cache\8268_1.png,1
D:\\zainab\\forgery-detector\\data\\ela_cache\8269_0.png,0
D:\\zainab\\forgery-detector\\data\\ela_cache\8270_1.png,1
D:\\zainab\\forgery-detector\\data\\ela_cache\8271_1.png,1
D:\\zainab\\forgery-detector\\data\\ela_cache\8272_0.png,0
D:\\zainab\\forgery-detector\\data\\ela_cache\8273_0.png,0
D:\\zainab\\forgery-detector\\data\\ela_cache\8274_0.png,0
D:\\zainab\\forgery-detector\\data\\ela_cache\8275_0.png,0
D:\\zainab\\forgery-detector\\data\\ela_cache\8276_0.png,0
D:\\zainab\\forgery-detector\\data\\ela_cache\8277_1.png,1
D:\\zainab\\forgery-detector\\data\\ela_cache\8278_1.png,1
D:\\zainab\\forgery-detector\\data\\ela_cache\8279_0.png,0
D:\\zainab\\forgery-detector\\data\\ela_cache\8280_0.png,0
D:\\zainab\\forgery-detector\\data\\ela_cache\8281_0.png,0
D:\\zainab\\forgery-detector\\data\\ela_cache\8282_0.png,0
D:\\zainab\\forgery-detector\\data\\ela_cache\8283_0.png,0
D:\\zainab\\forgery-detector\\data\\ela_cache\8284_0.png,0
D:\\zainab\\forgery-detector\\data\\ela_cache\8285_1.png,1
D:\\zainab\\forgery-detector\\data\\ela_cache\8286_0.png,0
D:\\zainab\\forgery-detector\\data\\ela_cache\8287_1.png,1
D:\\zainab\\forgery-detector\\data\\ela_cache\8288_0.png,0
D:\\zainab\\forgery-detector\\data\\ela_cache\8289_1.png,1
D:\\zainab\\forgery-detector\\data\\ela_cache\8290_0.png,0
D:\\zainab\\forgery-detector\\data\\ela_cache\8291_0.png,0
D:\\zainab\\forgery-detector\\data\\ela_cache\8292_0.png,0
D:\\zainab\\forgery-detector\\data\\ela_cache\8293_1.png,1
D:\\zainab\\forgery-detector\\data\\ela_cache\8294_1.png,1
D:\\zainab\\forgery-detector\\data\\ela_cache\8295_0.png,0
D:\\zainab\\forgery-detector\\data\\ela_cache\8296_1.png,1
D:\\zainab\\forgery-detector\\data\\ela_cache\8297_1.png,1
D:\\zainab\\forgery-detector\\data\\ela_cache\8298_0.png,0
D:\\zainab\\forgery-detector\\data\\ela_cache\8299_0.png,0
D:\\zainab\\forgery-detector\\data\\ela_cache\8300_0.png,0
D:\\zainab\\forgery-detector\\data\\ela_cache\8301_0.png,0
D:\\zainab\\forgery-detector\\data\\ela_cache\8302_1.png,1
D:\\zainab\\forgery-detector\\data\\ela_cache\8303_1.png,1
D:\\zainab\\forgery-detector\\data\\ela_cache\8304_0.png,0
D:\\zainab\\forgery-detector\\data\\ela_cache\8305_1.png,1
D:\\zainab\\forgery-detector\\data\\ela_cache\8306_0.png,0
D:\\zainab\\forgery-detector\\data\\ela_cache\8307_1.png,1
D:\\zainab\\forgery-detector\\data\\ela_cache\8308_1.png,1
D:\\zainab\\forgery-detector\\data\\ela_cache\8309_1.png,1
D:\\zainab\\forgery-detector\\data\\ela_cache\8310_0.png,0
D:\\zainab\\forgery-detector\\data\\ela_cache\8311_1.png,1
D:\\zainab\\forgery-detector\\data\\ela_cache\8312_0.png,0
D:\\zainab\\forgery-detector\\data\\ela_cache\8313_1.png,1
D:\\zainab\\forgery-detector\\data\\ela_cache\8314_0.png,0
D:\\zainab\\forgery-detector\\data\\ela_cache\8315_0.png,0
D:\\zainab\\forgery-detector\\data\\ela_cache\8316_0.png,0
D:\\zainab\\forgery-detector\\data\\ela_cache\8317_1.png,1
D:\\zainab\\forgery-detector\\data\\ela_cache\8318_0.png,0
D:\\zainab\\forgery-detector\\data\\ela_cache\8319_1.png,1
D:\\zainab\\forgery-detector\\data\\ela_cache\8320_0.png,0
D:\\zainab\\forgery-detector\\data\\ela_cache\8321_1.png,1
D:\\zainab\\forgery-detector\\data\\ela_cache\8322_1.png,1
D:\\zainab\\forgery-detector\\data\\ela_cache\8323_0.png,0
D:\\zainab\\forgery-detector\\data\\ela_cache\8324_0.png,0
D:\\zainab\\forgery-detector\\data\\ela_cache\8325_1.png,1
D:\\zainab\\forgery-detector\\data\\ela_cache\8326_0.png,0
D:\\zainab\\forgery-detector\\data\\ela_cache\8327_1.png,1
D:\\zainab\\forgery-detector\\data\\ela_cache\8328_1.png,1
D:\\zainab\\forgery-detector\\data\\ela_cache\8329_0.png,0
D:\\zainab\\forgery-detector\\data\\ela_cache\8330_0.png,0
D:\\zainab\\forgery-detector\\data\\ela_cache\8331_0.png,0
D:\\zainab\\forgery-detector\\data\\ela_cache\8332_1.png,1
D:\\zainab\\forgery-detector\\data\\ela_cache\8333_0.png,0
D:\\zainab\\forgery-detector\\data\\ela_cache\8334_1.png,1
D:\\zainab\\forgery-detector\\data\\ela_cache\8335_0.png,0
D:\\zainab\\forgery-detector\\data\\ela_cache\8336_0.png,0
D:\\zainab\\forgery-detector\\data\\ela_cache\8337_0.png,0
D:\\zainab\\forgery-detector\\data\\ela_cache\8338_0.png,0
D:\\zainab\\forgery-detector\\data\\ela_cache\8339_0.png,0
D:\\zainab\\forgery-detector\\data\\ela_cache\8340_1.png,1
D:\\zainab\\forgery-detector\\data\\ela_cache\8341_0.png,0
D:\\zainab\\forgery-detector\\data\\ela_cache\8342_0.png,0
D:\\zainab\\forgery-detector\\data\\ela_cache\8343_1.png,1
D:\\zainab\\forgery-detector\\data\\ela_cache\8344_0.png,0
D:\\zainab\\forgery-detector\\data\\ela_cache\8345_1.png,1
D:\\zainab\\forgery-detector\\data\\ela_cache\8346_0.png,0
D:\\zainab\\forgery-detector\\data\\ela_cache\8347_0.png,0
D:\\zainab\\forgery-detector\\data\\ela_cache\8348_0.png,0
D:\\zainab\\forgery-detector\\data\\ela_cache\8349_0.png,0
D:\\zainab\\forgery-detector\\data\\ela_cache\8350_0.png,0
D:\\zainab\\forgery-detector\\data\\ela_cache\8351_0.png,0
D:\\zainab\\forgery-detector\\data\\ela_cache\8352_0.png,0
D:\\zainab\\forgery-detector\\data\\ela_cache\8353_0.png,0
D:\\zainab\\forgery-detector\\data\\ela_cache\8354_0.png,0
D:\\zainab\\forgery-detector\\data\\ela_cache\8355_0.png,0
D:\\zainab\\forgery-detector\\data\\ela_cache\8356_0.png,0
D:\\zainab\\forgery-detector\\data\\ela_cache\8357_0.png,0
D:\\zainab\\forgery-detector\\data\\ela_cache\8358_0.png,0
D:\\zainab\\forgery-detector\\data\\ela_cache\8359_0.png,0
D:\\zainab\\forgery-detector\\data\\ela_cache\8360_0.png,0
D:\\zainab\\forgery-detector\\data\\ela_cache\8361_1.png,1
D:\\zainab\\forgery-detector\\data\\ela_cache\8362_0.png,0
D:\\zainab\\forgery-detector\\data\\ela_cache\8363_1.png,1
D:\\zainab\\forgery-detector\\data\\ela_cache\8364_1.png,1
D:\\zainab\\forgery-detector\\data\\ela_cache\8365_1.png,1
D:\\zainab\\forgery-detector\\data\\ela_cache\8366_0.png,0
D:\\zainab\\forgery-detector\\data\\ela_cache\8367_0.png,0
D:\\zainab\\forgery-detector\\data\\ela_cache\8368_0.png,0
D:\\zainab\\forgery-detector\\data\\ela_cache\8369_0.png,0
D:\\zainab\\forgery-detector\\data\\ela_cache\8370_1.png,1
D:\\zainab\\forgery-detector\\data\\ela_cache\8371_0.png,0
D:\\zainab\\forgery-detector\\data\\ela_cache\8372_1.png,1
D:\\zainab\\forgery-detector\\data\\ela_cache\8373_1.png,1
D:\\zainab\\forgery-detector\\data\\ela_cache\8374_1.png,1
D:\\zainab\\forgery-detector\\data\\ela_cache\8375_1.png,1
D:\\zainab\\forgery-detector\\data\\ela_cache\8376_0.png,0
D:\\zainab\\forgery-detector\\data\\ela_cache\8377_1.png,1
D:\\zainab\\forgery-detector\\data\\ela_cache\8378_0.png,0
D:\\zainab\\forgery-detector\\data\\ela_cache\8379_0.png,0
D:\\zainab\\forgery-detector\\data\\ela_cache\8380_1.png,1
D:\\zainab\\forgery-detector\\data\\ela_cache\8381_1.png,1
D:\\zainab\\forgery-detector\\data\\ela_cache\8382_0.png,0
D:\\zainab\\forgery-detector\\data\\ela_cache\8383_0.png,0
D:\\zainab\\forgery-detector\\data\\ela_cache\8384_0.png,0
D:\\zainab\\forgery-detector\\data\\ela_cache\8385_0.png,0
D:\\zainab\\forgery-detector\\data\\ela_cache\8386_0.png,0
D:\\zainab\\forgery-detector\\data\\ela_cache\8387_1.png,1
D:\\zainab\\forgery-detector\\data\\ela_cache\8388_1.png,1
D:\\zainab\\forgery-detector\\data\\ela_cache\8389_1.png,1
D:\\zainab\\forgery-detector\\data\\ela_cache\8390_0.png,0
D:\\zainab\\forgery-detector\\data\\ela_cache\8391_1.png,1
D:\\zainab\\forgery-detector\\data\\ela_cache\8392_0.png,0
D:\\zainab\\forgery-detector\\data\\ela_cache\8393_0.png,0
D:\\zainab\\forgery-detector\\data\\ela_cache\8394_1.png,1
D:\\zainab\\forgery-detector\\data\\ela_cache\8395_1.png,1
D:\\zainab\\forgery-detector\\data\\ela_cache\8396_0.png,0
D:\\zainab\\forgery-detector\\data\\ela_cache\8397_0.png,0
D:\\zainab\\forgery-detector\\data\\ela_cache\8398_0.png,0
D:\\zainab\\forgery-detector\\data\\ela_cache\8399_0.png,0
D:\\zainab\\forgery-detector\\data\\ela_cache\8400_1.png,1
D:\\zainab\\forgery-detector\\data\\ela_cache\8401_0.png,0
D:\\zainab\\forgery-detector\\data\\ela_cache\8402_0.png,0
D:\\zainab\\forgery-detector\\data\\ela_cache\8403_0.png,0
D:\\zainab\\forgery-detector\\data\\ela_cache\8404_1.png,1
D:\\zainab\\forgery-detector\\data\\ela_cache\8405_0.png,0
D:\\zainab\\forgery-detector\\data\\ela_cache\8406_0.png,0
D:\\zainab\\forgery-detector\\data\\ela_cache\8407_0.png,0
D:\\zainab\\forgery-detector\\data\\ela_cache\8408_1.png,1
D:\\zainab\\forgery-detector\\data\\ela_cache\8409_1.png,1
D:\\zainab\\forgery-detector\\data\\ela_cache\8410_1.png,1
D:\\zainab\\forgery-detector\\data\\ela_cache\8411_1.png,1
D:\\zainab\\forgery-detector\\data\\ela_cache\8412_0.png,0
D:\\zainab\\forgery-detector\\data\\ela_cache\8413_1.png,1
D:\\zainab\\forgery-detector\\data\\ela_cache\8414_0.png,0
D:\\zainab\\forgery-detector\\data\\ela_cache\8415_0.png,0
D:\\zainab\\forgery-detector\\data\\ela_cache\8416_1.png,1
D:\\zainab\\forgery-detector\\data\\ela_cache\8417_1.png,1
D:\\zainab\\forgery-detector\\data\\ela_cache\8418_1.png,1
D:\\zainab\\forgery-detector\\data\\ela_cache\8419_0.png,0
D:\\zainab\\forgery-detector\\data\\ela_cache\8420_1.png,1
D:\\zainab\\forgery-detector\\data\\ela_cache\8421_1.png,1
D:\\zainab\\forgery-detector\\data\\ela_cache\8422_0.png,0
D:\\zainab\\forgery-detector\\data\\ela_cache\8423_0.png,0
D:\\zainab\\forgery-detector\\data\\ela_cache\8424_0.png,0
D:\\zainab\\forgery-detector\\data\\ela_cache\8425_1.png,1
D:\\zainab\\forgery-detector\\data\\ela_cache\8426_0.png,0
D:\\zainab\\forgery-detector\\data\\ela_cache\8427_0.png,0
D:\\zainab\\forgery-detector\\data\\ela_cache\8428_1.png,1
D:\\zainab\\forgery-detector\\data\\ela_cache\8429_1.png,1
D:\\zainab\\forgery-detector\\data\\ela_cache\8430_0.png,0
D:\\zainab\\forgery-detector\\data\\ela_cache\8431_1.png,1
D:\\zainab\\forgery-detector\\data\\ela_cache\8432_0.png,0
D:\\zainab\\forgery-detector\\data\\ela_cache\8433_1.png,1
D:\\zainab\\forgery-detector\\data\\ela_cache\8434_1.png,1
D:\\zainab\\forgery-detector\\data\\ela_cache\8435_1.png,1
D:\\zainab\\forgery-detector\\data\\ela_cache\8436_0.png,0
D:\\zainab\\forgery-detector\\data\\ela_cache\8437_1.png,1
D:\\zainab\\forgery-detector\\data\\ela_cache\8438_0.png,0
D:\\zainab\\forgery-detector\\data\\ela_cache\8439_0.png,0
D:\\zainab\\forgery-detector\\data\\ela_cache\8440_0.png,0
D:\\zainab\\forgery-detector\\data\\ela_cache\8441_1.png,1
D:\\zainab\\forgery-detector\\data\\ela_cache\8442_0.png,0
D:\\zainab\\forgery-detector\\data\\ela_cache\8443_0.png,0
D:\\zainab\\forgery-detector\\data\\ela_cache\8444_1.png,1
D:\\zainab\\forgery-detector\\data\\ela_cache\8445_0.png,0
D:\\zainab\\forgery-detector\\data\\ela_cache\8446_0.png,0
D:\\zainab\\forgery-detector\\data\\ela_cache\8447_1.png,1
D:\\zainab\\forgery-detector\\data\\ela_cache\8448_0.png,0
D:\\zainab\\forgery-detector\\data\\ela_cache\8449_1.png,1
D:\\zainab\\forgery-detector\\data\\ela_cache\8450_0.png,0
D:\\zainab\\forgery-detector\\data\\ela_cache\8451_1.png,1
D:\\zainab\\forgery-detector\\data\\ela_cache\8452_0.png,0
D:\\zainab\\forgery-detector\\data\\ela_cache\8453_1.png,1
D:\\zainab\\forgery-detector\\data\\ela_cache\8454_0.png,0
D:\\zainab\\forgery-detector\\data\\ela_cache\8455_0.png,0
D:\\zainab\\forgery-detector\\data\\ela_cache\8456_0.png,0
D:\\zainab\\forgery-detector\\data\\ela_cache\8457_0.png,0
D:\\zainab\\forgery-detector\\data\\ela_cache\8458_1.png,1
D:\\zainab\\forgery-detector\\data\\ela_cache\8459_1.png,1
D:\\zainab\\forgery-detector\\data\\ela_cache\8460_0.png,0
D:\\zainab\\forgery-detector\\data\\ela_cache\8461_1.png,1
D:\\zainab\\forgery-detector\\data\\ela_cache\8462_0.png,0
D:\\zainab\\forgery-detector\\data\\ela_cache\8463_0.png,0
D:\\zainab\\forgery-detector\\data\\ela_cache\8464_0.png,0
D:\\zainab\\forgery-detector\\data\\ela_cache\8465_0.png,0
D:\\zainab\\forgery-detector\\data\\ela_cache\8466_0.png,0
D:\\zainab\\forgery-detector\\data\\ela_cache\8467_1.png,1
D:\\zainab\\forgery-detector\\data\\ela_cache\8468_0.png,0
D:\\zainab\\forgery-detector\\data\\ela_cache\8469_1.png,1
D:\\zainab\\forgery-detector\\data\\ela_cache\8470_1.png,1
D:\\zainab\\forgery-detector\\data\\ela_cache\8471_0.png,0
D:\\zainab\\forgery-detector\\data\\ela_cache\8472_1.png,1
D:\\zainab\\forgery-detector\\data\\ela_cache\8473_1.png,1
D:\\zainab\\forgery-detector\\data\\ela_cache\8474_1.png,1
D:\\zainab\\forgery-detector\\data\\ela_cache\8475_0.png,0
D:\\zainab\\forgery-detector\\data\\ela_cache\8476_1.png,1
D:\\zainab\\forgery-detector\\data\\ela_cache\8477_1.png,1
D:\\zainab\\forgery-detector\\data\\ela_cache\8478_1.png,1
D:\\zainab\\forgery-detector\\data\\ela_cache\8479_0.png,0
D:\\zainab\\forgery-detector\\data\\ela_cache\8480_1.png,1
D:\\zainab\\forgery-detector\\data\\ela_cache\8481_0.png,0
D:\\zainab\\forgery-detector\\data\\ela_cache\8482_1.png,1
D:\\zainab\\forgery-detector\\data\\ela_cache\8483_0.png,0
D:\\zainab\\forgery-detector\\data\\ela_cache\8484_1.png,1
D:\\zainab\\forgery-detector\\data\\ela_cache\8485_0.png,0
D:\\zainab\\forgery-detector\\data\\ela_cache\8486_0.png,0
D:\\zainab\\forgery-detector\\data\\ela_cache\8487_1.png,1
D:\\zainab\\forgery-detector\\data\\ela_cache\8488_0.png,0
D:\\zainab\\forgery-detector\\data\\ela_cache\8489_1.png,1
D:\\zainab\\forgery-detector\\data\\ela_cache\8490_0.png,0
D:\\zainab\\forgery-detector\\data\\ela_cache\8491_0.png,0
D:\\zainab\\forgery-detector\\data\\ela_cache\8492_1.png,1
D:\\zainab\\forgery-detector\\data\\ela_cache\8493_1.png,1
D:\\zainab\\forgery-detector\\data\\ela_cache\8494_1.png,1
D:\\zainab\\forgery-detector\\data\\ela_cache\8495_1.png,1
D:\\zainab\\forgery-detector\\data\\ela_cache\8496_0.png,0
D:\\zainab\\forgery-detector\\data\\ela_cache\8497_0.png,0
D:\\zainab\\forgery-detector\\data\\ela_cache\8498_0.png,0
D:\\zainab\\forgery-detector\\data\\ela_cache\8499_1.png,1
D:\\zainab\\forgery-detector\\data\\ela_cache\8500_0.png,0
D:\\zainab\\forgery-detector\\data\\ela_cache\8501_0.png,0
D:\\zainab\\forgery-detector\\data\\ela_cache\8502_1.png,1
D:\\zainab\\forgery-detector\\data\\ela_cache\8503_1.png,1
D:\\zainab\\forgery-detector\\data\\ela_cache\8504_0.png,0
D:\\zainab\\forgery-detector\\data\\ela_cache\8505_1.png,1
D:\\zainab\\forgery-detector\\data\\ela_cache\8506_0.png,0
D:\\zainab\\forgery-detector\\data\\ela_cache\8507_0.png,0
D:\\zainab\\forgery-detector\\data\\ela_cache\8508_0.png,0
D:\\zainab\\forgery-detector\\data\\ela_cache\8509_0.png,0
D:\\zainab\\forgery-detector\\data\\ela_cache\8510_0.png,0
D:\\zainab\\forgery-detector\\data\\ela_cache\8511_0.png,0
D:\\zainab\\forgery-detector\\data\\ela_cache\8512_1.png,1
D:\\zainab\\forgery-detector\\data\\ela_cache\8513_0.png,0
D:\\zainab\\forgery-detector\\data\\ela_cache\8514_0.png,0
D:\\zainab\\forgery-detector\\data\\ela_cache\8515_1.png,1
D:\\zainab\\forgery-detector\\data\\ela_cache\8516_1.png,1
D:\\zainab\\forgery-detector\\data\\ela_cache\8517_1.png,1
D:\\zainab\\forgery-detector\\data\\ela_cache\8518_0.png,0
D:\\zainab\\forgery-detector\\data\\ela_cache\8519_0.png,0
D:\\zainab\\forgery-detector\\data\\ela_cache\8520_0.png,0
D:\\zainab\\forgery-detector\\data\\ela_cache\8521_0.png,0
D:\\zainab\\forgery-detector\\data\\ela_cache\8522_0.png,0
D:\\zainab\\forgery-detector\\data\\ela_cache\8523_0.png,0
D:\\zainab\\forgery-detector\\data\\ela_cache\8524_0.png,0
D:\\zainab\\forgery-detector\\data\\ela_cache\8525_0.png,0
D:\\zainab\\forgery-detector\\data\\ela_cache\8526_1.png,1
D:\\zainab\\forgery-detector\\data\\ela_cache\8527_0.png,0
D:\\zainab\\forgery-detector\\data\\ela_cache\8528_0.png,0
D:\\zainab\\forgery-detector\\data\\ela_cache\8529_1.png,1
D:\\zainab\\forgery-detector\\data\\ela_cache\8530_1.png,1
D:\\zainab\\forgery-detector\\data\\ela_cache\8531_0.png,0
D:\\zainab\\forgery-detector\\data\\ela_cache\8532_1.png,1
D:\\zainab\\forgery-detector\\data\\ela_cache\8533_0.png,0
D:\\zainab\\forgery-detector\\data\\ela_cache\8534_0.png,0
D:\\zainab\\forgery-detector\\data\\ela_cache\8535_0.png,0
D:\\zainab\\forgery-detector\\data\\ela_cache\8536_0.png,0
D:\\zainab\\forgery-detector\\data\\ela_cache\8537_0.png,0
D:\\zainab\\forgery-detector\\data\\ela_cache\8538_0.png,0
D:\\zainab\\forgery-detector\\data\\ela_cache\8539_0.png,0
D:\\zainab\\forgery-detector\\data\\ela_cache\8540_0.png,0
D:\\zainab\\forgery-detector\\data\\ela_cache\8541_1.png,1
D:\\zainab\\forgery-detector\\data\\ela_cache\8542_1.png,1
D:\\zainab\\forgery-detector\\data\\ela_cache\8543_0.png,0
D:\\zainab\\forgery-detector\\data\\ela_cache\8544_0.png,0
D:\\zainab\\forgery-detector\\data\\ela_cache\8545_0.png,0
D:\\zainab\\forgery-detector\\data\\ela_cache\8546_1.png,1
D:\\zainab\\forgery-detector\\data\\ela_cache\8547_1.png,1
D:\\zainab\\forgery-detector\\data\\ela_cache\8548_0.png,0
D:\\zainab\\forgery-detector\\data\\ela_cache\8549_0.png,0
D:\\zainab\\forgery-detector\\data\\ela_cache\8550_0.png,0
D:\\zainab\\forgery-detector\\data\\ela_cache\8551_1.png,1
D:\\zainab\\forgery-detector\\data\\ela_cache\8552_0.png,0
D:\\zainab\\forgery-detector\\data\\ela_cache\8553_1.png,1
D:\\zainab\\forgery-detector\\data\\ela_cache\8554_1.png,1
D:\\zainab\\forgery-detector\\data\\ela_cache\8555_0.png,0
D:\\zainab\\forgery-detector\\data\\ela_cache\8556_1.png,1
D:\\zainab\\forgery-detector\\data\\ela_cache\8557_1.png,1
D:\\zainab\\forgery-detector\\data\\ela_cache\8558_0.png,0
D:\\zainab\\forgery-detector\\data\\ela_cache\8559_1.png,1
D:\\zainab\\forgery-detector\\data\\ela_cache\8560_1.png,1
D:\\zainab\\forgery-detector\\data\\ela_cache\8561_1.png,1
D:\\zainab\\forgery-detector\\data\\ela_cache\8562_1.png,1
D:\\zainab\\forgery-detector\\data\\ela_cache\8563_0.png,0
D:\\zainab\\forgery-detector\\data\\ela_cache\8564_0.png,0
D:\\zainab\\forgery-detector\\data\\ela_cache\8565_0.png,0
D:\\zainab\\forgery-detector\\data\\ela_cache\8566_1.png,1
D:\\zainab\\forgery-detector\\data\\ela_cache\8567_0.png,0
D:\\zainab\\forgery-detector\\data\\ela_cache\8568_1.png,1
D:\\zainab\\forgery-detector\\data\\ela_cache\8569_0.png,0
D:\\zainab\\forgery-detector\\data\\ela_cache\8570_0.png,0
D:\\zainab\\forgery-detector\\data\\ela_cache\8571_0.png,0
D:\\zainab\\forgery-detector\\data\\ela_cache\8572_0.png,0
D:\\zainab\\forgery-detector\\data\\ela_cache\8573_0.png,0
D:\\zainab\\forgery-detector\\data\\ela_cache\8574_0.png,0
D:\\zainab\\forgery-detector\\data\\ela_cache\8575_1.png,1
D:\\zainab\\forgery-detector\\data\\ela_cache\8576_1.png,1
D:\\zainab\\forgery-detector\\data\\ela_cache\8577_1.png,1
D:\\zainab\\forgery-detector\\data\\ela_cache\8578_1.png,1
D:\\zainab\\forgery-detector\\data\\ela_cache\8579_0.png,0
D:\\zainab\\forgery-detector\\data\\ela_cache\8580_0.png,0
D:\\zainab\\forgery-detector\\data\\ela_cache\8581_0.png,0
D:\\zainab\\forgery-detector\\data\\ela_cache\8582_0.png,0
D:\\zainab\\forgery-detector\\data\\ela_cache\8583_0.png,0
D:\\zainab\\forgery-detector\\data\\ela_cache\8584_0.png,0
D:\\zainab\\forgery-detector\\data\\ela_cache\8585_0.png,0
D:\\zainab\\forgery-detector\\data\\ela_cache\8586_1.png,1
D:\\zainab\\forgery-detector\\data\\ela_cache\8587_0.png,0
D:\\zainab\\forgery-detector\\data\\ela_cache\8588_0.png,0
D:\\zainab\\forgery-detector\\data\\ela_cache\8589_0.png,0
D:\\zainab\\forgery-detector\\data\\ela_cache\8590_0.png,0
D:\\zainab\\forgery-detector\\data\\ela_cache\8591_0.png,0
D:\\zainab\\forgery-detector\\data\\ela_cache\8592_0.png,0
D:\\zainab\\forgery-detector\\data\\ela_cache\8593_1.png,1
D:\\zainab\\forgery-detector\\data\\ela_cache\8594_1.png,1
D:\\zainab\\forgery-detector\\data\\ela_cache\8595_0.png,0
D:\\zainab\\forgery-detector\\data\\ela_cache\8596_0.png,0
D:\\zainab\\forgery-detector\\data\\ela_cache\8597_0.png,0
D:\\zainab\\forgery-detector\\data\\ela_cache\8598_1.png,1
D:\\zainab\\forgery-detector\\data\\ela_cache\8599_1.png,1
D:\\zainab\\forgery-detector\\data\\ela_cache\8600_0.png,0
D:\\zainab\\forgery-detector\\data\\ela_cache\8601_0.png,0
D:\\zainab\\forgery-detector\\data\\ela_cache\8602_1.png,1
D:\\zainab\\forgery-detector\\data\\ela_cache\8603_0.png,0
D:\\zainab\\forgery-detector\\data\\ela_cache\8604_1.png,1
D:\\zainab\\forgery-detector\\data\\ela_cache\8605_0.png,0
D:\\zainab\\forgery-detector\\data\\ela_cache\8606_0.png,0
D:\\zainab\\forgery-detector\\data\\ela_cache\8607_0.png,0
D:\\zainab\\forgery-detector\\data\\ela_cache\8608_0.png,0
D:\\zainab\\forgery-detector\\data\\ela_cache\8609_1.png,1
D:\\zainab\\forgery-detector\\data\\ela_cache\8610_1.png,1
D:\\zainab\\forgery-detector\\data\\ela_cache\8611_0.png,0
D:\\zainab\\forgery-detector\\data\\ela_cache\8612_0.png,0
D:\\zainab\\forgery-detector\\data\\ela_cache\8613_0.png,0
D:\\zainab\\forgery-detector\\data\\ela_cache\8614_0.png,0
D:\\zainab\\forgery-detector\\data\\ela_cache\8615_0.png,0
D:\\zainab\\forgery-detector\\data\\ela_cache\8616_1.png,1
D:\\zainab\\forgery-detector\\data\\ela_cache\8617_1.png,1
D:\\zainab\\forgery-detector\\data\\ela_cache\8618_1.png,1
D:\\zainab\\forgery-detector\\data\\ela_cache\8619_1.png,1
D:\\zainab\\forgery-detector\\data\\ela_cache\8620_1.png,1
D:\\zainab\\forgery-detector\\data\\ela_cache\8621_0.png,0
D:\\zainab\\forgery-detector\\data\\ela_cache\8622_1.png,1
D:\\zainab\\forgery-detector\\data\\ela_cache\8623_0.png,0
D:\\zainab\\forgery-detector\\data\\ela_cache\8624_1.png,1
D:\\zainab\\forgery-detector\\data\\ela_cache\8625_0.png,0
D:\\zainab\\forgery-detector\\data\\ela_cache\8626_0.png,0
D:\\zainab\\forgery-detector\\data\\ela_cache\8627_0.png,0
D:\\zainab\\forgery-detector\\data\\ela_cache\8628_0.png,0
D:\\zainab\\forgery-detector\\data\\ela_cache\8629_0.png,0
D:\\zainab\\forgery-detector\\data\\ela_cache\8630_1.png,1
D:\\zainab\\forgery-detector\\data\\ela_cache\8631_1.png,1
D:\\zainab\\forgery-detector\\data\\ela_cache\8632_0.png,0
D:\\zainab\\forgery-detector\\data\\ela_cache\8633_0.png,0
D:\\zainab\\forgery-detector\\data\\ela_cache\8634_1.png,1
D:\\zainab\\forgery-detector\\data\\ela_cache\8635_0.png,0
D:\\zainab\\forgery-detector\\data\\ela_cache\8636_0.png,0
D:\\zainab\\forgery-detector\\data\\ela_cache\8637_0.png,0
D:\\zainab\\forgery-detector\\data\\ela_cache\8638_0.png,0
D:\\zainab\\forgery-detector\\data\\ela_cache\8639_0.png,0
D:\\zainab\\forgery-detector\\data\\ela_cache\8640_0.png,0
D:\\zainab\\forgery-detector\\data\\ela_cache\8641_1.png,1
D:\\zainab\\forgery-detector\\data\\ela_cache\8642_0.png,0
D:\\zainab\\forgery-detector\\data\\ela_cache\8643_0.png,0
D:\\zainab\\forgery-detector\\data\\ela_cache\8644_1.png,1
D:\\zainab\\forgery-detector\\data\\ela_cache\8645_0.png,0
D:\\zainab\\forgery-detector\\data\\ela_cache\8646_0.png,0
D:\\zainab\\forgery-detector\\data\\ela_cache\8647_0.png,0
D:\\zainab\\forgery-detector\\data\\ela_cache\8648_1.png,1
D:\\zainab\\forgery-detector\\data\\ela_cache\8649_0.png,0
D:\\zainab\\forgery-detector\\data\\ela_cache\8650_0.png,0
D:\\zainab\\forgery-detector\\data\\ela_cache\8651_1.png,1
D:\\zainab\\forgery-detector\\data\\ela_cache\8652_0.png,0
D:\\zainab\\forgery-detector\\data\\ela_cache\8653_1.png,1
D:\\zainab\\forgery-detector\\data\\ela_cache\8654_1.png,1
D:\\zainab\\forgery-detector\\data\\ela_cache\8655_0.png,0
D:\\zainab\\forgery-detector\\data\\ela_cache\8656_1.png,1
D:\\zainab\\forgery-detector\\data\\ela_cache\8657_0.png,0
D:\\zainab\\forgery-detector\\data\\ela_cache\8658_1.png,1
D:\\zainab\\forgery-detector\\data\\ela_cache\8659_1.png,1
D:\\zainab\\forgery-detector\\data\\ela_cache\8660_1.png,1
D:\\zainab\\forgery-detector\\data\\ela_cache\8661_0.png,0
D:\\zainab\\forgery-detector\\data\\ela_cache\8662_0.png,0
D:\\zainab\\forgery-detector\\data\\ela_cache\8663_0.png,0
D:\\zainab\\forgery-detector\\data\\ela_cache\8664_0.png,0
D:\\zainab\\forgery-detector\\data\\ela_cache\8665_0.png,0
D:\\zainab\\forgery-detector\\data\\ela_cache\8666_1.png,1
D:\\zainab\\forgery-detector\\data\\ela_cache\8667_1.png,1
D:\\zainab\\forgery-detector\\data\\ela_cache\8668_0.png,0
D:\\zainab\\forgery-detector\\data\\ela_cache\8669_0.png,0
D:\\zainab\\forgery-detector\\data\\ela_cache\8670_0.png,0
D:\\zainab\\forgery-detector\\data\\ela_cache\8671_1.png,1
D:\\zainab\\forgery-detector\\data\\ela_cache\8672_1.png,1
D:\\zainab\\forgery-detector\\data\\ela_cache\8673_0.png,0
D:\\zainab\\forgery-detector\\data\\ela_cache\8674_1.png,1
D:\\zainab\\forgery-detector\\data\\ela_cache\8675_1.png,1
D:\\zainab\\forgery-detector\\data\\ela_cache\8676_0.png,0
D:\\zainab\\forgery-detector\\data\\ela_cache\8677_1.png,1
D:\\zainab\\forgery-detector\\data\\ela_cache\8678_0.png,0
D:\\zainab\\forgery-detector\\data\\ela_cache\8679_0.png,0
D:\\zainab\\forgery-detector\\data\\ela_cache\8680_1.png,1
D:\\zainab\\forgery-detector\\data\\ela_cache\8681_1.png,1
D:\\zainab\\forgery-detector\\data\\ela_cache\8682_1.png,1
D:\\zainab\\forgery-detector\\data\\ela_cache\8683_1.png,1
D:\\zainab\\forgery-detector\\data\\ela_cache\8684_0.png,0
D:\\zainab\\forgery-detector\\data\\ela_cache\8685_0.png,0
D:\\zainab\\forgery-detector\\data\\ela_cache\8686_0.png,0
D:\\zainab\\forgery-detector\\data\\ela_cache\8687_0.png,0
D:\\zainab\\forgery-detector\\data\\ela_cache\8688_1.png,1
D:\\zainab\\forgery-detector\\data\\ela_cache\8689_0.png,0
D:\\zainab\\forgery-detector\\data\\ela_cache\8690_0.png,0
D:\\zainab\\forgery-detector\\data\\ela_cache\8691_1.png,1
D:\\zainab\\forgery-detector\\data\\ela_cache\8692_1.png,1
D:\\zainab\\forgery-detector\\data\\ela_cache\8693_1.png,1
D:\\zainab\\forgery-detector\\data\\ela_cache\8694_0.png,0
D:\\zainab\\forgery-detector\\data\\ela_cache\8695_0.png,0
D:\\zainab\\forgery-detector\\data\\ela_cache\8696_0.png,0
D:\\zainab\\forgery-detector\\data\\ela_cache\8697_0.png,0
D:\\zainab\\forgery-detector\\data\\ela_cache\8698_1.png,1
D:\\zainab\\forgery-detector\\data\\ela_cache\8699_1.png,1
D:\\zainab\\forgery-detector\\data\\ela_cache\8700_1.png,1
D:\\zainab\\forgery-detector\\data\\ela_cache\8701_1.png,1
D:\\zainab\\forgery-detector\\data\\ela_cache\8702_0.png,0
D:\\zainab\\forgery-detector\\data\\ela_cache\8703_0.png,0
D:\\zainab\\forgery-detector\\data\\ela_cache\8704_0.png,0
D:\\zainab\\forgery-detector\\data\\ela_cache\8705_0.png,0
D:\\zainab\\forgery-detector\\data\\ela_cache\8706_0.png,0
D:\\zainab\\forgery-detector\\data\\ela_cache\8707_0.png,0
D:\\zainab\\forgery-detector\\data\\ela_cache\8708_1.png,1
D:\\zainab\\forgery-detector\\data\\ela_cache\8709_0.png,0
D:\\zainab\\forgery-detector\\data\\ela_cache\8710_0.png,0
D:\\zainab\\forgery-detector\\data\\ela_cache\8711_0.png,0
D:\\zainab\\forgery-detector\\data\\ela_cache\8712_0.png,0
D:\\zainab\\forgery-detector\\data\\ela_cache\8713_0.png,0
D:\\zainab\\forgery-detector\\data\\ela_cache\8714_1.png,1
D:\\zainab\\forgery-detector\\data\\ela_cache\8715_0.png,0
D:\\zainab\\forgery-detector\\data\\ela_cache\8716_0.png,0
D:\\zainab\\forgery-detector\\data\\ela_cache\8717_0.png,0
D:\\zainab\\forgery-detector\\data\\ela_cache\8718_0.png,0
D:\\zainab\\forgery-detector\\data\\ela_cache\8719_0.png,0
D:\\zainab\\forgery-detector\\data\\ela_cache\8720_0.png,0
D:\\zainab\\forgery-detector\\data\\ela_cache\8721_0.png,0
D:\\zainab\\forgery-detector\\data\\ela_cache\8722_1.png,1
D:\\zainab\\forgery-detector\\data\\ela_cache\8723_1.png,1
D:\\zainab\\forgery-detector\\data\\ela_cache\8724_0.png,0
D:\\zainab\\forgery-detector\\data\\ela_cache\8725_0.png,0
D:\\zainab\\forgery-detector\\data\\ela_cache\8726_0.png,0
D:\\zainab\\forgery-detector\\data\\ela_cache\8727_1.png,1
D:\\zainab\\forgery-detector\\data\\ela_cache\8728_1.png,1
D:\\zainab\\forgery-detector\\data\\ela_cache\8729_0.png,0
D:\\zainab\\forgery-detector\\data\\ela_cache\8730_0.png,0
D:\\zainab\\forgery-detector\\data\\ela_cache\8731_0.png,0
D:\\zainab\\forgery-detector\\data\\ela_cache\8732_1.png,1
D:\\zainab\\forgery-detector\\data\\ela_cache\8733_1.png,1
D:\\zainab\\forgery-detector\\data\\ela_cache\8734_0.png,0
D:\\zainab\\forgery-detector\\data\\ela_cache\8735_0.png,0
D:\\zainab\\forgery-detector\\data\\ela_cache\8736_0.png,0
D:\\zainab\\forgery-detector\\data\\ela_cache\8737_0.png,0
D:\\zainab\\forgery-detector\\data\\ela_cache\8738_1.png,1
D:\\zainab\\forgery-detector\\data\\ela_cache\8739_0.png,0
D:\\zainab\\forgery-detector\\data\\ela_cache\8740_0.png,0
D:\\zainab\\forgery-detector\\data\\ela_cache\8741_0.png,0
D:\\zainab\\forgery-detector\\data\\ela_cache\8742_1.png,1
D:\\zainab\\forgery-detector\\data\\ela_cache\8743_0.png,0
D:\\zainab\\forgery-detector\\data\\ela_cache\8744_0.png,0
D:\\zainab\\forgery-detector\\data\\ela_cache\8745_0.png,0
D:\\zainab\\forgery-detector\\data\\ela_cache\8746_0.png,0
D:\\zainab\\forgery-detector\\data\\ela_cache\8747_0.png,0
D:\\zainab\\forgery-detector\\data\\ela_cache\8748_0.png,0
D:\\zainab\\forgery-detector\\data\\ela_cache\8749_1.png,1
D:\\zainab\\forgery-detector\\data\\ela_cache\8750_1.png,1
D:\\zainab\\forgery-detector\\data\\ela_cache\8751_0.png,0
D:\\zainab\\forgery-detector\\data\\ela_cache\8752_0.png,0
D:\\zainab\\forgery-detector\\data\\ela_cache\8753_0.png,0
D:\\zainab\\forgery-detector\\data\\ela_cache\8754_0.png,0
D:\\zainab\\forgery-detector\\data\\ela_cache\8755_0.png,0
D:\\zainab\\forgery-detector\\data\\ela_cache\8756_0.png,0
D:\\zainab\\forgery-detector\\data\\ela_cache\8757_1.png,1
D:\\zainab\\forgery-detector\\data\\ela_cache\8758_0.png,0
D:\\zainab\\forgery-detector\\data\\ela_cache\8759_0.png,0
D:\\zainab\\forgery-detector\\data\\ela_cache\8760_0.png,0
D:\\zainab\\forgery-detector\\data\\ela_cache\8761_0.png,0
D:\\zainab\\forgery-detector\\data\\ela_cache\8762_1.png,1
D:\\zainab\\forgery-detector\\data\\ela_cache\8763_0.png,0
D:\\zainab\\forgery-detector\\data\\ela_cache\8764_1.png,1
D:\\zainab\\forgery-detector\\data\\ela_cache\8765_1.png,1
D:\\zainab\\forgery-detector\\data\\ela_cache\8766_1.png,1
D:\\zainab\\forgery-detector\\data\\ela_cache\8767_0.png,0
D:\\zainab\\forgery-detector\\data\\ela_cache\8768_1.png,1
D:\\zainab\\forgery-detector\\data\\ela_cache\8769_0.png,0
D:\\zainab\\forgery-detector\\data\\ela_cache\8770_0.png,0
D:\\zainab\\forgery-detector\\data\\ela_cache\8771_0.png,0
D:\\zainab\\forgery-detector\\data\\ela_cache\8772_0.png,0
D:\\zainab\\forgery-detector\\data\\ela_cache\8773_0.png,0
D:\\zainab\\forgery-detector\\data\\ela_cache\8774_0.png,0
D:\\zainab\\forgery-detector\\data\\ela_cache\8775_0.png,0
D:\\zainab\\forgery-detector\\data\\ela_cache\8776_0.png,0
D:\\zainab\\forgery-detector\\data\\ela_cache\8777_0.png,0
D:\\zainab\\forgery-detector\\data\\ela_cache\8778_1.png,1
D:\\zainab\\forgery-detector\\data\\ela_cache\8779_1.png,1
D:\\zainab\\forgery-detector\\data\\ela_cache\8780_0.png,0
D:\\zainab\\forgery-detector\\data\\ela_cache\8781_0.png,0
D:\\zainab\\forgery-detector\\data\\ela_cache\8782_0.png,0
D:\\zainab\\forgery-detector\\data\\ela_cache\8783_0.png,0
D:\\zainab\\forgery-detector\\data\\ela_cache\8784_0.png,0
D:\\zainab\\forgery-detector\\data\\ela_cache\8785_0.png,0
D:\\zainab\\forgery-detector\\data\\ela_cache\8786_1.png,1
D:\\zainab\\forgery-detector\\data\\ela_cache\8787_1.png,1
D:\\zainab\\forgery-detector\\data\\ela_cache\8788_0.png,0
D:\\zainab\\forgery-detector\\data\\ela_cache\8789_1.png,1
D:\\zainab\\forgery-detector\\data\\ela_cache\8790_0.png,0
D:\\zainab\\forgery-detector\\data\\ela_cache\8791_0.png,0
D:\\zainab\\forgery-detector\\data\\ela_cache\8792_0.png,0
D:\\zainab\\forgery-detector\\data\\ela_cache\8793_0.png,0
D:\\zainab\\forgery-detector\\data\\ela_cache\8794_1.png,1
D:\\zainab\\forgery-detector\\data\\ela_cache\8795_1.png,1
D:\\zainab\\forgery-detector\\data\\ela_cache\8796_0.png,0
D:\\zainab\\forgery-detector\\data\\ela_cache\8797_0.png,0
D:\\zainab\\forgery-detector\\data\\ela_cache\8798_0.png,0
D:\\zainab\\forgery-detector\\data\\ela_cache\8799_1.png,1
D:\\zainab\\forgery-detector\\data\\ela_cache\8800_1.png,1
D:\\zainab\\forgery-detector\\data\\ela_cache\8801_0.png,0
D:\\zainab\\forgery-detector\\data\\ela_cache\8802_0.png,0
D:\\zainab\\forgery-detector\\data\\ela_cache\8803_1.png,1
D:\\zainab\\forgery-detector\\data\\ela_cache\8804_0.png,0
D:\\zainab\\forgery-detector\\data\\ela_cache\8805_1.png,1
D:\\zainab\\forgery-detector\\data\\ela_cache\8806_0.png,0
D:\\zainab\\forgery-detector\\data\\ela_cache\8807_0.png,0
D:\\zainab\\forgery-detector\\data\\ela_cache\8808_1.png,1
D:\\zainab\\forgery-detector\\data\\ela_cache\8809_0.png,0
D:\\zainab\\forgery-detector\\data\\ela_cache\8810_1.png,1
D:\\zainab\\forgery-detector\\data\\ela_cache\8811_0.png,0
D:\\zainab\\forgery-detector\\data\\ela_cache\8812_0.png,0
D:\\zainab\\forgery-detector\\data\\ela_cache\8813_1.png,1
D:\\zainab\\forgery-detector\\data\\ela_cache\8814_0.png,0
D:\\zainab\\forgery-detector\\data\\ela_cache\8815_1.png,1
D:\\zainab\\forgery-detector\\data\\ela_cache\8816_1.png,1
D:\\zainab\\forgery-detector\\data\\ela_cache\8817_0.png,0
D:\\zainab\\forgery-detector\\data\\ela_cache\8818_1.png,1
D:\\zainab\\forgery-detector\\data\\ela_cache\8819_1.png,1
D:\\zainab\\forgery-detector\\data\\ela_cache\8820_0.png,0
D:\\zainab\\forgery-detector\\data\\ela_cache\8821_0.png,0
D:\\zainab\\forgery-detector\\data\\ela_cache\8822_1.png,1
D:\\zainab\\forgery-detector\\data\\ela_cache\8823_0.png,0
D:\\zainab\\forgery-detector\\data\\ela_cache\8824_0.png,0
D:\\zainab\\forgery-detector\\data\\ela_cache\8825_0.png,0
D:\\zainab\\forgery-detector\\data\\ela_cache\8826_0.png,0
D:\\zainab\\forgery-detector\\data\\ela_cache\8827_0.png,0
D:\\zainab\\forgery-detector\\data\\ela_cache\8828_0.png,0
D:\\zainab\\forgery-detector\\data\\ela_cache\8829_1.png,1
D:\\zainab\\forgery-detector\\data\\ela_cache\8830_0.png,0
D:\\zainab\\forgery-detector\\data\\ela_cache\8831_1.png,1
D:\\zainab\\forgery-detector\\data\\ela_cache\8832_0.png,0
D:\\zainab\\forgery-detector\\data\\ela_cache\8833_1.png,1
D:\\zainab\\forgery-detector\\data\\ela_cache\8834_0.png,0
D:\\zainab\\forgery-detector\\data\\ela_cache\8835_0.png,0
D:\\zainab\\forgery-detector\\data\\ela_cache\8836_1.png,1
D:\\zainab\\forgery-detector\\data\\ela_cache\8837_0.png,0
D:\\zainab\\forgery-detector\\data\\ela_cache\8838_1.png,1
D:\\zainab\\forgery-detector\\data\\ela_cache\8839_0.png,0
D:\\zainab\\forgery-detector\\data\\ela_cache\8840_0.png,0
D:\\zainab\\forgery-detector\\data\\ela_cache\8841_0.png,0
D:\\zainab\\forgery-detector\\data\\ela_cache\8842_0.png,0
D:\\zainab\\forgery-detector\\data\\ela_cache\8843_1.png,1
D:\\zainab\\forgery-detector\\data\\ela_cache\8844_1.png,1
D:\\zainab\\forgery-detector\\data\\ela_cache\8845_0.png,0
D:\\zainab\\forgery-detector\\data\\ela_cache\8846_1.png,1
D:\\zainab\\forgery-detector\\data\\ela_cache\8847_0.png,0
D:\\zainab\\forgery-detector\\data\\ela_cache\8848_1.png,1
D:\\zainab\\forgery-detector\\data\\ela_cache\8849_0.png,0
D:\\zainab\\forgery-detector\\data\\ela_cache\8850_1.png,1
D:\\zainab\\forgery-detector\\data\\ela_cache\8851_1.png,1
D:\\zainab\\forgery-detector\\data\\ela_cache\8852_1.png,1
D:\\zainab\\forgery-detector\\data\\ela_cache\8853_0.png,0
D:\\zainab\\forgery-detector\\data\\ela_cache\8854_0.png,0
D:\\zainab\\forgery-detector\\data\\ela_cache\8855_0.png,0
D:\\zainab\\forgery-detector\\data\\ela_cache\8856_0.png,0
D:\\zainab\\forgery-detector\\data\\ela_cache\8857_1.png,1
D:\\zainab\\forgery-detector\\data\\ela_cache\8858_1.png,1
D:\\zainab\\forgery-detector\\data\\ela_cache\8859_0.png,0
D:\\zainab\\forgery-detector\\data\\ela_cache\8860_0.png,0
D:\\zainab\\forgery-detector\\data\\ela_cache\8861_1.png,1
D:\\zainab\\forgery-detector\\data\\ela_cache\8862_1.png,1
D:\\zainab\\forgery-detector\\data\\ela_cache\8863_0.png,0
D:\\zainab\\forgery-detector\\data\\ela_cache\8864_0.png,0
D:\\zainab\\forgery-detector\\data\\ela_cache\8865_1.png,1
D:\\zainab\\forgery-detector\\data\\ela_cache\8866_0.png,0
D:\\zainab\\forgery-detector\\data\\ela_cache\8867_0.png,0
D:\\zainab\\forgery-detector\\data\\ela_cache\8868_0.png,0
D:\\zainab\\forgery-detector\\data\\ela_cache\8869_0.png,0
D:\\zainab\\forgery-detector\\data\\ela_cache\8870_1.png,1
D:\\zainab\\forgery-detector\\data\\ela_cache\8871_1.png,1
D:\\zainab\\forgery-detector\\data\\ela_cache\8872_0.png,0
D:\\zainab\\forgery-detector\\data\\ela_cache\8873_1.png,1
D:\\zainab\\forgery-detector\\data\\ela_cache\8874_0.png,0
D:\\zainab\\forgery-detector\\data\\ela_cache\8875_1.png,1
D:\\zainab\\forgery-detector\\data\\ela_cache\8876_1.png,1
D:\\zainab\\forgery-detector\\data\\ela_cache\8877_0.png,0
D:\\zainab\\forgery-detector\\data\\ela_cache\8878_0.png,0
D:\\zainab\\forgery-detector\\data\\ela_cache\8879_1.png,1
D:\\zainab\\forgery-detector\\data\\ela_cache\8880_1.png,1
D:\\zainab\\forgery-detector\\data\\ela_cache\8881_0.png,0
D:\\zainab\\forgery-detector\\data\\ela_cache\8882_1.png,1
D:\\zainab\\forgery-detector\\data\\ela_cache\8883_1.png,1
D:\\zainab\\forgery-detector\\data\\ela_cache\8884_0.png,0
D:\\zainab\\forgery-detector\\data\\ela_cache\8885_1.png,1
D:\\zainab\\forgery-detector\\data\\ela_cache\8886_1.png,1
D:\\zainab\\forgery-detector\\data\\ela_cache\8887_0.png,0
D:\\zainab\\forgery-detector\\data\\ela_cache\8888_1.png,1
D:\\zainab\\forgery-detector\\data\\ela_cache\8889_1.png,1
D:\\zainab\\forgery-detector\\data\\ela_cache\8890_0.png,0
D:\\zainab\\forgery-detector\\data\\ela_cache\8891_0.png,0
D:\\zainab\\forgery-detector\\data\\ela_cache\8892_0.png,0
D:\\zainab\\forgery-detector\\data\\ela_cache\8893_1.png,1
D:\\zainab\\forgery-detector\\data\\ela_cache\8894_0.png,0
D:\\zainab\\forgery-detector\\data\\ela_cache\8895_0.png,0
D:\\zainab\\forgery-detector\\data\\ela_cache\8896_1.png,1
D:\\zainab\\forgery-detector\\data\\ela_cache\8897_0.png,0
D:\\zainab\\forgery-detector\\data\\ela_cache\8898_0.png,0
D:\\zainab\\forgery-detector\\data\\ela_cache\8899_0.png,0
D:\\zainab\\forgery-detector\\data\\ela_cache\8900_1.png,1
D:\\zainab\\forgery-detector\\data\\ela_cache\8901_1.png,1
D:\\zainab\\forgery-detector\\data\\ela_cache\8902_1.png,1
D:\\zainab\\forgery-detector\\data\\ela_cache\8903_0.png,0
D:\\zainab\\forgery-detector\\data\\ela_cache\8904_0.png,0
D:\\zainab\\forgery-detector\\data\\ela_cache\8905_0.png,0
D:\\zainab\\forgery-detector\\data\\ela_cache\8906_1.png,1
D:\\zainab\\forgery-detector\\data\\ela_cache\8907_1.png,1
D:\\zainab\\forgery-detector\\data\\ela_cache\8908_0.png,0
D:\\zainab\\forgery-detector\\data\\ela_cache\8909_0.png,0
D:\\zainab\\forgery-detector\\data\\ela_cache\8910_0.png,0
D:\\zainab\\forgery-detector\\data\\ela_cache\8911_1.png,1
D:\\zainab\\forgery-detector\\data\\ela_cache\8912_0.png,0
D:\\zainab\\forgery-detector\\data\\ela_cache\8913_1.png,1
D:\\zainab\\forgery-detector\\data\\ela_cache\8914_0.png,0
D:\\zainab\\forgery-detector\\data\\ela_cache\8915_0.png,0
D:\\zainab\\forgery-detector\\data\\ela_cache\8916_0.png,0
D:\\zainab\\forgery-detector\\data\\ela_cache\8917_0.png,0
D:\\zainab\\forgery-detector\\data\\ela_cache\8918_0.png,0
D:\\zainab\\forgery-detector\\data\\ela_cache\8919_1.png,1
D:\\zainab\\forgery-detector\\data\\ela_cache\8920_0.png,0
D:\\zainab\\forgery-detector\\data\\ela_cache\8921_0.png,0
D:\\zainab\\forgery-detector\\data\\ela_cache\8922_1.png,1
D:\\zainab\\forgery-detector\\data\\ela_cache\8923_0.png,0
D:\\zainab\\forgery-detector\\data\\ela_cache\8924_0.png,0
D:\\zainab\\forgery-detector\\data\\ela_cache\8925_0.png,0
D:\\zainab\\forgery-detector\\data\\ela_cache\8926_1.png,1
D:\\zainab\\forgery-detector\\data\\ela_cache\8927_0.png,0
D:\\zainab\\forgery-detector\\data\\ela_cache\8928_1.png,1
D:\\zainab\\forgery-detector\\data\\ela_cache\8929_0.png,0
D:\\zainab\\forgery-detector\\data\\ela_cache\8930_1.png,1
D:\\zainab\\forgery-detector\\data\\ela_cache\8931_1.png,1
D:\\zainab\\forgery-detector\\data\\ela_cache\8932_0.png,0
D:\\zainab\\forgery-detector\\data\\ela_cache\8933_0.png,0
D:\\zainab\\forgery-detector\\data\\ela_cache\8934_0.png,0
D:\\zainab\\forgery-detector\\data\\ela_cache\8935_1.png,1
D:\\zainab\\forgery-detector\\data\\ela_cache\8936_1.png,1
D:\\zainab\\forgery-detector\\data\\ela_cache\8937_0.png,0
D:\\zainab\\forgery-detector\\data\\ela_cache\8938_0.png,0
D:\\zainab\\forgery-detector\\data\\ela_cache\8939_0.png,0
D:\\zainab\\forgery-detector\\data\\ela_cache\8940_1.png,1
D:\\zainab\\forgery-detector\\data\\ela_cache\8941_0.png,0
D:\\zainab\\forgery-detector\\data\\ela_cache\8942_0.png,0
D:\\zainab\\forgery-detector\\data\\ela_cache\8943_1.png,1
D:\\zainab\\forgery-detector\\data\\ela_cache\8944_0.png,0
D:\\zainab\\forgery-detector\\data\\ela_cache\8945_0.png,0
D:\\zainab\\forgery-detector\\data\\ela_cache\8946_1.png,1
D:\\zainab\\forgery-detector\\data\\ela_cache\8947_0.png,0
D:\\zainab\\forgery-detector\\data\\ela_cache\8948_1.png,1
D:\\zainab\\forgery-detector\\data\\ela_cache\8949_0.png,0
D:\\zainab\\forgery-detector\\data\\ela_cache\8950_0.png,0
D:\\zainab\\forgery-detector\\data\\ela_cache\8951_1.png,1
D:\\zainab\\forgery-detector\\data\\ela_cache\8952_1.png,1
D:\\zainab\\forgery-detector\\data\\ela_cache\8953_0.png,0
D:\\zainab\\forgery-detector\\data\\ela_cache\8954_1.png,1
D:\\zainab\\forgery-detector\\data\\ela_cache\8955_1.png,1
D:\\zainab\\forgery-detector\\data\\ela_cache\8956_1.png,1
D:\\zainab\\forgery-detector\\data\\ela_cache\8957_1.png,1
D:\\zainab\\forgery-detector\\data\\ela_cache\8958_1.png,1
D:\\zainab\\forgery-detector\\data\\ela_cache\8959_1.png,1
D:\\zainab\\forgery-detector\\data\\ela_cache\8960_0.png,0
D:\\zainab\\forgery-detector\\data\\ela_cache\8961_0.png,0
D:\\zainab\\forgery-detector\\data\\ela_cache\8962_1.png,1
D:\\zainab\\forgery-detector\\data\\ela_cache\8963_0.png,0
D:\\zainab\\forgery-detector\\data\\ela_cache\8964_0.png,0
D:\\zainab\\forgery-detector\\data\\ela_cache\8965_0.png,0
D:\\zainab\\forgery-detector\\data\\ela_cache\8966_1.png,1
D:\\zainab\\forgery-detector\\data\\ela_cache\8967_1.png,1
D:\\zainab\\forgery-detector\\data\\ela_cache\8968_0.png,0
D:\\zainab\\forgery-detector\\data\\ela_cache\8969_0.png,0
D:\\zainab\\forgery-detector\\data\\ela_cache\8970_0.png,0
D:\\zainab\\forgery-detector\\data\\ela_cache\8971_1.png,1
D:\\zainab\\forgery-detector\\data\\ela_cache\8972_1.png,1
D:\\zainab\\forgery-detector\\data\\ela_cache\8973_1.png,1
D:\\zainab\\forgery-detector\\data\\ela_cache\8974_1.png,1
D:\\zainab\\forgery-detector\\data\\ela_cache\8975_0.png,0
D:\\zainab\\forgery-detector\\data\\ela_cache\8976_1.png,1
D:\\zainab\\forgery-detector\\data\\ela_cache\8977_1.png,1
D:\\zainab\\forgery-detector\\data\\ela_cache\8978_1.png,1
D:\\zainab\\forgery-detector\\data\\ela_cache\8979_0.png,0
D:\\zainab\\forgery-detector\\data\\ela_cache\8980_1.png,1
D:\\zainab\\forgery-detector\\data\\ela_cache\8981_0.png,0
D:\\zainab\\forgery-detector\\data\\ela_cache\8982_1.png,1
D:\\zainab\\forgery-detector\\data\\ela_cache\8983_0.png,0
D:\\zainab\\forgery-detector\\data\\ela_cache\8984_0.png,0
D:\\zainab\\forgery-detector\\data\\ela_cache\8985_0.png,0
D:\\zainab\\forgery-detector\\data\\ela_cache\8986_0.png,0
D:\\zainab\\forgery-detector\\data\\ela_cache\8987_1.png,1
D:\\zainab\\forgery-detector\\data\\ela_cache\8988_0.png,0
D:\\zainab\\forgery-detector\\data\\ela_cache\8989_0.png,0
D:\\zainab\\forgery-detector\\data\\ela_cache\8990_1.png,1
D:\\zainab\\forgery-detector\\data\\ela_cache\8991_1.png,1
D:\\zainab\\forgery-detector\\data\\ela_cache\8992_1.png,1
D:\\zainab\\forgery-detector\\data\\ela_cache\8993_0.png,0
D:\\zainab\\forgery-detector\\data\\ela_cache\8994_0.png,0
D:\\zainab\\forgery-detector\\data\\ela_cache\8995_1.png,1
D:\\zainab\\forgery-detector\\data\\ela_cache\8996_1.png,1
D:\\zainab\\forgery-detector\\data\\ela_cache\8997_1.png,1
D:\\zainab\\forgery-detector\\data\\ela_cache\8998_0.png,0
D:\\zainab\\forgery-detector\\data\\ela_cache\8999_0.png,0
D:\\zainab\\forgery-detector\\data\\ela_cache\9000_0.png,0
D:\\zainab\\forgery-detector\\data\\ela_cache\9001_0.png,0
D:\\zainab\\forgery-detector\\data\\ela_cache\9002_0.png,0
D:\\zainab\\forgery-detector\\data\\ela_cache\9003_1.png,1
D:\\zainab\\forgery-detector\\data\\ela_cache\9004_0.png,0
D:\\zainab\\forgery-detector\\data\\ela_cache\9005_1.png,1
D:\\zainab\\forgery-detector\\data\\ela_cache\9006_0.png,0
D:\\zainab\\forgery-detector\\data\\ela_cache\9007_1.png,1
D:\\zainab\\forgery-detector\\data\\ela_cache\9008_1.png,1
D:\\zainab\\forgery-detector\\data\\ela_cache\9009_1.png,1
D:\\zainab\\forgery-detector\\data\\ela_cache\9010_1.png,1
D:\\zainab\\forgery-detector\\data\\ela_cache\9011_0.png,0
D:\\zainab\\forgery-detector\\data\\ela_cache\9012_1.png,1
D:\\zainab\\forgery-detector\\data\\ela_cache\9013_1.png,1
D:\\zainab\\forgery-detector\\data\\ela_cache\9014_1.png,1
D:\\zainab\\forgery-detector\\data\\ela_cache\9015_1.png,1
D:\\zainab\\forgery-detector\\data\\ela_cache\9016_1.png,1
D:\\zainab\\forgery-detector\\data\\ela_cache\9017_1.png,1
D:\\zainab\\forgery-detector\\data\\ela_cache\9018_0.png,0
D:\\zainab\\forgery-detector\\data\\ela_cache\9019_0.png,0
D:\\zainab\\forgery-detector\\data\\ela_cache\9020_0.png,0
D:\\zainab\\forgery-detector\\data\\ela_cache\9021_1.png,1
D:\\zainab\\forgery-detector\\data\\ela_cache\9022_1.png,1
D:\\zainab\\forgery-detector\\data\\ela_cache\9023_1.png,1
D:\\zainab\\forgery-detector\\data\\ela_cache\9024_1.png,1
D:\\zainab\\forgery-detector\\data\\ela_cache\9025_1.png,1
D:\\zainab\\forgery-detector\\data\\ela_cache\9026_1.png,1
D:\\zainab\\forgery-detector\\data\\ela_cache\9027_0.png,0
D:\\zainab\\forgery-detector\\data\\ela_cache\9028_0.png,0
D:\\zainab\\forgery-detector\\data\\ela_cache\9029_0.png,0
D:\\zainab\\forgery-detector\\data\\ela_cache\9030_0.png,0
D:\\zainab\\forgery-detector\\data\\ela_cache\9031_0.png,0
D:\\zainab\\forgery-detector\\data\\ela_cache\9032_0.png,0
D:\\zainab\\forgery-detector\\data\\ela_cache\9033_0.png,0
D:\\zainab\\forgery-detector\\data\\ela_cache\9034_0.png,0
D:\\zainab\\forgery-detector\\data\\ela_cache\9035_0.png,0
D:\\zainab\\forgery-detector\\data\\ela_cache\9036_0.png,0
D:\\zainab\\forgery-detector\\data\\ela_cache\9037_1.png,1
D:\\zainab\\forgery-detector\\data\\ela_cache\9038_0.png,0
D:\\zainab\\forgery-detector\\data\\ela_cache\9039_0.png,0
D:\\zainab\\forgery-detector\\data\\ela_cache\9040_0.png,0
D:\\zainab\\forgery-detector\\data\\ela_cache\9041_0.png,0
D:\\zainab\\forgery-detector\\data\\ela_cache\9042_1.png,1
D:\\zainab\\forgery-detector\\data\\ela_cache\9043_1.png,1
D:\\zainab\\forgery-detector\\data\\ela_cache\9044_0.png,0
D:\\zainab\\forgery-detector\\data\\ela_cache\9045_0.png,0
D:\\zainab\\forgery-detector\\data\\ela_cache\9046_0.png,0
D:\\zainab\\forgery-detector\\data\\ela_cache\9047_0.png,0
D:\\zainab\\forgery-detector\\data\\ela_cache\9048_0.png,0
D:\\zainab\\forgery-detector\\data\\ela_cache\9049_1.png,1
D:\\zainab\\forgery-detector\\data\\ela_cache\9050_1.png,1
D:\\zainab\\forgery-detector\\data\\ela_cache\9051_0.png,0
D:\\zainab\\forgery-detector\\data\\ela_cache\9052_0.png,0
D:\\zainab\\forgery-detector\\data\\ela_cache\9053_0.png,0
D:\\zainab\\forgery-detector\\data\\ela_cache\9054_1.png,1
D:\\zainab\\forgery-detector\\data\\ela_cache\9055_0.png,0
D:\\zainab\\forgery-detector\\data\\ela_cache\9056_1.png,1
D:\\zainab\\forgery-detector\\data\\ela_cache\9057_1.png,1
D:\\zainab\\forgery-detector\\data\\ela_cache\9058_0.png,0
D:\\zainab\\forgery-detector\\data\\ela_cache\9059_0.png,0
D:\\zainab\\forgery-detector\\data\\ela_cache\9060_1.png,1
D:\\zainab\\forgery-detector\\data\\ela_cache\9061_0.png,0
D:\\zainab\\forgery-detector\\data\\ela_cache\9062_0.png,0
D:\\zainab\\forgery-detector\\data\\ela_cache\9063_1.png,1
D:\\zainab\\forgery-detector\\data\\ela_cache\9064_1.png,1
D:\\zainab\\forgery-detector\\data\\ela_cache\9065_0.png,0
D:\\zainab\\forgery-detector\\data\\ela_cache\9066_1.png,1
D:\\zainab\\forgery-detector\\data\\ela_cache\9067_0.png,0
D:\\zainab\\forgery-detector\\data\\ela_cache\9068_1.png,1
D:\\zainab\\forgery-detector\\data\\ela_cache\9069_0.png,0
D:\\zainab\\forgery-detector\\data\\ela_cache\9070_0.png,0
D:\\zainab\\forgery-detector\\data\\ela_cache\9071_1.png,1
D:\\zainab\\forgery-detector\\data\\ela_cache\9072_1.png,1
D:\\zainab\\forgery-detector\\data\\ela_cache\9073_0.png,0
D:\\zainab\\forgery-detector\\data\\ela_cache\9074_1.png,1
D:\\zainab\\forgery-detector\\data\\ela_cache\9075_0.png,0
D:\\zainab\\forgery-detector\\data\\ela_cache\9076_0.png,0
D:\\zainab\\forgery-detector\\data\\ela_cache\9077_0.png,0
D:\\zainab\\forgery-detector\\data\\ela_cache\9078_1.png,1
D:\\zainab\\forgery-detector\\data\\ela_cache\9079_0.png,0
D:\\zainab\\forgery-detector\\data\\ela_cache\9080_1.png,1
D:\\zainab\\forgery-detector\\data\\ela_cache\9081_1.png,1
D:\\zainab\\forgery-detector\\data\\ela_cache\9082_0.png,0
D:\\zainab\\forgery-detector\\data\\ela_cache\9083_0.png,0
D:\\zainab\\forgery-detector\\data\\ela_cache\9084_1.png,1
D:\\zainab\\forgery-detector\\data\\ela_cache\9085_0.png,0
D:\\zainab\\forgery-detector\\data\\ela_cache\9086_1.png,1
D:\\zainab\\forgery-detector\\data\\ela_cache\9087_0.png,0
D:\\zainab\\forgery-detector\\data\\ela_cache\9088_0.png,0
D:\\zainab\\forgery-detector\\data\\ela_cache\9089_1.png,1
D:\\zainab\\forgery-detector\\data\\ela_cache\9090_0.png,0
D:\\zainab\\forgery-detector\\data\\ela_cache\9091_0.png,0
D:\\zainab\\forgery-detector\\data\\ela_cache\9092_1.png,1
D:\\zainab\\forgery-detector\\data\\ela_cache\9093_0.png,0
D:\\zainab\\forgery-detector\\data\\ela_cache\9094_0.png,0
D:\\zainab\\forgery-detector\\data\\ela_cache\9095_0.png,0
D:\\zainab\\forgery-detector\\data\\ela_cache\9096_0.png,0
D:\\zainab\\forgery-detector\\data\\ela_cache\9097_0.png,0
D:\\zainab\\forgery-detector\\data\\ela_cache\9098_0.png,0
D:\\zainab\\forgery-detector\\data\\ela_cache\9099_1.png,1
D:\\zainab\\forgery-detector\\data\\ela_cache\9100_0.png,0
D:\\zainab\\forgery-detector\\data\\ela_cache\9101_0.png,0
D:\\zainab\\forgery-detector\\data\\ela_cache\9102_0.png,0
D:\\zainab\\forgery-detector\\data\\ela_cache\9103_1.png,1
D:\\zainab\\forgery-detector\\data\\ela_cache\9104_1.png,1
D:\\zainab\\forgery-detector\\data\\ela_cache\9105_0.png,0
D:\\zainab\\forgery-detector\\data\\ela_cache\9106_1.png,1
D:\\zainab\\forgery-detector\\data\\ela_cache\9107_0.png,0
D:\\zainab\\forgery-detector\\data\\ela_cache\9108_1.png,1
D:\\zainab\\forgery-detector\\data\\ela_cache\9109_1.png,1
D:\\zainab\\forgery-detector\\data\\ela_cache\9110_0.png,0
D:\\zainab\\forgery-detector\\data\\ela_cache\9111_1.png,1
D:\\zainab\\forgery-detector\\data\\ela_cache\9112_0.png,0
D:\\zainab\\forgery-detector\\data\\ela_cache\9113_0.png,0
D:\\zainab\\forgery-detector\\data\\ela_cache\9114_0.png,0
D:\\zainab\\forgery-detector\\data\\ela_cache\9115_1.png,1
D:\\zainab\\forgery-detector\\data\\ela_cache\9116_0.png,0
D:\\zainab\\forgery-detector\\data\\ela_cache\9117_1.png,1
D:\\zainab\\forgery-detector\\data\\ela_cache\9118_1.png,1
D:\\zainab\\forgery-detector\\data\\ela_cache\9119_0.png,0
D:\\zainab\\forgery-detector\\data\\ela_cache\9120_0.png,0
D:\\zainab\\forgery-detector\\data\\ela_cache\9121_0.png,0
D:\\zainab\\forgery-detector\\data\\ela_cache\9122_0.png,0
D:\\zainab\\forgery-detector\\data\\ela_cache\9123_0.png,0
D:\\zainab\\forgery-detector\\data\\ela_cache\9124_0.png,0
D:\\zainab\\forgery-detector\\data\\ela_cache\9125_1.png,1
D:\\zainab\\forgery-detector\\data\\ela_cache\9126_0.png,0
D:\\zainab\\forgery-detector\\data\\ela_cache\9127_1.png,1
D:\\zainab\\forgery-detector\\data\\ela_cache\9128_0.png,0
D:\\zainab\\forgery-detector\\data\\ela_cache\9129_0.png,0
D:\\zainab\\forgery-detector\\data\\ela_cache\9130_0.png,0
D:\\zainab\\forgery-detector\\data\\ela_cache\9131_0.png,0
D:\\zainab\\forgery-detector\\data\\ela_cache\9132_0.png,0
D:\\zainab\\forgery-detector\\data\\ela_cache\9133_0.png,0
D:\\zainab\\forgery-detector\\data\\ela_cache\9134_1.png,1
D:\\zainab\\forgery-detector\\data\\ela_cache\9135_0.png,0
D:\\zainab\\forgery-detector\\data\\ela_cache\9136_1.png,1
D:\\zainab\\forgery-detector\\data\\ela_cache\9137_0.png,0
D:\\zainab\\forgery-detector\\data\\ela_cache\9138_1.png,1
D:\\zainab\\forgery-detector\\data\\ela_cache\9139_0.png,0
D:\\zainab\\forgery-detector\\data\\ela_cache\9140_0.png,0
D:\\zainab\\forgery-detector\\data\\ela_cache\9141_0.png,0
D:\\zainab\\forgery-detector\\data\\ela_cache\9142_1.png,1
D:\\zainab\\forgery-detector\\data\\ela_cache\9143_0.png,0
D:\\zainab\\forgery-detector\\data\\ela_cache\9144_0.png,0
D:\\zainab\\forgery-detector\\data\\ela_cache\9145_0.png,0
D:\\zainab\\forgery-detector\\data\\ela_cache\9146_1.png,1
D:\\zainab\\forgery-detector\\data\\ela_cache\9147_1.png,1
D:\\zainab\\forgery-detector\\data\\ela_cache\9148_1.png,1
D:\\zainab\\forgery-detector\\data\\ela_cache\9149_1.png,1
D:\\zainab\\forgery-detector\\data\\ela_cache\9150_1.png,1
D:\\zainab\\forgery-detector\\data\\ela_cache\9151_1.png,1
D:\\zainab\\forgery-detector\\data\\ela_cache\9152_0.png,0
D:\\zainab\\forgery-detector\\data\\ela_cache\9153_0.png,0
D:\\zainab\\forgery-detector\\data\\ela_cache\9154_1.png,1
D:\\zainab\\forgery-detector\\data\\ela_cache\9155_0.png,0
D:\\zainab\\forgery-detector\\data\\ela_cache\9156_0.png,0
D:\\zainab\\forgery-detector\\data\\ela_cache\9157_0.png,0
D:\\zainab\\forgery-detector\\data\\ela_cache\9158_1.png,1
D:\\zainab\\forgery-detector\\data\\ela_cache\9159_0.png,0
D:\\zainab\\forgery-detector\\data\\ela_cache\9160_0.png,0
D:\\zainab\\forgery-detector\\data\\ela_cache\9161_1.png,1
D:\\zainab\\forgery-detector\\data\\ela_cache\9162_0.png,0
D:\\zainab\\forgery-detector\\data\\ela_cache\9163_1.png,1
D:\\zainab\\forgery-detector\\data\\ela_cache\9164_0.png,0
D:\\zainab\\forgery-detector\\data\\ela_cache\9165_0.png,0
D:\\zainab\\forgery-detector\\data\\ela_cache\9166_1.png,1
D:\\zainab\\forgery-detector\\data\\ela_cache\9167_0.png,0
D:\\zainab\\forgery-detector\\data\\ela_cache\9168_0.png,0
D:\\zainab\\forgery-detector\\data\\ela_cache\9169_0.png,0
D:\\zainab\\forgery-detector\\data\\ela_cache\9170_0.png,0
D:\\zainab\\forgery-detector\\data\\ela_cache\9171_1.png,1
D:\\zainab\\forgery-detector\\data\\ela_cache\9172_0.png,0
D:\\zainab\\forgery-detector\\data\\ela_cache\9173_1.png,1
D:\\zainab\\forgery-detector\\data\\ela_cache\9174_0.png,0
D:\\zainab\\forgery-detector\\data\\ela_cache\9175_0.png,0
D:\\zainab\\forgery-detector\\data\\ela_cache\9176_1.png,1
D:\\zainab\\forgery-detector\\data\\ela_cache\9177_0.png,0
D:\\zainab\\forgery-detector\\data\\ela_cache\9178_1.png,1
D:\\zainab\\forgery-detector\\data\\ela_cache\9179_1.png,1
D:\\zainab\\forgery-detector\\data\\ela_cache\9180_1.png,1
D:\\zainab\\forgery-detector\\data\\ela_cache\9181_1.png,1
D:\\zainab\\forgery-detector\\data\\ela_cache\9182_0.png,0
D:\\zainab\\forgery-detector\\data\\ela_cache\9183_1.png,1
D:\\zainab\\forgery-detector\\data\\ela_cache\9184_1.png,1
D:\\zainab\\forgery-detector\\data\\ela_cache\9185_0.png,0
D:\\zainab\\forgery-detector\\data\\ela_cache\9186_1.png,1
D:\\zainab\\forgery-detector\\data\\ela_cache\9187_0.png,0
D:\\zainab\\forgery-detector\\data\\ela_cache\9188_0.png,0
D:\\zainab\\forgery-detector\\data\\ela_cache\9189_0.png,0
D:\\zainab\\forgery-detector\\data\\ela_cache\9190_0.png,0
D:\\zainab\\forgery-detector\\data\\ela_cache\9191_1.png,1
D:\\zainab\\forgery-detector\\data\\ela_cache\9192_0.png,0
D:\\zainab\\forgery-detector\\data\\ela_cache\9193_0.png,0
D:\\zainab\\forgery-detector\\data\\ela_cache\9194_0.png,0
D:\\zainab\\forgery-detector\\data\\ela_cache\9195_1.png,1
D:\\zainab\\forgery-detector\\data\\ela_cache\9196_0.png,0
D:\\zainab\\forgery-detector\\data\\ela_cache\9197_0.png,0
D:\\zainab\\forgery-detector\\data\\ela_cache\9198_0.png,0
D:\\zainab\\forgery-detector\\data\\ela_cache\9199_1.png,1
D:\\zainab\\forgery-detector\\data\\ela_cache\9200_0.png,0
D:\\zainab\\forgery-detector\\data\\ela_cache\9201_0.png,0
D:\\zainab\\forgery-detector\\data\\ela_cache\9202_1.png,1
D:\\zainab\\forgery-detector\\data\\ela_cache\9203_1.png,1
D:\\zainab\\forgery-detector\\data\\ela_cache\9204_0.png,0
D:\\zainab\\forgery-detector\\data\\ela_cache\9205_0.png,0
D:\\zainab\\forgery-detector\\data\\ela_cache\9206_0.png,0
D:\\zainab\\forgery-detector\\data\\ela_cache\9207_1.png,1
D:\\zainab\\forgery-detector\\data\\ela_cache\9208_1.png,1
D:\\zainab\\forgery-detector\\data\\ela_cache\9209_1.png,1
D:\\zainab\\forgery-detector\\data\\ela_cache\9210_1.png,1
D:\\zainab\\forgery-detector\\data\\ela_cache\9211_0.png,0
D:\\zainab\\forgery-detector\\data\\ela_cache\9212_0.png,0
D:\\zainab\\forgery-detector\\data\\ela_cache\9213_1.png,1
D:\\zainab\\forgery-detector\\data\\ela_cache\9214_0.png,0
D:\\zainab\\forgery-detector\\data\\ela_cache\9215_0.png,0
D:\\zainab\\forgery-detector\\data\\ela_cache\9216_0.png,0
D:\\zainab\\forgery-detector\\data\\ela_cache\9217_0.png,0
D:\\zainab\\forgery-detector\\data\\ela_cache\9218_0.png,0
D:\\zainab\\forgery-detector\\data\\ela_cache\9219_1.png,1
D:\\zainab\\forgery-detector\\data\\ela_cache\9220_1.png,1
D:\\zainab\\forgery-detector\\data\\ela_cache\9221_0.png,0
D:\\zainab\\forgery-detector\\data\\ela_cache\9222_0.png,0
D:\\zainab\\forgery-detector\\data\\ela_cache\9223_1.png,1
D:\\zainab\\forgery-detector\\data\\ela_cache\9224_0.png,0
D:\\zainab\\forgery-detector\\data\\ela_cache\9225_1.png,1
D:\\zainab\\forgery-detector\\data\\ela_cache\9226_1.png,1
D:\\zainab\\forgery-detector\\data\\ela_cache\9227_0.png,0
D:\\zainab\\forgery-detector\\data\\ela_cache\9228_0.png,0
D:\\zainab\\forgery-detector\\data\\ela_cache\9229_0.png,0
D:\\zainab\\forgery-detector\\data\\ela_cache\9230_0.png,0
D:\\zainab\\forgery-detector\\data\\ela_cache\9231_1.png,1
D:\\zainab\\forgery-detector\\data\\ela_cache\9232_1.png,1
D:\\zainab\\forgery-detector\\data\\ela_cache\9233_1.png,1
D:\\zainab\\forgery-detector\\data\\ela_cache\9234_1.png,1
D:\\zainab\\forgery-detector\\data\\ela_cache\9235_0.png,0
D:\\zainab\\forgery-detector\\data\\ela_cache\9236_1.png,1
D:\\zainab\\forgery-detector\\data\\ela_cache\9237_0.png,0
D:\\zainab\\forgery-detector\\data\\ela_cache\9238_1.png,1
D:\\zainab\\forgery-detector\\data\\ela_cache\9239_1.png,1
D:\\zainab\\forgery-detector\\data\\ela_cache\9240_0.png,0
D:\\zainab\\forgery-detector\\data\\ela_cache\9241_0.png,0
D:\\zainab\\forgery-detector\\data\\ela_cache\9242_0.png,0
D:\\zainab\\forgery-detector\\data\\ela_cache\9243_1.png,1
D:\\zainab\\forgery-detector\\data\\ela_cache\9244_1.png,1
D:\\zainab\\forgery-detector\\data\\ela_cache\9245_0.png,0
D:\\zainab\\forgery-detector\\data\\ela_cache\9246_1.png,1
D:\\zainab\\forgery-detector\\data\\ela_cache\9247_0.png,0
D:\\zainab\\forgery-detector\\data\\ela_cache\9248_1.png,1
D:\\zainab\\forgery-detector\\data\\ela_cache\9249_0.png,0
D:\\zainab\\forgery-detector\\data\\ela_cache\9250_0.png,0
D:\\zainab\\forgery-detector\\data\\ela_cache\9251_1.png,1
D:\\zainab\\forgery-detector\\data\\ela_cache\9252_0.png,0
D:\\zainab\\forgery-detector\\data\\ela_cache\9253_0.png,0
D:\\zainab\\forgery-detector\\data\\ela_cache\9254_0.png,0
D:\\zainab\\forgery-detector\\data\\ela_cache\9255_0.png,0
D:\\zainab\\forgery-detector\\data\\ela_cache\9256_0.png,0
D:\\zainab\\forgery-detector\\data\\ela_cache\9257_0.png,0
D:\\zainab\\forgery-detector\\data\\ela_cache\9258_0.png,0
D:\\zainab\\forgery-detector\\data\\ela_cache\9259_0.png,0
D:\\zainab\\forgery-detector\\data\\ela_cache\9260_0.png,0
D:\\zainab\\forgery-detector\\data\\ela_cache\9261_0.png,0
D:\\zainab\\forgery-detector\\data\\ela_cache\9262_1.png,1
D:\\zainab\\forgery-detector\\data\\ela_cache\9263_0.png,0
D:\\zainab\\forgery-detector\\data\\ela_cache\9264_0.png,0
D:\\zainab\\forgery-detector\\data\\ela_cache\9265_0.png,0
D:\\zainab\\forgery-detector\\data\\ela_cache\9266_1.png,1
D:\\zainab\\forgery-detector\\data\\ela_cache\9267_1.png,1
D:\\zainab\\forgery-detector\\data\\ela_cache\9268_1.png,1
D:\\zainab\\forgery-detector\\data\\ela_cache\9269_1.png,1
D:\\zainab\\forgery-detector\\data\\ela_cache\9270_1.png,1
D:\\zainab\\forgery-detector\\data\\ela_cache\9271_0.png,0
D:\\zainab\\forgery-detector\\data\\ela_cache\9272_1.png,1
D:\\zainab\\forgery-detector\\data\\ela_cache\9273_1.png,1
D:\\zainab\\forgery-detector\\data\\ela_cache\9274_0.png,0
D:\\zainab\\forgery-detector\\data\\ela_cache\9275_0.png,0
D:\\zainab\\forgery-detector\\data\\ela_cache\9276_1.png,1
D:\\zainab\\forgery-detector\\data\\ela_cache\9277_0.png,0
D:\\zainab\\forgery-detector\\data\\ela_cache\9278_0.png,0
D:\\zainab\\forgery-detector\\data\\ela_cache\9279_0.png,0
D:\\zainab\\forgery-detector\\data\\ela_cache\9280_0.png,0
D:\\zainab\\forgery-detector\\data\\ela_cache\9281_0.png,0
D:\\zainab\\forgery-detector\\data\\ela_cache\9282_1.png,1
D:\\zainab\\forgery-detector\\data\\ela_cache\9283_1.png,1
D:\\zainab\\forgery-detector\\data\\ela_cache\9284_0.png,0
D:\\zainab\\forgery-detector\\data\\ela_cache\9285_1.png,1
D:\\zainab\\forgery-detector\\data\\ela_cache\9286_1.png,1
D:\\zainab\\forgery-detector\\data\\ela_cache\9287_1.png,1
D:\\zainab\\forgery-detector\\data\\ela_cache\9288_0.png,0
D:\\zainab\\forgery-detector\\data\\ela_cache\9289_0.png,0
D:\\zainab\\forgery-detector\\data\\ela_cache\9290_0.png,0
D:\\zainab\\forgery-detector\\data\\ela_cache\9291_0.png,0
D:\\zainab\\forgery-detector\\data\\ela_cache\9292_0.png,0
D:\\zainab\\forgery-detector\\data\\ela_cache\9293_0.png,0
D:\\zainab\\forgery-detector\\data\\ela_cache\9294_1.png,1
D:\\zainab\\forgery-detector\\data\\ela_cache\9295_0.png,0
D:\\zainab\\forgery-detector\\data\\ela_cache\9296_1.png,1
D:\\zainab\\forgery-detector\\data\\ela_cache\9297_1.png,1
D:\\zainab\\forgery-detector\\data\\ela_cache\9298_1.png,1
D:\\zainab\\forgery-detector\\data\\ela_cache\9299_0.png,0
D:\\zainab\\forgery-detector\\data\\ela_cache\9300_1.png,1
D:\\zainab\\forgery-detector\\data\\ela_cache\9301_1.png,1
D:\\zainab\\forgery-detector\\data\\ela_cache\9302_0.png,0
D:\\zainab\\forgery-detector\\data\\ela_cache\9303_0.png,0
D:\\zainab\\forgery-detector\\data\\ela_cache\9304_0.png,0
D:\\zainab\\forgery-detector\\data\\ela_cache\9305_0.png,0
D:\\zainab\\forgery-detector\\data\\ela_cache\9306_0.png,0
D:\\zainab\\forgery-detector\\data\\ela_cache\9307_0.png,0
D:\\zainab\\forgery-detector\\data\\ela_cache\9308_1.png,1
D:\\zainab\\forgery-detector\\data\\ela_cache\9309_0.png,0
D:\\zainab\\forgery-detector\\data\\ela_cache\9310_1.png,1
D:\\zainab\\forgery-detector\\data\\ela_cache\9311_1.png,1
D:\\zainab\\forgery-detector\\data\\ela_cache\9312_1.png,1
D:\\zainab\\forgery-detector\\data\\ela_cache\9313_0.png,0
D:\\zainab\\forgery-detector\\data\\ela_cache\9314_0.png,0
D:\\zainab\\forgery-detector\\data\\ela_cache\9315_0.png,0
D:\\zainab\\forgery-detector\\data\\ela_cache\9316_0.png,0
D:\\zainab\\forgery-detector\\data\\ela_cache\9317_1.png,1
D:\\zainab\\forgery-detector\\data\\ela_cache\9318_0.png,0
D:\\zainab\\forgery-detector\\data\\ela_cache\9319_0.png,0
D:\\zainab\\forgery-detector\\data\\ela_cache\9320_0.png,0
D:\\zainab\\forgery-detector\\data\\ela_cache\9321_0.png,0
D:\\zainab\\forgery-detector\\data\\ela_cache\9322_0.png,0
D:\\zainab\\forgery-detector\\data\\ela_cache\9323_1.png,1
D:\\zainab\\forgery-detector\\data\\ela_cache\9324_0.png,0
D:\\zainab\\forgery-detector\\data\\ela_cache\9325_0.png,0
D:\\zainab\\forgery-detector\\data\\ela_cache\9326_1.png,1
D:\\zainab\\forgery-detector\\data\\ela_cache\9327_0.png,0
D:\\zainab\\forgery-detector\\data\\ela_cache\9328_1.png,1
D:\\zainab\\forgery-detector\\data\\ela_cache\9329_0.png,0
D:\\zainab\\forgery-detector\\data\\ela_cache\9330_1.png,1
D:\\zainab\\forgery-detector\\data\\ela_cache\9331_0.png,0
D:\\zainab\\forgery-detector\\data\\ela_cache\9332_1.png,1
D:\\zainab\\forgery-detector\\data\\ela_cache\9333_1.png,1
D:\\zainab\\forgery-detector\\data\\ela_cache\9334_1.png,1
D:\\zainab\\forgery-detector\\data\\ela_cache\9335_1.png,1
D:\\zainab\\forgery-detector\\data\\ela_cache\9336_0.png,0
D:\\zainab\\forgery-detector\\data\\ela_cache\9337_0.png,0
D:\\zainab\\forgery-detector\\data\\ela_cache\9338_0.png,0
D:\\zainab\\forgery-detector\\data\\ela_cache\9339_1.png,1
D:\\zainab\\forgery-detector\\data\\ela_cache\9340_1.png,1
D:\\zainab\\forgery-detector\\data\\ela_cache\9341_0.png,0
D:\\zainab\\forgery-detector\\data\\ela_cache\9342_0.png,0
D:\\zainab\\forgery-detector\\data\\ela_cache\9343_1.png,1
D:\\zainab\\forgery-detector\\data\\ela_cache\9344_0.png,0
D:\\zainab\\forgery-detector\\data\\ela_cache\9345_1.png,1
D:\\zainab\\forgery-detector\\data\\ela_cache\9346_0.png,0
D:\\zainab\\forgery-detector\\data\\ela_cache\9347_1.png,1
D:\\zainab\\forgery-detector\\data\\ela_cache\9348_0.png,0
D:\\zainab\\forgery-detector\\data\\ela_cache\9349_0.png,0
D:\\zainab\\forgery-detector\\data\\ela_cache\9350_0.png,0
D:\\zainab\\forgery-detector\\data\\ela_cache\9351_0.png,0
D:\\zainab\\forgery-detector\\data\\ela_cache\9352_1.png,1
D:\\zainab\\forgery-detector\\data\\ela_cache\9353_0.png,0
D:\\zainab\\forgery-detector\\data\\ela_cache\9354_0.png,0
D:\\zainab\\forgery-detector\\data\\ela_cache\9355_0.png,0
D:\\zainab\\forgery-detector\\data\\ela_cache\9356_1.png,1
D:\\zainab\\forgery-detector\\data\\ela_cache\9357_0.png,0
D:\\zainab\\forgery-detector\\data\\ela_cache\9358_0.png,0
D:\\zainab\\forgery-detector\\data\\ela_cache\9359_1.png,1
D:\\zainab\\forgery-detector\\data\\ela_cache\9360_0.png,0
D:\\zainab\\forgery-detector\\data\\ela_cache\9361_1.png,1
D:\\zainab\\forgery-detector\\data\\ela_cache\9362_0.png,0
D:\\zainab\\forgery-detector\\data\\ela_cache\9363_1.png,1
D:\\zainab\\forgery-detector\\data\\ela_cache\9364_0.png,0
D:\\zainab\\forgery-detector\\data\\ela_cache\9365_0.png,0
D:\\zainab\\forgery-detector\\data\\ela_cache\9366_0.png,0
D:\\zainab\\forgery-detector\\data\\ela_cache\9367_1.png,1
D:\\zainab\\forgery-detector\\data\\ela_cache\9368_1.png,1
D:\\zainab\\forgery-detector\\data\\ela_cache\9369_1.png,1
D:\\zainab\\forgery-detector\\data\\ela_cache\9370_0.png,0
D:\\zainab\\forgery-detector\\data\\ela_cache\9371_0.png,0
D:\\zainab\\forgery-detector\\data\\ela_cache\9372_0.png,0
D:\\zainab\\forgery-detector\\data\\ela_cache\9373_0.png,0
D:\\zainab\\forgery-detector\\data\\ela_cache\9374_0.png,0
D:\\zainab\\forgery-detector\\data\\ela_cache\9375_0.png,0
D:\\zainab\\forgery-detector\\data\\ela_cache\9376_0.png,0
D:\\zainab\\forgery-detector\\data\\ela_cache\9377_0.png,0
D:\\zainab\\forgery-detector\\data\\ela_cache\9378_0.png,0
D:\\zainab\\forgery-detector\\data\\ela_cache\9379_0.png,0
D:\\zainab\\forgery-detector\\data\\ela_cache\9380_0.png,0
D:\\zainab\\forgery-detector\\data\\ela_cache\9381_1.png,1
D:\\zainab\\forgery-detector\\data\\ela_cache\9382_1.png,1
D:\\zainab\\forgery-detector\\data\\ela_cache\9383_1.png,1
D:\\zainab\\forgery-detector\\data\\ela_cache\9384_1.png,1
D:\\zainab\\forgery-detector\\data\\ela_cache\9385_0.png,0
D:\\zainab\\forgery-detector\\data\\ela_cache\9386_0.png,0
D:\\zainab\\forgery-detector\\data\\ela_cache\9387_0.png,0
D:\\zainab\\forgery-detector\\data\\ela_cache\9388_0.png,0
D:\\zainab\\forgery-detector\\data\\ela_cache\9389_1.png,1
D:\\zainab\\forgery-detector\\data\\ela_cache\9390_1.png,1
D:\\zainab\\forgery-detector\\data\\ela_cache\9391_1.png,1
D:\\zainab\\forgery-detector\\data\\ela_cache\9392_0.png,0
D:\\zainab\\forgery-detector\\data\\ela_cache\9393_0.png,0
D:\\zainab\\forgery-detector\\data\\ela_cache\9394_0.png,0
D:\\zainab\\forgery-detector\\data\\ela_cache\9395_0.png,0
D:\\zainab\\forgery-detector\\data\\ela_cache\9396_0.png,0
D:\\zainab\\forgery-detector\\data\\ela_cache\9397_1.png,1
D:\\zainab\\forgery-detector\\data\\ela_cache\9398_0.png,0
D:\\zainab\\forgery-detector\\data\\ela_cache\9399_1.png,1
D:\\zainab\\forgery-detector\\data\\ela_cache\9400_1.png,1
D:\\zainab\\forgery-detector\\data\\ela_cache\9401_0.png,0
D:\\zainab\\forgery-detector\\data\\ela_cache\9402_0.png,0
D:\\zainab\\forgery-detector\\data\\ela_cache\9403_1.png,1
D:\\zainab\\forgery-detector\\data\\ela_cache\9404_1.png,1
D:\\zainab\\forgery-detector\\data\\ela_cache\9405_1.png,1
D:\\zainab\\forgery-detector\\data\\ela_cache\9406_0.png,0
D:\\zainab\\forgery-detector\\data\\ela_cache\9407_0.png,0
D:\\zainab\\forgery-detector\\data\\ela_cache\9408_0.png,0
D:\\zainab\\forgery-detector\\data\\ela_cache\9409_1.png,1
D:\\zainab\\forgery-detector\\data\\ela_cache\9410_0.png,0
D:\\zainab\\forgery-detector\\data\\ela_cache\9411_1.png,1
D:\\zainab\\forgery-detector\\data\\ela_cache\9412_0.png,0
D:\\zainab\\forgery-detector\\data\\ela_cache\9413_0.png,0
D:\\zainab\\forgery-detector\\data\\ela_cache\9414_1.png,1
D:\\zainab\\forgery-detector\\data\\ela_cache\9415_0.png,0
D:\\zainab\\forgery-detector\\data\\ela_cache\9416_0.png,0
D:\\zainab\\forgery-detector\\data\\ela_cache\9417_0.png,0
D:\\zainab\\forgery-detector\\data\\ela_cache\9418_0.png,0
D:\\zainab\\forgery-detector\\data\\ela_cache\9419_0.png,0
D:\\zainab\\forgery-detector\\data\\ela_cache\9420_0.png,0
D:\\zainab\\forgery-detector\\data\\ela_cache\9421_0.png,0
D:\\zainab\\forgery-detector\\data\\ela_cache\9422_0.png,0
D:\\zainab\\forgery-detector\\data\\ela_cache\9423_0.png,0
D:\\zainab\\forgery-detector\\data\\ela_cache\9424_0.png,0
D:\\zainab\\forgery-detector\\data\\ela_cache\9425_1.png,1
D:\\zainab\\forgery-detector\\data\\ela_cache\9426_0.png,0
D:\\zainab\\forgery-detector\\data\\ela_cache\9427_0.png,0
D:\\zainab\\forgery-detector\\data\\ela_cache\9428_1.png,1
D:\\zainab\\forgery-detector\\data\\ela_cache\9429_1.png,1
D:\\zainab\\forgery-detector\\data\\ela_cache\9430_0.png,0
D:\\zainab\\forgery-detector\\data\\ela_cache\9431_0.png,0
D:\\zainab\\forgery-detector\\data\\ela_cache\9432_1.png,1
D:\\zainab\\forgery-detector\\data\\ela_cache\9433_0.png,0
D:\\zainab\\forgery-detector\\data\\ela_cache\9434_0.png,0
D:\\zainab\\forgery-detector\\data\\ela_cache\9435_0.png,0
D:\\zainab\\forgery-detector\\data\\ela_cache\9436_1.png,1
D:\\zainab\\forgery-detector\\data\\ela_cache\9437_1.png,1
D:\\zainab\\forgery-detector\\data\\ela_cache\9438_1.png,1
D:\\zainab\\forgery-detector\\data\\ela_cache\9439_0.png,0
D:\\zainab\\forgery-detector\\data\\ela_cache\9440_0.png,0
D:\\zainab\\forgery-detector\\data\\ela_cache\9441_1.png,1
D:\\zainab\\forgery-detector\\data\\ela_cache\9442_0.png,0
D:\\zainab\\forgery-detector\\data\\ela_cache\9443_1.png,1
D:\\zainab\\forgery-detector\\data\\ela_cache\9444_0.png,0
D:\\zainab\\forgery-detector\\data\\ela_cache\9445_1.png,1
D:\\zainab\\forgery-detector\\data\\ela_cache\9446_1.png,1
D:\\zainab\\forgery-detector\\data\\ela_cache\9447_0.png,0
D:\\zainab\\forgery-detector\\data\\ela_cache\9448_0.png,0
D:\\zainab\\forgery-detector\\data\\ela_cache\9449_1.png,1
D:\\zainab\\forgery-detector\\data\\ela_cache\9450_0.png,0
D:\\zainab\\forgery-detector\\data\\ela_cache\9451_0.png,0
D:\\zainab\\forgery-detector\\data\\ela_cache\9452_1.png,1
D:\\zainab\\forgery-detector\\data\\ela_cache\9453_1.png,1
D:\\zainab\\forgery-detector\\data\\ela_cache\9454_0.png,0
D:\\zainab\\forgery-detector\\data\\ela_cache\9455_0.png,0
D:\\zainab\\forgery-detector\\data\\ela_cache\9456_1.png,1
D:\\zainab\\forgery-detector\\data\\ela_cache\9457_1.png,1
D:\\zainab\\forgery-detector\\data\\ela_cache\9458_1.png,1
D:\\zainab\\forgery-detector\\data\\ela_cache\9459_1.png,1
D:\\zainab\\forgery-detector\\data\\ela_cache\9460_1.png,1
D:\\zainab\\forgery-detector\\data\\ela_cache\9461_1.png,1
D:\\zainab\\forgery-detector\\data\\ela_cache\9462_0.png,0
D:\\zainab\\forgery-detector\\data\\ela_cache\9463_0.png,0
D:\\zainab\\forgery-detector\\data\\ela_cache\9464_0.png,0
D:\\zainab\\forgery-detector\\data\\ela_cache\9465_1.png,1
D:\\zainab\\forgery-detector\\data\\ela_cache\9466_0.png,0
D:\\zainab\\forgery-detector\\data\\ela_cache\9467_0.png,0
D:\\zainab\\forgery-detector\\data\\ela_cache\9468_0.png,0
D:\\zainab\\forgery-detector\\data\\ela_cache\9469_0.png,0
D:\\zainab\\forgery-detector\\data\\ela_cache\9470_1.png,1
D:\\zainab\\forgery-detector\\data\\ela_cache\9471_0.png,0
D:\\zainab\\forgery-detector\\data\\ela_cache\9472_0.png,0
D:\\zainab\\forgery-detector\\data\\ela_cache\9473_0.png,0
D:\\zainab\\forgery-detector\\data\\ela_cache\9474_0.png,0
D:\\zainab\\forgery-detector\\data\\ela_cache\9475_1.png,1
D:\\zainab\\forgery-detector\\data\\ela_cache\9476_1.png,1
D:\\zainab\\forgery-detector\\data\\ela_cache\9477_1.png,1
D:\\zainab\\forgery-detector\\data\\ela_cache\9478_0.png,0
D:\\zainab\\forgery-detector\\data\\ela_cache\9479_0.png,0
D:\\zainab\\forgery-detector\\data\\ela_cache\9480_1.png,1
D:\\zainab\\forgery-detector\\data\\ela_cache\9481_0.png,0
D:\\zainab\\forgery-detector\\data\\ela_cache\9482_1.png,1
D:\\zainab\\forgery-detector\\data\\ela_cache\9483_0.png,0
D:\\zainab\\forgery-detector\\data\\ela_cache\9484_1.png,1
D:\\zainab\\forgery-detector\\data\\ela_cache\9485_1.png,1
D:\\zainab\\forgery-detector\\data\\ela_cache\9486_0.png,0
D:\\zainab\\forgery-detector\\data\\ela_cache\9487_0.png,0
D:\\zainab\\forgery-detector\\data\\ela_cache\9488_1.png,1
D:\\zainab\\forgery-detector\\data\\ela_cache\9489_1.png,1
D:\\zainab\\forgery-detector\\data\\ela_cache\9490_0.png,0
D:\\zainab\\forgery-detector\\data\\ela_cache\9491_0.png,0
D:\\zainab\\forgery-detector\\data\\ela_cache\9492_1.png,1
D:\\zainab\\forgery-detector\\data\\ela_cache\9493_0.png,0
D:\\zainab\\forgery-detector\\data\\ela_cache\9494_0.png,0
D:\\zainab\\forgery-detector\\data\\ela_cache\9495_0.png,0
D:\\zainab\\forgery-detector\\data\\ela_cache\9496_1.png,1
D:\\zainab\\forgery-detector\\data\\ela_cache\9497_1.png,1
D:\\zainab\\forgery-detector\\data\\ela_cache\9498_1.png,1
D:\\zainab\\forgery-detector\\data\\ela_cache\9499_1.png,1
D:\\zainab\\forgery-detector\\data\\ela_cache\9500_0.png,0
D:\\zainab\\forgery-detector\\data\\ela_cache\9501_1.png,1
D:\\zainab\\forgery-detector\\data\\ela_cache\9502_0.png,0
D:\\zainab\\forgery-detector\\data\\ela_cache\9503_0.png,0
D:\\zainab\\forgery-detector\\data\\ela_cache\9504_1.png,1
D:\\zainab\\forgery-detector\\data\\ela_cache\9505_0.png,0
D:\\zainab\\forgery-detector\\data\\ela_cache\9506_1.png,1
D:\\zainab\\forgery-detector\\data\\ela_cache\9507_0.png,0
D:\\zainab\\forgery-detector\\data\\ela_cache\9508_0.png,0
D:\\zainab\\forgery-detector\\data\\ela_cache\9509_0.png,0
D:\\zainab\\forgery-detector\\data\\ela_cache\9510_1.png,1
D:\\zainab\\forgery-detector\\data\\ela_cache\9511_0.png,0
D:\\zainab\\forgery-detector\\data\\ela_cache\9512_1.png,1
D:\\zainab\\forgery-detector\\data\\ela_cache\9513_0.png,0
D:\\zainab\\forgery-detector\\data\\ela_cache\9514_1.png,1
D:\\zainab\\forgery-detector\\data\\ela_cache\9515_0.png,0
D:\\zainab\\forgery-detector\\data\\ela_cache\9516_1.png,1
D:\\zainab\\forgery-detector\\data\\ela_cache\9517_0.png,0
D:\\zainab\\forgery-detector\\data\\ela_cache\9518_1.png,1
D:\\zainab\\forgery-detector\\data\\ela_cache\9519_0.png,0
D:\\zainab\\forgery-detector\\data\\ela_cache\9520_1.png,1
D:\\zainab\\forgery-detector\\data\\ela_cache\9521_1.png,1
D:\\zainab\\forgery-detector\\data\\ela_cache\9522_0.png,0
D:\\zainab\\forgery-detector\\data\\ela_cache\9523_0.png,0
D:\\zainab\\forgery-detector\\data\\ela_cache\9524_0.png,0
D:\\zainab\\forgery-detector\\data\\ela_cache\9525_0.png,0
D:\\zainab\\forgery-detector\\data\\ela_cache\9526_1.png,1
D:\\zainab\\forgery-detector\\data\\ela_cache\9527_1.png,1
D:\\zainab\\forgery-detector\\data\\ela_cache\9528_0.png,0
D:\\zainab\\forgery-detector\\data\\ela_cache\9529_1.png,1
D:\\zainab\\forgery-detector\\data\\ela_cache\9530_0.png,0
D:\\zainab\\forgery-detector\\data\\ela_cache\9531_0.png,0
D:\\zainab\\forgery-detector\\data\\ela_cache\9532_0.png,0
D:\\zainab\\forgery-detector\\data\\ela_cache\9533_1.png,1
D:\\zainab\\forgery-detector\\data\\ela_cache\9534_0.png,0
D:\\zainab\\forgery-detector\\data\\ela_cache\9535_0.png,0
D:\\zainab\\forgery-detector\\data\\ela_cache\9536_1.png,1
D:\\zainab\\forgery-detector\\data\\ela_cache\9537_0.png,0
D:\\zainab\\forgery-detector\\data\\ela_cache\9538_1.png,1
D:\\zainab\\forgery-detector\\data\\ela_cache\9539_1.png,1
D:\\zainab\\forgery-detector\\data\\ela_cache\9540_1.png,1
D:\\zainab\\forgery-detector\\data\\ela_cache\9541_0.png,0
D:\\zainab\\forgery-detector\\data\\ela_cache\9542_1.png,1
D:\\zainab\\forgery-detector\\data\\ela_cache\9543_1.png,1
D:\\zainab\\forgery-detector\\data\\ela_cache\9544_0.png,0
D:\\zainab\\forgery-detector\\data\\ela_cache\9545_0.png,0
D:\\zainab\\forgery-detector\\data\\ela_cache\9546_0.png,0
D:\\zainab\\forgery-detector\\data\\ela_cache\9547_0.png,0
D:\\zainab\\forgery-detector\\data\\ela_cache\9548_0.png,0
D:\\zainab\\forgery-detector\\data\\ela_cache\9549_1.png,1
D:\\zainab\\forgery-detector\\data\\ela_cache\9550_0.png,0
D:\\zainab\\forgery-detector\\data\\ela_cache\9551_0.png,0
D:\\zainab\\forgery-detector\\data\\ela_cache\9552_0.png,0
D:\\zainab\\forgery-detector\\data\\ela_cache\9553_0.png,0
D:\\zainab\\forgery-detector\\data\\ela_cache\9554_1.png,1
D:\\zainab\\forgery-detector\\data\\ela_cache\9555_0.png,0
D:\\zainab\\forgery-detector\\data\\ela_cache\9556_0.png,0
D:\\zainab\\forgery-detector\\data\\ela_cache\9557_0.png,0
D:\\zainab\\forgery-detector\\data\\ela_cache\9558_0.png,0
D:\\zainab\\forgery-detector\\data\\ela_cache\9559_0.png,0
D:\\zainab\\forgery-detector\\data\\ela_cache\9560_1.png,1
D:\\zainab\\forgery-detector\\data\\ela_cache\9561_0.png,0
D:\\zainab\\forgery-detector\\data\\ela_cache\9562_1.png,1
D:\\zainab\\forgery-detector\\data\\ela_cache\9563_1.png,1
D:\\zainab\\forgery-detector\\data\\ela_cache\9564_0.png,0
D:\\zainab\\forgery-detector\\data\\ela_cache\9565_0.png,0
D:\\zainab\\forgery-detector\\data\\ela_cache\9566_0.png,0
D:\\zainab\\forgery-detector\\data\\ela_cache\9567_0.png,0
D:\\zainab\\forgery-detector\\data\\ela_cache\9568_0.png,0
D:\\zainab\\forgery-detector\\data\\ela_cache\9569_0.png,0
D:\\zainab\\forgery-detector\\data\\ela_cache\9570_0.png,0
D:\\zainab\\forgery-detector\\data\\ela_cache\9571_1.png,1
D:\\zainab\\forgery-detector\\data\\ela_cache\9572_1.png,1
D:\\zainab\\forgery-detector\\data\\ela_cache\9573_0.png,0
D:\\zainab\\forgery-detector\\data\\ela_cache\9574_1.png,1
D:\\zainab\\forgery-detector\\data\\ela_cache\9575_1.png,1
D:\\zainab\\forgery-detector\\data\\ela_cache\9576_0.png,0
D:\\zainab\\forgery-detector\\data\\ela_cache\9577_1.png,1
D:\\zainab\\forgery-detector\\data\\ela_cache\9578_1.png,1
D:\\zainab\\forgery-detector\\data\\ela_cache\9579_0.png,0
D:\\zainab\\forgery-detector\\data\\ela_cache\9580_0.png,0
D:\\zainab\\forgery-detector\\data\\ela_cache\9581_0.png,0
D:\\zainab\\forgery-detector\\data\\ela_cache\9582_1.png,1
D:\\zainab\\forgery-detector\\data\\ela_cache\9583_0.png,0
D:\\zainab\\forgery-detector\\data\\ela_cache\9584_1.png,1
D:\\zainab\\forgery-detector\\data\\ela_cache\9585_1.png,1
D:\\zainab\\forgery-detector\\data\\ela_cache\9586_0.png,0
D:\\zainab\\forgery-detector\\data\\ela_cache\9587_1.png,1
D:\\zainab\\forgery-detector\\data\\ela_cache\9588_1.png,1
D:\\zainab\\forgery-detector\\data\\ela_cache\9589_0.png,0
D:\\zainab\\forgery-detector\\data\\ela_cache\9590_0.png,0
D:\\zainab\\forgery-detector\\data\\ela_cache\9591_0.png,0
D:\\zainab\\forgery-detector\\data\\ela_cache\9592_1.png,1
D:\\zainab\\forgery-detector\\data\\ela_cache\9593_1.png,1
D:\\zainab\\forgery-detector\\data\\ela_cache\9594_1.png,1
D:\\zainab\\forgery-detector\\data\\ela_cache\9595_1.png,1
D:\\zainab\\forgery-detector\\data\\ela_cache\9596_1.png,1
D:\\zainab\\forgery-detector\\data\\ela_cache\9597_0.png,0
D:\\zainab\\forgery-detector\\data\\ela_cache\9598_1.png,1
D:\\zainab\\forgery-detector\\data\\ela_cache\9599_0.png,0
D:\\zainab\\forgery-detector\\data\\ela_cache\9600_1.png,1
D:\\zainab\\forgery-detector\\data\\ela_cache\9601_1.png,1
D:\\zainab\\forgery-detector\\data\\ela_cache\9602_0.png,0
D:\\zainab\\forgery-detector\\data\\ela_cache\9603_1.png,1
D:\\zainab\\forgery-detector\\data\\ela_cache\9604_1.png,1
D:\\zainab\\forgery-detector\\data\\ela_cache\9605_1.png,1
D:\\zainab\\forgery-detector\\data\\ela_cache\9606_1.png,1
D:\\zainab\\forgery-detector\\data\\ela_cache\9607_0.png,0
D:\\zainab\\forgery-detector\\data\\ela_cache\9608_1.png,1
D:\\zainab\\forgery-detector\\data\\ela_cache\9609_1.png,1
D:\\zainab\\forgery-detector\\data\\ela_cache\9610_0.png,0
D:\\zainab\\forgery-detector\\data\\ela_cache\9611_0.png,0
D:\\zainab\\forgery-detector\\data\\ela_cache\9612_1.png,1
D:\\zainab\\forgery-detector\\data\\ela_cache\9613_0.png,0
D:\\zainab\\forgery-detector\\data\\ela_cache\9614_1.png,1
D:\\zainab\\forgery-detector\\data\\ela_cache\9615_1.png,1
D:\\zainab\\forgery-detector\\data\\ela_cache\9616_1.png,1
D:\\zainab\\forgery-detector\\data\\ela_cache\9617_0.png,0
D:\\zainab\\forgery-detector\\data\\ela_cache\9618_0.png,0
D:\\zainab\\forgery-detector\\data\\ela_cache\9619_1.png,1
D:\\zainab\\forgery-detector\\data\\ela_cache\9620_1.png,1
D:\\zainab\\forgery-detector\\data\\ela_cache\9621_1.png,1
D:\\zainab\\forgery-detector\\data\\ela_cache\9622_0.png,0
D:\\zainab\\forgery-detector\\data\\ela_cache\9623_0.png,0
D:\\zainab\\forgery-detector\\data\\ela_cache\9624_1.png,1
D:\\zainab\\forgery-detector\\data\\ela_cache\9625_1.png,1
D:\\zainab\\forgery-detector\\data\\ela_cache\9626_1.png,1
D:\\zainab\\forgery-detector\\data\\ela_cache\9627_0.png,0
D:\\zainab\\forgery-detector\\data\\ela_cache\9628_0.png,0
D:\\zainab\\forgery-detector\\data\\ela_cache\9629_1.png,1
D:\\zainab\\forgery-detector\\data\\ela_cache\9630_0.png,0
D:\\zainab\\forgery-detector\\data\\ela_cache\9631_0.png,0
D:\\zainab\\forgery-detector\\data\\ela_cache\9632_0.png,0
D:\\zainab\\forgery-detector\\data\\ela_cache\9633_0.png,0
D:\\zainab\\forgery-detector\\data\\ela_cache\9634_0.png,0
D:\\zainab\\forgery-detector\\data\\ela_cache\9635_0.png,0
D:\\zainab\\forgery-detector\\data\\ela_cache\9636_0.png,0
D:\\zainab\\forgery-detector\\data\\ela_cache\9637_1.png,1
D:\\zainab\\forgery-detector\\data\\ela_cache\9638_0.png,0
D:\\zainab\\forgery-detector\\data\\ela_cache\9639_1.png,1
D:\\zainab\\forgery-detector\\data\\ela_cache\9640_0.png,0
D:\\zainab\\forgery-detector\\data\\ela_cache\9641_0.png,0
D:\\zainab\\forgery-detector\\data\\ela_cache\9642_0.png,0
D:\\zainab\\forgery-detector\\data\\ela_cache\9643_0.png,0
D:\\zainab\\forgery-detector\\data\\ela_cache\9644_1.png,1
D:\\zainab\\forgery-detector\\data\\ela_cache\9645_0.png,0
D:\\zainab\\forgery-detector\\data\\ela_cache\9646_1.png,1
D:\\zainab\\forgery-detector\\data\\ela_cache\9647_0.png,0
D:\\zainab\\forgery-detector\\data\\ela_cache\9648_0.png,0
D:\\zainab\\forgery-detector\\data\\ela_cache\9649_1.png,1
D:\\zainab\\forgery-detector\\data\\ela_cache\9650_0.png,0
D:\\zainab\\forgery-detector\\data\\ela_cache\9651_1.png,1
D:\\zainab\\forgery-detector\\data\\ela_cache\9652_0.png,0
D:\\zainab\\forgery-detector\\data\\ela_cache\9653_0.png,0
D:\\zainab\\forgery-detector\\data\\ela_cache\9654_0.png,0
D:\\zainab\\forgery-detector\\data\\ela_cache\9655_0.png,0
D:\\zainab\\forgery-detector\\data\\ela_cache\9656_0.png,0
D:\\zainab\\forgery-detector\\data\\ela_cache\9657_0.png,0
D:\\zainab\\forgery-detector\\data\\ela_cache\9658_0.png,0
D:\\zainab\\forgery-detector\\data\\ela_cache\9659_1.png,1
D:\\zainab\\forgery-detector\\data\\ela_cache\9660_1.png,1
D:\\zainab\\forgery-detector\\data\\ela_cache\9661_0.png,0
D:\\zainab\\forgery-detector\\data\\ela_cache\9662_1.png,1
D:\\zainab\\forgery-detector\\data\\ela_cache\9663_0.png,0
D:\\zainab\\forgery-detector\\data\\ela_cache\9664_1.png,1
D:\\zainab\\forgery-detector\\data\\ela_cache\9665_0.png,0
D:\\zainab\\forgery-detector\\data\\ela_cache\9666_0.png,0
D:\\zainab\\forgery-detector\\data\\ela_cache\9667_1.png,1
D:\\zainab\\forgery-detector\\data\\ela_cache\9668_0.png,0
D:\\zainab\\forgery-detector\\data\\ela_cache\9669_1.png,1
D:\\zainab\\forgery-detector\\data\\ela_cache\9670_0.png,0
D:\\zainab\\forgery-detector\\data\\ela_cache\9671_0.png,0
D:\\zainab\\forgery-detector\\data\\ela_cache\9672_0.png,0
D:\\zainab\\forgery-detector\\data\\ela_cache\9673_1.png,1
D:\\zainab\\forgery-detector\\data\\ela_cache\9674_1.png,1
D:\\zainab\\forgery-detector\\data\\ela_cache\9675_1.png,1
D:\\zainab\\forgery-detector\\data\\ela_cache\9676_0.png,0
D:\\zainab\\forgery-detector\\data\\ela_cache\9677_0.png,0
D:\\zainab\\forgery-detector\\data\\ela_cache\9678_1.png,1
D:\\zainab\\forgery-detector\\data\\ela_cache\9679_0.png,0
D:\\zainab\\forgery-detector\\data\\ela_cache\9680_1.png,1
D:\\zainab\\forgery-detector\\data\\ela_cache\9681_0.png,0
D:\\zainab\\forgery-detector\\data\\ela_cache\9682_0.png,0
D:\\zainab\\forgery-detector\\data\\ela_cache\9683_1.png,1
D:\\zainab\\forgery-detector\\data\\ela_cache\9684_1.png,1
D:\\zainab\\forgery-detector\\data\\ela_cache\9685_0.png,0
D:\\zainab\\forgery-detector\\data\\ela_cache\9686_0.png,0
D:\\zainab\\forgery-detector\\data\\ela_cache\9687_1.png,1
D:\\zainab\\forgery-detector\\data\\ela_cache\9688_1.png,1
D:\\zainab\\forgery-detector\\data\\ela_cache\9689_1.png,1
D:\\zainab\\forgery-detector\\data\\ela_cache\9690_0.png,0
D:\\zainab\\forgery-detector\\data\\ela_cache\9691_0.png,0
D:\\zainab\\forgery-detector\\data\\ela_cache\9692_0.png,0
D:\\zainab\\forgery-detector\\data\\ela_cache\9693_1.png,1
D:\\zainab\\forgery-detector\\data\\ela_cache\9694_1.png,1
D:\\zainab\\forgery-detector\\data\\ela_cache\9695_0.png,0
D:\\zainab\\forgery-detector\\data\\ela_cache\9696_1.png,1
D:\\zainab\\forgery-detector\\data\\ela_cache\9697_1.png,1
D:\\zainab\\forgery-detector\\data\\ela_cache\9698_0.png,0
D:\\zainab\\forgery-detector\\data\\ela_cache\9699_1.png,1
D:\\zainab\\forgery-detector\\data\\ela_cache\9700_1.png,1
D:\\zainab\\forgery-detector\\data\\ela_cache\9701_1.png,1
D:\\zainab\\forgery-detector\\data\\ela_cache\9702_1.png,1
D:\\zainab\\forgery-detector\\data\\ela_cache\9703_0.png,0
D:\\zainab\\forgery-detector\\data\\ela_cache\9704_1.png,1
D:\\zainab\\forgery-detector\\data\\ela_cache\9705_0.png,0
D:\\zainab\\forgery-detector\\data\\ela_cache\9706_1.png,1
D:\\zainab\\forgery-detector\\data\\ela_cache\9707_0.png,0
D:\\zainab\\forgery-detector\\data\\ela_cache\9708_0.png,0
D:\\zainab\\forgery-detector\\data\\ela_cache\9709_1.png,1
D:\\zainab\\forgery-detector\\data\\ela_cache\9710_0.png,0
D:\\zainab\\forgery-detector\\data\\ela_cache\9711_1.png,1
D:\\zainab\\forgery-detector\\data\\ela_cache\9712_0.png,0
D:\\zainab\\forgery-detector\\data\\ela_cache\9713_1.png,1
D:\\zainab\\forgery-detector\\data\\ela_cache\9714_0.png,0
D:\\zainab\\forgery-detector\\data\\ela_cache\9715_1.png,1
D:\\zainab\\forgery-detector\\data\\ela_cache\9716_0.png,0
D:\\zainab\\forgery-detector\\data\\ela_cache\9717_0.png,0
D:\\zainab\\forgery-detector\\data\\ela_cache\9718_0.png,0
D:\\zainab\\forgery-detector\\data\\ela_cache\9719_0.png,0
D:\\zainab\\forgery-detector\\data\\ela_cache\9720_0.png,0
D:\\zainab\\forgery-detector\\data\\ela_cache\9721_1.png,1
D:\\zainab\\forgery-detector\\data\\ela_cache\9722_0.png,0
D:\\zainab\\forgery-detector\\data\\ela_cache\9723_0.png,0
D:\\zainab\\forgery-detector\\data\\ela_cache\9724_0.png,0
D:\\zainab\\forgery-detector\\data\\ela_cache\9725_0.png,0
D:\\zainab\\forgery-detector\\data\\ela_cache\9726_0.png,0
D:\\zainab\\forgery-detector\\data\\ela_cache\9727_0.png,0
D:\\zainab\\forgery-detector\\data\\ela_cache\9728_0.png,0
D:\\zainab\\forgery-detector\\data\\ela_cache\9729_1.png,1
D:\\zainab\\forgery-detector\\data\\ela_cache\9730_0.png,0
D:\\zainab\\forgery-detector\\data\\ela_cache\9731_0.png,0
D:\\zainab\\forgery-detector\\data\\ela_cache\9732_0.png,0
D:\\zainab\\forgery-detector\\data\\ela_cache\9733_0.png,0
D:\\zainab\\forgery-detector\\data\\ela_cache\9734_1.png,1
D:\\zainab\\forgery-detector\\data\\ela_cache\9735_0.png,0
D:\\zainab\\forgery-detector\\data\\ela_cache\9736_0.png,0
D:\\zainab\\forgery-detector\\data\\ela_cache\9737_0.png,0
D:\\zainab\\forgery-detector\\data\\ela_cache\9738_0.png,0
D:\\zainab\\forgery-detector\\data\\ela_cache\9739_0.png,0
D:\\zainab\\forgery-detector\\data\\ela_cache\9740_0.png,0
D:\\zainab\\forgery-detector\\data\\ela_cache\9741_1.png,1
D:\\zainab\\forgery-detector\\data\\ela_cache\9742_0.png,0
D:\\zainab\\forgery-detector\\data\\ela_cache\9743_0.png,0
D:\\zainab\\forgery-detector\\data\\ela_cache\9744_0.png,0
D:\\zainab\\forgery-detector\\data\\ela_cache\9745_1.png,1
D:\\zainab\\forgery-detector\\data\\ela_cache\9746_0.png,0
D:\\zainab\\forgery-detector\\data\\ela_cache\9747_0.png,0
D:\\zainab\\forgery-detector\\data\\ela_cache\9748_0.png,0
D:\\zainab\\forgery-detector\\data\\ela_cache\9749_1.png,1
D:\\zainab\\forgery-detector\\data\\ela_cache\9750_0.png,0
D:\\zainab\\forgery-detector\\data\\ela_cache\9751_0.png,0
D:\\zainab\\forgery-detector\\data\\ela_cache\9752_0.png,0
D:\\zainab\\forgery-detector\\data\\ela_cache\9753_1.png,1
D:\\zainab\\forgery-detector\\data\\ela_cache\9754_1.png,1
D:\\zainab\\forgery-detector\\data\\ela_cache\9755_0.png,0
D:\\zainab\\forgery-detector\\data\\ela_cache\9756_0.png,0
D:\\zainab\\forgery-detector\\data\\ela_cache\9757_0.png,0
D:\\zainab\\forgery-detector\\data\\ela_cache\9758_1.png,1
D:\\zainab\\forgery-detector\\data\\ela_cache\9759_0.png,0
D:\\zainab\\forgery-detector\\data\\ela_cache\9760_0.png,0
D:\\zainab\\forgery-detector\\data\\ela_cache\9761_1.png,1
D:\\zainab\\forgery-detector\\data\\ela_cache\9762_1.png,1
D:\\zainab\\forgery-detector\\data\\ela_cache\9763_0.png,0
D:\\zainab\\forgery-detector\\data\\ela_cache\9764_0.png,0
D:\\zainab\\forgery-detector\\data\\ela_cache\9765_0.png,0
D:\\zainab\\forgery-detector\\data\\ela_cache\9766_1.png,1
D:\\zainab\\forgery-detector\\data\\ela_cache\9767_0.png,0
D:\\zainab\\forgery-detector\\data\\ela_cache\9768_1.png,1
D:\\zainab\\forgery-detector\\data\\ela_cache\9769_0.png,0
D:\\zainab\\forgery-detector\\data\\ela_cache\9770_0.png,0
D:\\zainab\\forgery-detector\\data\\ela_cache\9771_1.png,1
D:\\zainab\\forgery-detector\\data\\ela_cache\9772_0.png,0
D:\\zainab\\forgery-detector\\data\\ela_cache\9773_0.png,0
D:\\zainab\\forgery-detector\\data\\ela_cache\9774_1.png,1
D:\\zainab\\forgery-detector\\data\\ela_cache\9775_1.png,1
D:\\zainab\\forgery-detector\\data\\ela_cache\9776_0.png,0
D:\\zainab\\forgery-detector\\data\\ela_cache\9777_0.png,0
D:\\zainab\\forgery-detector\\data\\ela_cache\9778_1.png,1
D:\\zainab\\forgery-detector\\data\\ela_cache\9779_0.png,0
D:\\zainab\\forgery-detector\\data\\ela_cache\9780_1.png,1
D:\\zainab\\forgery-detector\\data\\ela_cache\9781_0.png,0
D:\\zainab\\forgery-detector\\data\\ela_cache\9782_0.png,0
D:\\zainab\\forgery-detector\\data\\ela_cache\9783_0.png,0
D:\\zainab\\forgery-detector\\data\\ela_cache\9784_0.png,0
D:\\zainab\\forgery-detector\\data\\ela_cache\9785_1.png,1
D:\\zainab\\forgery-detector\\data\\ela_cache\9786_1.png,1
D:\\zainab\\forgery-detector\\data\\ela_cache\9787_0.png,0
D:\\zainab\\forgery-detector\\data\\ela_cache\9788_0.png,0
D:\\zainab\\forgery-detector\\data\\ela_cache\9789_1.png,1
D:\\zainab\\forgery-detector\\data\\ela_cache\9790_0.png,0
D:\\zainab\\forgery-detector\\data\\ela_cache\9791_0.png,0
D:\\zainab\\forgery-detector\\data\\ela_cache\9792_0.png,0
D:\\zainab\\forgery-detector\\data\\ela_cache\9793_0.png,0
D:\\zainab\\forgery-detector\\data\\ela_cache\9794_1.png,1
D:\\zainab\\forgery-detector\\data\\ela_cache\9795_1.png,1
D:\\zainab\\forgery-detector\\data\\ela_cache\9796_1.png,1
D:\\zainab\\forgery-detector\\data\\ela_cache\9797_0.png,0
D:\\zainab\\forgery-detector\\data\\ela_cache\9798_0.png,0
D:\\zainab\\forgery-detector\\data\\ela_cache\9799_0.png,0
D:\\zainab\\forgery-detector\\data\\ela_cache\9800_0.png,0
D:\\zainab\\forgery-detector\\data\\ela_cache\9801_0.png,0
D:\\zainab\\forgery-detector\\data\\ela_cache\9802_0.png,0
D:\\zainab\\forgery-detector\\data\\ela_cache\9803_0.png,0
D:\\zainab\\forgery-detector\\data\\ela_cache\9804_1.png,1
D:\\zainab\\forgery-detector\\data\\ela_cache\9805_0.png,0
D:\\zainab\\forgery-detector\\data\\ela_cache\9806_0.png,0
D:\\zainab\\forgery-detector\\data\\ela_cache\9807_0.png,0
D:\\zainab\\forgery-detector\\data\\ela_cache\9808_0.png,0
D:\\zainab\\forgery-detector\\data\\ela_cache\9809_0.png,0
D:\\zainab\\forgery-detector\\data\\ela_cache\9810_1.png,1
D:\\zainab\\forgery-detector\\data\\ela_cache\9811_0.png,0
D:\\zainab\\forgery-detector\\data\\ela_cache\9812_1.png,1
D:\\zainab\\forgery-detector\\data\\ela_cache\9813_0.png,0
D:\\zainab\\forgery-detector\\data\\ela_cache\9814_0.png,0
D:\\zainab\\forgery-detector\\data\\ela_cache\9815_0.png,0
D:\\zainab\\forgery-detector\\data\\ela_cache\9816_1.png,1
D:\\zainab\\forgery-detector\\data\\ela_cache\9817_1.png,1
D:\\zainab\\forgery-detector\\data\\ela_cache\9818_0.png,0
D:\\zainab\\forgery-detector\\data\\ela_cache\9819_0.png,0
D:\\zainab\\forgery-detector\\data\\ela_cache\9820_1.png,1
D:\\zainab\\forgery-detector\\data\\ela_cache\9821_1.png,1
D:\\zainab\\forgery-detector\\data\\ela_cache\9822_0.png,0
D:\\zainab\\forgery-detector\\data\\ela_cache\9823_1.png,1
D:\\zainab\\forgery-detector\\data\\ela_cache\9824_0.png,0
D:\\zainab\\forgery-detector\\data\\ela_cache\9825_1.png,1
D:\\zainab\\forgery-detector\\data\\ela_cache\9826_0.png,0
D:\\zainab\\forgery-detector\\data\\ela_cache\9827_0.png,0
D:\\zainab\\forgery-detector\\data\\ela_cache\9828_1.png,1
D:\\zainab\\forgery-detector\\data\\ela_cache\9829_0.png,0
D:\\zainab\\forgery-detector\\data\\ela_cache\9830_0.png,0
D:\\zainab\\forgery-detector\\data\\ela_cache\9831_0.png,0
D:\\zainab\\forgery-detector\\data\\ela_cache\9832_0.png,0
D:\\zainab\\forgery-detector\\data\\ela_cache\9833_1.png,1
D:\\zainab\\forgery-detector\\data\\ela_cache\9834_1.png,1
D:\\zainab\\forgery-detector\\data\\ela_cache\9835_1.png,1
D:\\zainab\\forgery-detector\\data\\ela_cache\9836_1.png,1
D:\\zainab\\forgery-detector\\data\\ela_cache\9837_1.png,1
D:\\zainab\\forgery-detector\\data\\ela_cache\9838_0.png,0
D:\\zainab\\forgery-detector\\data\\ela_cache\9839_0.png,0
D:\\zainab\\forgery-detector\\data\\ela_cache\9840_1.png,1
D:\\zainab\\forgery-detector\\data\\ela_cache\9841_1.png,1
D:\\zainab\\forgery-detector\\data\\ela_cache\9842_1.png,1
D:\\zainab\\forgery-detector\\data\\ela_cache\9843_1.png,1
D:\\zainab\\forgery-detector\\data\\ela_cache\9844_1.png,1
D:\\zainab\\forgery-detector\\data\\ela_cache\9845_1.png,1
D:\\zainab\\forgery-detector\\data\\ela_cache\9846_0.png,0
D:\\zainab\\forgery-detector\\data\\ela_cache\9847_0.png,0
D:\\zainab\\forgery-detector\\data\\ela_cache\9848_1.png,1
D:\\zainab\\forgery-detector\\data\\ela_cache\9849_0.png,0
D:\\zainab\\forgery-detector\\data\\ela_cache\9850_0.png,0
D:\\zainab\\forgery-detector\\data\\ela_cache\9851_1.png,1
D:\\zainab\\forgery-detector\\data\\ela_cache\9852_1.png,1
D:\\zainab\\forgery-detector\\data\\ela_cache\9853_0.png,0
D:\\zainab\\forgery-detector\\data\\ela_cache\9854_0.png,0
D:\\zainab\\forgery-detector\\data\\ela_cache\9855_1.png,1
D:\\zainab\\forgery-detector\\data\\ela_cache\9856_1.png,1
D:\\zainab\\forgery-detector\\data\\ela_cache\9857_0.png,0
D:\\zainab\\forgery-detector\\data\\ela_cache\9858_0.png,0
D:\\zainab\\forgery-detector\\data\\ela_cache\9859_0.png,0
D:\\zainab\\forgery-detector\\data\\ela_cache\9860_1.png,1
D:\\zainab\\forgery-detector\\data\\ela_cache\9861_1.png,1
D:\\zainab\\forgery-detector\\data\\ela_cache\9862_0.png,0
D:\\zainab\\forgery-detector\\data\\ela_cache\9863_0.png,0
D:\\zainab\\forgery-detector\\data\\ela_cache\9864_0.png,0
D:\\zainab\\forgery-detector\\data\\ela_cache\9865_1.png,1
D:\\zainab\\forgery-detector\\data\\ela_cache\9866_1.png,1
D:\\zainab\\forgery-detector\\data\\ela_cache\9867_0.png,0
D:\\zainab\\forgery-detector\\data\\ela_cache\9868_1.png,1
D:\\zainab\\forgery-detector\\data\\ela_cache\9869_0.png,0
D:\\zainab\\forgery-detector\\data\\ela_cache\9870_0.png,0
D:\\zainab\\forgery-detector\\data\\ela_cache\9871_1.png,1
D:\\zainab\\forgery-detector\\data\\ela_cache\9872_1.png,1
D:\\zainab\\forgery-detector\\data\\ela_cache\9873_1.png,1
D:\\zainab\\forgery-detector\\data\\ela_cache\9874_0.png,0
D:\\zainab\\forgery-detector\\data\\ela_cache\9875_1.png,1
D:\\zainab\\forgery-detector\\data\\ela_cache\9876_1.png,1
D:\\zainab\\forgery-detector\\data\\ela_cache\9877_0.png,0
D:\\zainab\\forgery-detector\\data\\ela_cache\9878_1.png,1
D:\\zainab\\forgery-detector\\data\\ela_cache\9879_1.png,1
D:\\zainab\\forgery-detector\\data\\ela_cache\9880_1.png,1
D:\\zainab\\forgery-detector\\data\\ela_cache\9881_0.png,0
D:\\zainab\\forgery-detector\\data\\ela_cache\9882_0.png,0
D:\\zainab\\forgery-detector\\data\\ela_cache\9883_1.png,1
D:\\zainab\\forgery-detector\\data\\ela_cache\9884_0.png,0
D:\\zainab\\forgery-detector\\data\\ela_cache\9885_1.png,1
D:\\zainab\\forgery-detector\\data\\ela_cache\9886_0.png,0
D:\\zainab\\forgery-detector\\data\\ela_cache\9887_1.png,1
D:\\zainab\\forgery-detector\\data\\ela_cache\9888_1.png,1
D:\\zainab\\forgery-detector\\data\\ela_cache\9889_0.png,0
D:\\zainab\\forgery-detector\\data\\ela_cache\9890_1.png,1
D:\\zainab\\forgery-detector\\data\\ela_cache\9891_0.png,0
D:\\zainab\\forgery-detector\\data\\ela_cache\9892_0.png,0
D:\\zainab\\forgery-detector\\data\\ela_cache\9893_0.png,0
D:\\zainab\\forgery-detector\\data\\ela_cache\9894_0.png,0
D:\\zainab\\forgery-detector\\data\\ela_cache\9895_1.png,1
D:\\zainab\\forgery-detector\\data\\ela_cache\9896_0.png,0
D:\\zainab\\forgery-detector\\data\\ela_cache\9897_0.png,0
D:\\zainab\\forgery-detector\\data\\ela_cache\9898_0.png,0
D:\\zainab\\forgery-detector\\data\\ela_cache\9899_1.png,1
D:\\zainab\\forgery-detector\\data\\ela_cache\9900_0.png,0
D:\\zainab\\forgery-detector\\data\\ela_cache\9901_1.png,1
D:\\zainab\\forgery-detector\\data\\ela_cache\9902_1.png,1
D:\\zainab\\forgery-detector\\data\\ela_cache\9903_0.png,0
D:\\zainab\\forgery-detector\\data\\ela_cache\9904_1.png,1
D:\\zainab\\forgery-detector\\data\\ela_cache\9905_0.png,0
D:\\zainab\\forgery-detector\\data\\ela_cache\9906_1.png,1
D:\\zainab\\forgery-detector\\data\\ela_cache\9907_0.png,0
D:\\zainab\\forgery-detector\\data\\ela_cache\9908_1.png,1
D:\\zainab\\forgery-detector\\data\\ela_cache\9909_1.png,1
D:\\zainab\\forgery-detector\\data\\ela_cache\9910_1.png,1
D:\\zainab\\forgery-detector\\data\\ela_cache\9911_0.png,0
D:\\zainab\\forgery-detector\\data\\ela_cache\9912_1.png,1
D:\\zainab\\forgery-detector\\data\\ela_cache\9913_0.png,0
D:\\zainab\\forgery-detector\\data\\ela_cache\9914_1.png,1
D:\\zainab\\forgery-detector\\data\\ela_cache\9915_0.png,0
D:\\zainab\\forgery-detector\\data\\ela_cache\9916_1.png,1
D:\\zainab\\forgery-detector\\data\\ela_cache\9917_1.png,1
D:\\zainab\\forgery-detector\\data\\ela_cache\9918_0.png,0
D:\\zainab\\forgery-detector\\data\\ela_cache\9919_1.png,1
D:\\zainab\\forgery-detector\\data\\ela_cache\9920_0.png,0
D:\\zainab\\forgery-detector\\data\\ela_cache\9921_1.png,1
D:\\zainab\\forgery-detector\\data\\ela_cache\9922_0.png,0
D:\\zainab\\forgery-detector\\data\\ela_cache\9923_1.png,1
D:\\zainab\\forgery-detector\\data\\ela_cache\9924_0.png,0
D:\\zainab\\forgery-detector\\data\\ela_cache\9925_0.png,0
D:\\zainab\\forgery-detector\\data\\ela_cache\9926_1.png,1
D:\\zainab\\forgery-detector\\data\\ela_cache\9927_0.png,0
D:\\zainab\\forgery-detector\\data\\ela_cache\9928_0.png,0
D:\\zainab\\forgery-detector\\data\\ela_cache\9929_0.png,0
D:\\zainab\\forgery-detector\\data\\ela_cache\9930_0.png,0
D:\\zainab\\forgery-detector\\data\\ela_cache\9931_1.png,1
D:\\zainab\\forgery-detector\\data\\ela_cache\9932_1.png,1
D:\\zainab\\forgery-detector\\data\\ela_cache\9933_0.png,0
D:\\zainab\\forgery-detector\\data\\ela_cache\9934_1.png,1
D:\\zainab\\forgery-detector\\data\\ela_cache\9935_0.png,0
D:\\zainab\\forgery-detector\\data\\ela_cache\9936_1.png,1
D:\\zainab\\forgery-detector\\data\\ela_cache\9937_1.png,1
D:\\zainab\\forgery-detector\\data\\ela_cache\9938_0.png,0
D:\\zainab\\forgery-detector\\data\\ela_cache\9939_0.png,0
D:\\zainab\\forgery-detector\\data\\ela_cache\9940_0.png,0
D:\\zainab\\forgery-detector\\data\\ela_cache\9941_1.png,1
D:\\zainab\\forgery-detector\\data\\ela_cache\9942_0.png,0
D:\\zainab\\forgery-detector\\data\\ela_cache\9943_1.png,1
D:\\zainab\\forgery-detector\\data\\ela_cache\9944_0.png,0
D:\\zainab\\forgery-detector\\data\\ela_cache\9945_0.png,0
D:\\zainab\\forgery-detector\\data\\ela_cache\9946_0.png,0
D:\\zainab\\forgery-detector\\data\\ela_cache\9947_0.png,0
D:\\zainab\\forgery-detector\\data\\ela_cache\9948_0.png,0
D:\\zainab\\forgery-detector\\data\\ela_cache\9949_0.png,0
D:\\zainab\\forgery-detector\\data\\ela_cache\9950_1.png,1
D:\\zainab\\forgery-detector\\data\\ela_cache\9951_1.png,1
D:\\zainab\\forgery-detector\\data\\ela_cache\9952_1.png,1
D:\\zainab\\forgery-detector\\data\\ela_cache\9953_0.png,0
D:\\zainab\\forgery-detector\\data\\ela_cache\9954_0.png,0
D:\\zainab\\forgery-detector\\data\\ela_cache\9955_0.png,0
D:\\zainab\\forgery-detector\\data\\ela_cache\9956_0.png,0
D:\\zainab\\forgery-detector\\data\\ela_cache\9957_1.png,1
D:\\zainab\\forgery-detector\\data\\ela_cache\9958_0.png,0
D:\\zainab\\forgery-detector\\data\\ela_cache\9959_1.png,1
D:\\zainab\\forgery-detector\\data\\ela_cache\9960_0.png,0
D:\\zainab\\forgery-detector\\data\\ela_cache\9961_0.png,0
D:\\zainab\\forgery-detector\\data\\ela_cache\9962_0.png,0
D:\\zainab\\forgery-detector\\data\\ela_cache\9963_0.png,0
D:\\zainab\\forgery-detector\\data\\ela_cache\9964_1.png,1
D:\\zainab\\forgery-detector\\data\\ela_cache\9965_0.png,0
D:\\zainab\\forgery-detector\\data\\ela_cache\9966_1.png,1
D:\\zainab\\forgery-detector\\data\\ela_cache\9967_0.png,0
D:\\zainab\\forgery-detector\\data\\ela_cache\9968_1.png,1
D:\\zainab\\forgery-detector\\data\\ela_cache\9969_0.png,0
D:\\zainab\\forgery-detector\\data\\ela_cache\9970_1.png,1
D:\\zainab\\forgery-detector\\data\\ela_cache\9971_1.png,1
D:\\zainab\\forgery-detector\\data\\ela_cache\9972_0.png,0
D:\\zainab\\forgery-detector\\data\\ela_cache\9973_0.png,0
D:\\zainab\\forgery-detector\\data\\ela_cache\9974_1.png,1
D:\\zainab\\forgery-detector\\data\\ela_cache\9975_1.png,1
D:\\zainab\\forgery-detector\\data\\ela_cache\9976_0.png,0
D:\\zainab\\forgery-detector\\data\\ela_cache\9977_0.png,0
D:\\zainab\\forgery-detector\\data\\ela_cache\9978_0.png,0
D:\\zainab\\forgery-detector\\data\\ela_cache\9979_0.png,0
D:\\zainab\\forgery-detector\\data\\ela_cache\9980_0.png,0
D:\\zainab\\forgery-detector\\data\\ela_cache\9981_1.png,1
D:\\zainab\\forgery-detector\\data\\ela_cache\9982_0.png,0
D:\\zainab\\forgery-detector\\data\\ela_cache\9983_0.png,0
D:\\zainab\\forgery-detector\\data\\ela_cache\9984_0.png,0
D:\\zainab\\forgery-detector\\data\\ela_cache\9985_1.png,1
D:\\zainab\\forgery-detector\\data\\ela_cache\9986_0.png,0
D:\\zainab\\forgery-detector\\data\\ela_cache\9987_1.png,1
D:\\zainab\\forgery-detector\\data\\ela_cache\9988_1.png,1
D:\\zainab\\forgery-detector\\data\\ela_cache\9989_1.png,1
D:\\zainab\\forgery-detector\\data\\ela_cache\9990_0.png,0
D:\\zainab\\forgery-detector\\data\\ela_cache\9991_1.png,1
D:\\zainab\\forgery-detector\\data\\ela_cache\9992_1.png,1
D:\\zainab\\forgery-detector\\data\\ela_cache\9993_0.png,0
D:\\zainab\\forgery-detector\\data\\ela_cache\9994_1.png,1
D:\\zainab\\forgery-detector\\data\\ela_cache\9995_0.png,0
D:\\zainab\\forgery-detector\\data\\ela_cache\9996_0.png,0
D:\\zainab\\forgery-detector\\data\\ela_cache\9997_1.png,1
D:\\zainab\\forgery-detector\\data\\ela_cache\9998_0.png,0
D:\\zainab\\forgery-detector\\data\\ela_cache\9999_1.png,1
D:\\zainab\\forgery-detector\\data\\ela_cache\10000_0.png,0
D:\\zainab\\forgery-detector\\data\\ela_cache\10001_1.png,1
D:\\zainab\\forgery-detector\\data\\ela_cache\10002_0.png,0
D:\\zainab\\forgery-detector\\data\\ela_cache\10003_0.png,0
D:\\zainab\\forgery-detector\\data\\ela_cache\10004_0.png,0
D:\\zainab\\forgery-detector\\data\\ela_cache\10005_0.png,0
D:\\zainab\\forgery-detector\\data\\ela_cache\10006_0.png,0
D:\\zainab\\forgery-detector\\data\\ela_cache\10007_0.png,0
D:\\zainab\\forgery-detector\\data\\ela_cache\10008_1.png,1
D:\\zainab\\forgery-detector\\data\\ela_cache\10009_1.png,1
D:\\zainab\\forgery-detector\\data\\ela_cache\10010_0.png,0
D:\\zainab\\forgery-detector\\data\\ela_cache\10011_0.png,0
D:\\zainab\\forgery-detector\\data\\ela_cache\10012_0.png,0
D:\\zainab\\forgery-detector\\data\\ela_cache\10013_1.png,1
D:\\zainab\\forgery-detector\\data\\ela_cache\10014_0.png,0
D:\\zainab\\forgery-detector\\data\\ela_cache\10015_0.png,0
D:\\zainab\\forgery-detector\\data\\ela_cache\10016_1.png,1
D:\\zainab\\forgery-detector\\data\\ela_cache\10017_1.png,1
D:\\zainab\\forgery-detector\\data\\ela_cache\10018_0.png,0
D:\\zainab\\forgery-detector\\data\\ela_cache\10019_0.png,0
D:\\zainab\\forgery-detector\\data\\ela_cache\10020_0.png,0
D:\\zainab\\forgery-detector\\data\\ela_cache\10021_0.png,0
D:\\zainab\\forgery-detector\\data\\ela_cache\10022_1.png,1
D:\\zainab\\forgery-detector\\data\\ela_cache\10023_1.png,1
D:\\zainab\\forgery-detector\\data\\ela_cache\10024_1.png,1
D:\\zainab\\forgery-detector\\data\\ela_cache\10025_1.png,1
D:\\zainab\\forgery-detector\\data\\ela_cache\10026_1.png,1
D:\\zainab\\forgery-detector\\data\\ela_cache\10027_0.png,0
D:\\zainab\\forgery-detector\\data\\ela_cache\10028_0.png,0
D:\\zainab\\forgery-detector\\data\\ela_cache\10029_1.png,1
D:\\zainab\\forgery-detector\\data\\ela_cache\10030_1.png,1
D:\\zainab\\forgery-detector\\data\\ela_cache\10031_0.png,0
D:\\zainab\\forgery-detector\\data\\ela_cache\10032_1.png,1
D:\\zainab\\forgery-detector\\data\\ela_cache\10033_1.png,1
D:\\zainab\\forgery-detector\\data\\ela_cache\10034_1.png,1
D:\\zainab\\forgery-detector\\data\\ela_cache\10035_0.png,0
D:\\zainab\\forgery-detector\\data\\ela_cache\10036_1.png,1
D:\\zainab\\forgery-detector\\data\\ela_cache\10037_0.png,0
D:\\zainab\\forgery-detector\\data\\ela_cache\10038_1.png,1
D:\\zainab\\forgery-detector\\data\\ela_cache\10039_0.png,0
D:\\zainab\\forgery-detector\\data\\ela_cache\10040_0.png,0
D:\\zainab\\forgery-detector\\data\\ela_cache\10041_0.png,0
D:\\zainab\\forgery-detector\\data\\ela_cache\10042_0.png,0
D:\\zainab\\forgery-detector\\data\\ela_cache\10043_0.png,0
D:\\zainab\\forgery-detector\\data\\ela_cache\10044_0.png,0
D:\\zainab\\forgery-detector\\data\\ela_cache\10045_0.png,0
D:\\zainab\\forgery-detector\\data\\ela_cache\10046_0.png,0
D:\\zainab\\forgery-detector\\data\\ela_cache\10047_0.png,0
D:\\zainab\\forgery-detector\\data\\ela_cache\10048_0.png,0
D:\\zainab\\forgery-detector\\data\\ela_cache\10049_1.png,1
D:\\zainab\\forgery-detector\\data\\ela_cache\10050_1.png,1
D:\\zainab\\forgery-detector\\data\\ela_cache\10051_0.png,0
D:\\zainab\\forgery-detector\\data\\ela_cache\10052_1.png,1
D:\\zainab\\forgery-detector\\data\\ela_cache\10053_1.png,1
D:\\zainab\\forgery-detector\\data\\ela_cache\10054_0.png,0
D:\\zainab\\forgery-detector\\data\\ela_cache\10055_1.png,1
D:\\zainab\\forgery-detector\\data\\ela_cache\10056_1.png,1
D:\\zainab\\forgery-detector\\data\\ela_cache\10057_0.png,0
D:\\zainab\\forgery-detector\\data\\ela_cache\10058_1.png,1
D:\\zainab\\forgery-detector\\data\\ela_cache\10059_0.png,0
D:\\zainab\\forgery-detector\\data\\ela_cache\10060_0.png,0
D:\\zainab\\forgery-detector\\data\\ela_cache\10061_1.png,1
D:\\zainab\\forgery-detector\\data\\ela_cache\10062_0.png,0
D:\\zainab\\forgery-detector\\data\\ela_cache\10063_0.png,0
D:\\zainab\\forgery-detector\\data\\ela_cache\10064_1.png,1
D:\\zainab\\forgery-detector\\data\\ela_cache\10065_1.png,1
D:\\zainab\\forgery-detector\\data\\ela_cache\10066_0.png,0
D:\\zainab\\forgery-detector\\data\\ela_cache\10067_1.png,1
D:\\zainab\\forgery-detector\\data\\ela_cache\10068_1.png,1
D:\\zainab\\forgery-detector\\data\\ela_cache\10069_1.png,1
D:\\zainab\\forgery-detector\\data\\ela_cache\10070_0.png,0
D:\\zainab\\forgery-detector\\data\\ela_cache\10071_0.png,0
D:\\zainab\\forgery-detector\\data\\ela_cache\10072_1.png,1
D:\\zainab\\forgery-detector\\data\\ela_cache\10073_1.png,1
D:\\zainab\\forgery-detector\\data\\ela_cache\10074_0.png,0
D:\\zainab\\forgery-detector\\data\\ela_cache\10075_1.png,1
D:\\zainab\\forgery-detector\\data\\ela_cache\10076_0.png,0
D:\\zainab\\forgery-detector\\data\\ela_cache\10077_0.png,0
D:\\zainab\\forgery-detector\\data\\ela_cache\10078_1.png,1
D:\\zainab\\forgery-detector\\data\\ela_cache\10079_0.png,0
D:\\zainab\\forgery-detector\\data\\ela_cache\10080_1.png,1
D:\\zainab\\forgery-detector\\data\\ela_cache\10081_0.png,0
D:\\zainab\\forgery-detector\\data\\ela_cache\10082_1.png,1
D:\\zainab\\forgery-detector\\data\\ela_cache\10083_1.png,1
D:\\zainab\\forgery-detector\\data\\ela_cache\10084_1.png,1
D:\\zainab\\forgery-detector\\data\\ela_cache\10085_0.png,0
D:\\zainab\\forgery-detector\\data\\ela_cache\10086_0.png,0
D:\\zainab\\forgery-detector\\data\\ela_cache\10087_0.png,0
D:\\zainab\\forgery-detector\\data\\ela_cache\10088_1.png,1
D:\\zainab\\forgery-detector\\data\\ela_cache\10089_0.png,0
D:\\zainab\\forgery-detector\\data\\ela_cache\10090_1.png,1
D:\\zainab\\forgery-detector\\data\\ela_cache\10091_0.png,0
D:\\zainab\\forgery-detector\\data\\ela_cache\10092_0.png,0
D:\\zainab\\forgery-detector\\data\\ela_cache\10093_1.png,1
D:\\zainab\\forgery-detector\\data\\ela_cache\10094_1.png,1
D:\\zainab\\forgery-detector\\data\\ela_cache\10095_1.png,1
D:\\zainab\\forgery-detector\\data\\ela_cache\10096_1.png,1
D:\\zainab\\forgery-detector\\data\\ela_cache\10097_0.png,0
D:\\zainab\\forgery-detector\\data\\ela_cache\10098_0.png,0
D:\\zainab\\forgery-detector\\data\\ela_cache\10099_0.png,0
D:\\zainab\\forgery-detector\\data\\ela_cache\10100_1.png,1
D:\\zainab\\forgery-detector\\data\\ela_cache\10101_0.png,0
D:\\zainab\\forgery-detector\\data\\ela_cache\10102_1.png,1
D:\\zainab\\forgery-detector\\data\\ela_cache\10103_1.png,1
D:\\zainab\\forgery-detector\\data\\ela_cache\10104_1.png,1
D:\\zainab\\forgery-detector\\data\\ela_cache\10105_0.png,0
D:\\zainab\\forgery-detector\\data\\ela_cache\10106_1.png,1
D:\\zainab\\forgery-detector\\data\\ela_cache\10107_1.png,1
D:\\zainab\\forgery-detector\\data\\ela_cache\10108_0.png,0
D:\\zainab\\forgery-detector\\data\\ela_cache\10109_0.png,0
D:\\zainab\\forgery-detector\\data\\ela_cache\10110_0.png,0
D:\\zainab\\forgery-detector\\data\\ela_cache\10111_1.png,1
D:\\zainab\\forgery-detector\\data\\ela_cache\10112_1.png,1
D:\\zainab\\forgery-detector\\data\\ela_cache\10113_1.png,1
D:\\zainab\\forgery-detector\\data\\ela_cache\10114_0.png,0
D:\\zainab\\forgery-detector\\data\\ela_cache\10115_1.png,1
D:\\zainab\\forgery-detector\\data\\ela_cache\10116_0.png,0
D:\\zainab\\forgery-detector\\data\\ela_cache\10117_1.png,1
D:\\zainab\\forgery-detector\\data\\ela_cache\10118_0.png,0
D:\\zainab\\forgery-detector\\data\\ela_cache\10119_1.png,1
D:\\zainab\\forgery-detector\\data\\ela_cache\10120_0.png,0
D:\\zainab\\forgery-detector\\data\\ela_cache\10121_1.png,1
D:\\zainab\\forgery-detector\\data\\ela_cache\10122_1.png,1
D:\\zainab\\forgery-detector\\data\\ela_cache\10123_0.png,0
D:\\zainab\\forgery-detector\\data\\ela_cache\10124_1.png,1
D:\\zainab\\forgery-detector\\data\\ela_cache\10125_0.png,0
D:\\zainab\\forgery-detector\\data\\ela_cache\10126_1.png,1
D:\\zainab\\forgery-detector\\data\\ela_cache\10127_0.png,0
D:\\zainab\\forgery-detector\\data\\ela_cache\10128_0.png,0
D:\\zainab\\forgery-detector\\data\\ela_cache\10129_0.png,0
D:\\zainab\\forgery-detector\\data\\ela_cache\10130_0.png,0
D:\\zainab\\forgery-detector\\data\\ela_cache\10131_0.png,0
D:\\zainab\\forgery-detector\\data\\ela_cache\10132_0.png,0
D:\\zainab\\forgery-detector\\data\\ela_cache\10133_0.png,0
D:\\zainab\\forgery-detector\\data\\ela_cache\10134_1.png,1
D:\\zainab\\forgery-detector\\data\\ela_cache\10135_0.png,0
D:\\zainab\\forgery-detector\\data\\ela_cache\10136_0.png,0
D:\\zainab\\forgery-detector\\data\\ela_cache\10137_0.png,0
D:\\zainab\\forgery-detector\\data\\ela_cache\10138_1.png,1
D:\\zainab\\forgery-detector\\data\\ela_cache\10139_1.png,1
D:\\zainab\\forgery-detector\\data\\ela_cache\10140_0.png,0
D:\\zainab\\forgery-detector\\data\\ela_cache\10141_1.png,1
D:\\zainab\\forgery-detector\\data\\ela_cache\10142_0.png,0
D:\\zainab\\forgery-detector\\data\\ela_cache\10143_0.png,0
D:\\zainab\\forgery-detector\\data\\ela_cache\10144_0.png,0
D:\\zainab\\forgery-detector\\data\\ela_cache\10145_0.png,0
D:\\zainab\\forgery-detector\\data\\ela_cache\10146_1.png,1
D:\\zainab\\forgery-detector\\data\\ela_cache\10147_0.png,0
D:\\zainab\\forgery-detector\\data\\ela_cache\10148_1.png,1
D:\\zainab\\forgery-detector\\data\\ela_cache\10149_0.png,0
D:\\zainab\\forgery-detector\\data\\ela_cache\10150_1.png,1
D:\\zainab\\forgery-detector\\data\\ela_cache\10151_1.png,1
D:\\zainab\\forgery-detector\\data\\ela_cache\10152_1.png,1
D:\\zainab\\forgery-detector\\data\\ela_cache\10153_0.png,0
D:\\zainab\\forgery-detector\\data\\ela_cache\10154_1.png,1
D:\\zainab\\forgery-detector\\data\\ela_cache\10155_0.png,0
D:\\zainab\\forgery-detector\\data\\ela_cache\10156_1.png,1
D:\\zainab\\forgery-detector\\data\\ela_cache\10157_0.png,0
D:\\zainab\\forgery-detector\\data\\ela_cache\10158_0.png,0
D:\\zainab\\forgery-detector\\data\\ela_cache\10159_1.png,1
D:\\zainab\\forgery-detector\\data\\ela_cache\10160_1.png,1
D:\\zainab\\forgery-detector\\data\\ela_cache\10161_0.png,0
D:\\zainab\\forgery-detector\\data\\ela_cache\10162_1.png,1
D:\\zainab\\forgery-detector\\data\\ela_cache\10163_0.png,0
D:\\zainab\\forgery-detector\\data\\ela_cache\10164_0.png,0
D:\\zainab\\forgery-detector\\data\\ela_cache\10165_0.png,0
D:\\zainab\\forgery-detector\\data\\ela_cache\10166_1.png,1
D:\\zainab\\forgery-detector\\data\\ela_cache\10167_0.png,0
D:\\zainab\\forgery-detector\\data\\ela_cache\10168_0.png,0
D:\\zainab\\forgery-detector\\data\\ela_cache\10169_0.png,0
D:\\zainab\\forgery-detector\\data\\ela_cache\10170_1.png,1
D:\\zainab\\forgery-detector\\data\\ela_cache\10171_0.png,0
D:\\zainab\\forgery-detector\\data\\ela_cache\10172_0.png,0
D:\\zainab\\forgery-detector\\data\\ela_cache\10173_0.png,0
D:\\zainab\\forgery-detector\\data\\ela_cache\10174_0.png,0
D:\\zainab\\forgery-detector\\data\\ela_cache\10175_1.png,1
D:\\zainab\\forgery-detector\\data\\ela_cache\10176_1.png,1
D:\\zainab\\forgery-detector\\data\\ela_cache\10177_1.png,1
D:\\zainab\\forgery-detector\\data\\ela_cache\10178_0.png,0
D:\\zainab\\forgery-detector\\data\\ela_cache\10179_0.png,0
D:\\zainab\\forgery-detector\\data\\ela_cache\10180_1.png,1
D:\\zainab\\forgery-detector\\data\\ela_cache\10181_1.png,1
D:\\zainab\\forgery-detector\\data\\ela_cache\10182_0.png,0
D:\\zainab\\forgery-detector\\data\\ela_cache\10183_1.png,1
D:\\zainab\\forgery-detector\\data\\ela_cache\10184_0.png,0
D:\\zainab\\forgery-detector\\data\\ela_cache\10185_0.png,0
D:\\zainab\\forgery-detector\\data\\ela_cache\10186_0.png,0
D:\\zainab\\forgery-detector\\data\\ela_cache\10187_0.png,0
D:\\zainab\\forgery-detector\\data\\ela_cache\10188_0.png,0
D:\\zainab\\forgery-detector\\data\\ela_cache\10189_1.png,1
D:\\zainab\\forgery-detector\\data\\ela_cache\10190_0.png,0
D:\\zainab\\forgery-detector\\data\\ela_cache\10191_1.png,1
D:\\zainab\\forgery-detector\\data\\ela_cache\10192_0.png,0
D:\\zainab\\forgery-detector\\data\\ela_cache\10193_1.png,1
D:\\zainab\\forgery-detector\\data\\ela_cache\10194_0.png,0
D:\\zainab\\forgery-detector\\data\\ela_cache\10195_0.png,0
D:\\zainab\\forgery-detector\\data\\ela_cache\10196_0.png,0
D:\\zainab\\forgery-detector\\data\\ela_cache\10197_1.png,1
D:\\zainab\\forgery-detector\\data\\ela_cache\10198_0.png,0
D:\\zainab\\forgery-detector\\data\\ela_cache\10199_1.png,1
D:\\zainab\\forgery-detector\\data\\ela_cache\10200_0.png,0
D:\\zainab\\forgery-detector\\data\\ela_cache\10201_1.png,1
D:\\zainab\\forgery-detector\\data\\ela_cache\10202_0.png,0
D:\\zainab\\forgery-detector\\data\\ela_cache\10203_1.png,1
D:\\zainab\\forgery-detector\\data\\ela_cache\10204_0.png,0
D:\\zainab\\forgery-detector\\data\\ela_cache\10205_1.png,1
D:\\zainab\\forgery-detector\\data\\ela_cache\10206_0.png,0
D:\\zainab\\forgery-detector\\data\\ela_cache\10207_1.png,1
D:\\zainab\\forgery-detector\\data\\ela_cache\10208_0.png,0
D:\\zainab\\forgery-detector\\data\\ela_cache\10209_1.png,1
D:\\zainab\\forgery-detector\\data\\ela_cache\10210_0.png,0
D:\\zainab\\forgery-detector\\data\\ela_cache\10211_0.png,0
D:\\zainab\\forgery-detector\\data\\ela_cache\10212_1.png,1
D:\\zainab\\forgery-detector\\data\\ela_cache\10213_0.png,0
D:\\zainab\\forgery-detector\\data\\ela_cache\10214_0.png,0
D:\\zainab\\forgery-detector\\data\\ela_cache\10215_0.png,0
D:\\zainab\\forgery-detector\\data\\ela_cache\10216_0.png,0
D:\\zainab\\forgery-detector\\data\\ela_cache\10217_0.png,0
D:\\zainab\\forgery-detector\\data\\ela_cache\10218_1.png,1
D:\\zainab\\forgery-detector\\data\\ela_cache\10219_1.png,1
D:\\zainab\\forgery-detector\\data\\ela_cache\10220_1.png,1
D:\\zainab\\forgery-detector\\data\\ela_cache\10221_0.png,0
D:\\zainab\\forgery-detector\\data\\ela_cache\10222_1.png,1
D:\\zainab\\forgery-detector\\data\\ela_cache\10223_1.png,1
D:\\zainab\\forgery-detector\\data\\ela_cache\10224_0.png,0
D:\\zainab\\forgery-detector\\data\\ela_cache\10225_0.png,0
D:\\zainab\\forgery-detector\\data\\ela_cache\10226_0.png,0
D:\\zainab\\forgery-detector\\data\\ela_cache\10227_0.png,0
D:\\zainab\\forgery-detector\\data\\ela_cache\10228_0.png,0
D:\\zainab\\forgery-detector\\data\\ela_cache\10229_0.png,0
D:\\zainab\\forgery-detector\\data\\ela_cache\10230_0.png,0
D:\\zainab\\forgery-detector\\data\\ela_cache\10231_0.png,0
D:\\zainab\\forgery-detector\\data\\ela_cache\10232_1.png,1
D:\\zainab\\forgery-detector\\data\\ela_cache\10233_0.png,0
D:\\zainab\\forgery-detector\\data\\ela_cache\10234_1.png,1
D:\\zainab\\forgery-detector\\data\\ela_cache\10235_0.png,0
D:\\zainab\\forgery-detector\\data\\ela_cache\10236_1.png,1
D:\\zainab\\forgery-detector\\data\\ela_cache\10237_0.png,0
D:\\zainab\\forgery-detector\\data\\ela_cache\10238_1.png,1
D:\\zainab\\forgery-detector\\data\\ela_cache\10239_1.png,1
D:\\zainab\\forgery-detector\\data\\ela_cache\10240_0.png,0
D:\\zainab\\forgery-detector\\data\\ela_cache\10241_0.png,0
D:\\zainab\\forgery-detector\\data\\ela_cache\10242_0.png,0
D:\\zainab\\forgery-detector\\data\\ela_cache\10243_0.png,0
D:\\zainab\\forgery-detector\\data\\ela_cache\10244_0.png,0
D:\\zainab\\forgery-detector\\data\\ela_cache\10245_1.png,1
D:\\zainab\\forgery-detector\\data\\ela_cache\10246_1.png,1
D:\\zainab\\forgery-detector\\data\\ela_cache\10247_0.png,0
D:\\zainab\\forgery-detector\\data\\ela_cache\10248_1.png,1
D:\\zainab\\forgery-detector\\data\\ela_cache\10249_1.png,1
D:\\zainab\\forgery-detector\\data\\ela_cache\10250_1.png,1
D:\\zainab\\forgery-detector\\data\\ela_cache\10251_0.png,0
D:\\zainab\\forgery-detector\\data\\ela_cache\10252_1.png,1
D:\\zainab\\forgery-detector\\data\\ela_cache\10253_1.png,1
D:\\zainab\\forgery-detector\\data\\ela_cache\10254_0.png,0
D:\\zainab\\forgery-detector\\data\\ela_cache\10255_0.png,0
D:\\zainab\\forgery-detector\\data\\ela_cache\10256_1.png,1
D:\\zainab\\forgery-detector\\data\\ela_cache\10257_0.png,0
D:\\zainab\\forgery-detector\\data\\ela_cache\10258_1.png,1
D:\\zainab\\forgery-detector\\data\\ela_cache\10259_1.png,1
D:\\zainab\\forgery-detector\\data\\ela_cache\10260_0.png,0
D:\\zainab\\forgery-detector\\data\\ela_cache\10261_0.png,0
D:\\zainab\\forgery-detector\\data\\ela_cache\10262_1.png,1
D:\\zainab\\forgery-detector\\data\\ela_cache\10263_0.png,0
D:\\zainab\\forgery-detector\\data\\ela_cache\10264_1.png,1
D:\\zainab\\forgery-detector\\data\\ela_cache\10265_0.png,0
D:\\zainab\\forgery-detector\\data\\ela_cache\10266_1.png,1
D:\\zainab\\forgery-detector\\data\\ela_cache\10267_0.png,0
D:\\zainab\\forgery-detector\\data\\ela_cache\10268_1.png,1
D:\\zainab\\forgery-detector\\data\\ela_cache\10269_1.png,1
D:\\zainab\\forgery-detector\\data\\ela_cache\10270_1.png,1
D:\\zainab\\forgery-detector\\data\\ela_cache\10271_0.png,0
D:\\zainab\\forgery-detector\\data\\ela_cache\10272_0.png,0
D:\\zainab\\forgery-detector\\data\\ela_cache\10273_1.png,1
D:\\zainab\\forgery-detector\\data\\ela_cache\10274_0.png,0
D:\\zainab\\forgery-detector\\data\\ela_cache\10275_0.png,0
D:\\zainab\\forgery-detector\\data\\ela_cache\10276_1.png,1
D:\\zainab\\forgery-detector\\data\\ela_cache\10277_1.png,1
D:\\zainab\\forgery-detector\\data\\ela_cache\10278_0.png,0
D:\\zainab\\forgery-detector\\data\\ela_cache\10279_0.png,0
D:\\zainab\\forgery-detector\\data\\ela_cache\10280_0.png,0
D:\\zainab\\forgery-detector\\data\\ela_cache\10281_0.png,0
D:\\zainab\\forgery-detector\\data\\ela_cache\10282_1.png,1
D:\\zainab\\forgery-detector\\data\\ela_cache\10283_0.png,0
D:\\zainab\\forgery-detector\\data\\ela_cache\10284_0.png,0
D:\\zainab\\forgery-detector\\data\\ela_cache\10285_0.png,0
D:\\zainab\\forgery-detector\\data\\ela_cache\10286_1.png,1
D:\\zainab\\forgery-detector\\data\\ela_cache\10287_0.png,0
D:\\zainab\\forgery-detector\\data\\ela_cache\10288_0.png,0
D:\\zainab\\forgery-detector\\data\\ela_cache\10289_0.png,0
D:\\zainab\\forgery-detector\\data\\ela_cache\10290_0.png,0
D:\\zainab\\forgery-detector\\data\\ela_cache\10291_0.png,0
D:\\zainab\\forgery-detector\\data\\ela_cache\10292_1.png,1
D:\\zainab\\forgery-detector\\data\\ela_cache\10293_1.png,1
D:\\zainab\\forgery-detector\\data\\ela_cache\10294_1.png,1
D:\\zainab\\forgery-detector\\data\\ela_cache\10295_1.png,1
D:\\zainab\\forgery-detector\\data\\ela_cache\10296_0.png,0
D:\\zainab\\forgery-detector\\data\\ela_cache\10297_0.png,0
D:\\zainab\\forgery-detector\\data\\ela_cache\10298_0.png,0
D:\\zainab\\forgery-detector\\data\\ela_cache\10299_0.png,0
D:\\zainab\\forgery-detector\\data\\ela_cache\10300_1.png,1
D:\\zainab\\forgery-detector\\data\\ela_cache\10301_0.png,0
D:\\zainab\\forgery-detector\\data\\ela_cache\10302_1.png,1
D:\\zainab\\forgery-detector\\data\\ela_cache\10303_1.png,1
D:\\zainab\\forgery-detector\\data\\ela_cache\10304_0.png,0
D:\\zainab\\forgery-detector\\data\\ela_cache\10305_1.png,1
D:\\zainab\\forgery-detector\\data\\ela_cache\10306_0.png,0
D:\\zainab\\forgery-detector\\data\\ela_cache\10307_0.png,0
D:\\zainab\\forgery-detector\\data\\ela_cache\10308_0.png,0
D:\\zainab\\forgery-detector\\data\\ela_cache\10309_0.png,0
D:\\zainab\\forgery-detector\\data\\ela_cache\10310_1.png,1
D:\\zainab\\forgery-detector\\data\\ela_cache\10311_1.png,1
D:\\zainab\\forgery-detector\\data\\ela_cache\10312_1.png,1
D:\\zainab\\forgery-detector\\data\\ela_cache\10313_1.png,1
D:\\zainab\\forgery-detector\\data\\ela_cache\10314_1.png,1
D:\\zainab\\forgery-detector\\data\\ela_cache\10315_0.png,0
D:\\zainab\\forgery-detector\\data\\ela_cache\10316_1.png,1
D:\\zainab\\forgery-detector\\data\\ela_cache\10317_0.png,0
D:\\zainab\\forgery-detector\\data\\ela_cache\10318_1.png,1
D:\\zainab\\forgery-detector\\data\\ela_cache\10319_0.png,0
D:\\zainab\\forgery-detector\\data\\ela_cache\10320_1.png,1
D:\\zainab\\forgery-detector\\data\\ela_cache\10321_1.png,1
D:\\zainab\\forgery-detector\\data\\ela_cache\10322_1.png,1
D:\\zainab\\forgery-detector\\data\\ela_cache\10323_0.png,0
D:\\zainab\\forgery-detector\\data\\ela_cache\10324_1.png,1
D:\\zainab\\forgery-detector\\data\\ela_cache\10325_1.png,1
D:\\zainab\\forgery-detector\\data\\ela_cache\10326_1.png,1
D:\\zainab\\forgery-detector\\data\\ela_cache\10327_1.png,1
D:\\zainab\\forgery-detector\\data\\ela_cache\10328_0.png,0
D:\\zainab\\forgery-detector\\data\\ela_cache\10329_0.png,0
D:\\zainab\\forgery-detector\\data\\ela_cache\10330_0.png,0
D:\\zainab\\forgery-detector\\data\\ela_cache\10331_1.png,1
D:\\zainab\\forgery-detector\\data\\ela_cache\10332_0.png,0
D:\\zainab\\forgery-detector\\data\\ela_cache\10333_1.png,1
D:\\zainab\\forgery-detector\\data\\ela_cache\10334_0.png,0
D:\\zainab\\forgery-detector\\data\\ela_cache\10335_1.png,1
D:\\zainab\\forgery-detector\\data\\ela_cache\10336_0.png,0
D:\\zainab\\forgery-detector\\data\\ela_cache\10337_0.png,0
D:\\zainab\\forgery-detector\\data\\ela_cache\10338_1.png,1
D:\\zainab\\forgery-detector\\data\\ela_cache\10339_0.png,0
D:\\zainab\\forgery-detector\\data\\ela_cache\10340_1.png,1
D:\\zainab\\forgery-detector\\data\\ela_cache\10341_0.png,0
D:\\zainab\\forgery-detector\\data\\ela_cache\10342_0.png,0
D:\\zainab\\forgery-detector\\data\\ela_cache\10343_1.png,1
D:\\zainab\\forgery-detector\\data\\ela_cache\10344_0.png,0
D:\\zainab\\forgery-detector\\data\\ela_cache\10345_0.png,0
D:\\zainab\\forgery-detector\\data\\ela_cache\10346_1.png,1
D:\\zainab\\forgery-detector\\data\\ela_cache\10347_0.png,0
D:\\zainab\\forgery-detector\\data\\ela_cache\10348_0.png,0
D:\\zainab\\forgery-detector\\data\\ela_cache\10349_1.png,1
D:\\zainab\\forgery-detector\\data\\ela_cache\10350_0.png,0
D:\\zainab\\forgery-detector\\data\\ela_cache\10351_0.png,0
D:\\zainab\\forgery-detector\\data\\ela_cache\10352_0.png,0
D:\\zainab\\forgery-detector\\data\\ela_cache\10353_1.png,1
D:\\zainab\\forgery-detector\\data\\ela_cache\10354_0.png,0
D:\\zainab\\forgery-detector\\data\\ela_cache\10355_0.png,0
D:\\zainab\\forgery-detector\\data\\ela_cache\10356_1.png,1
D:\\zainab\\forgery-detector\\data\\ela_cache\10357_1.png,1
D:\\zainab\\forgery-detector\\data\\ela_cache\10358_1.png,1
D:\\zainab\\forgery-detector\\data\\ela_cache\10359_1.png,1
D:\\zainab\\forgery-detector\\data\\ela_cache\10360_0.png,0
D:\\zainab\\forgery-detector\\data\\ela_cache\10361_0.png,0
D:\\zainab\\forgery-detector\\data\\ela_cache\10362_1.png,1
D:\\zainab\\forgery-detector\\data\\ela_cache\10363_1.png,1
D:\\zainab\\forgery-detector\\data\\ela_cache\10364_1.png,1
D:\\zainab\\forgery-detector\\data\\ela_cache\10365_0.png,0
D:\\zainab\\forgery-detector\\data\\ela_cache\10366_1.png,1
D:\\zainab\\forgery-detector\\data\\ela_cache\10367_0.png,0
D:\\zainab\\forgery-detector\\data\\ela_cache\10368_0.png,0
D:\\zainab\\forgery-detector\\data\\ela_cache\10369_1.png,1
D:\\zainab\\forgery-detector\\data\\ela_cache\10370_0.png,0
D:\\zainab\\forgery-detector\\data\\ela_cache\10371_0.png,0
D:\\zainab\\forgery-detector\\data\\ela_cache\10372_0.png,0
D:\\zainab\\forgery-detector\\data\\ela_cache\10373_0.png,0
D:\\zainab\\forgery-detector\\data\\ela_cache\10374_1.png,1
D:\\zainab\\forgery-detector\\data\\ela_cache\10375_1.png,1
D:\\zainab\\forgery-detector\\data\\ela_cache\10376_0.png,0
D:\\zainab\\forgery-detector\\data\\ela_cache\10377_0.png,0
D:\\zainab\\forgery-detector\\data\\ela_cache\10378_1.png,1
D:\\zainab\\forgery-detector\\data\\ela_cache\10379_0.png,0
D:\\zainab\\forgery-detector\\data\\ela_cache\10380_0.png,0
D:\\zainab\\forgery-detector\\data\\ela_cache\10381_0.png,0
D:\\zainab\\forgery-detector\\data\\ela_cache\10382_0.png,0
D:\\zainab\\forgery-detector\\data\\ela_cache\10383_0.png,0
D:\\zainab\\forgery-detector\\data\\ela_cache\10384_0.png,0
D:\\zainab\\forgery-detector\\data\\ela_cache\10385_1.png,1
D:\\zainab\\forgery-detector\\data\\ela_cache\10386_0.png,0
D:\\zainab\\forgery-detector\\data\\ela_cache\10387_0.png,0
D:\\zainab\\forgery-detector\\data\\ela_cache\10388_0.png,0
D:\\zainab\\forgery-detector\\data\\ela_cache\10389_0.png,0
D:\\zainab\\forgery-detector\\data\\ela_cache\10390_1.png,1
D:\\zainab\\forgery-detector\\data\\ela_cache\10391_1.png,1
D:\\zainab\\forgery-detector\\data\\ela_cache\10392_0.png,0
D:\\zainab\\forgery-detector\\data\\ela_cache\10393_1.png,1
D:\\zainab\\forgery-detector\\data\\ela_cache\10394_0.png,0
D:\\zainab\\forgery-detector\\data\\ela_cache\10395_0.png,0
D:\\zainab\\forgery-detector\\data\\ela_cache\10396_1.png,1
D:\\zainab\\forgery-detector\\data\\ela_cache\10397_0.png,0
D:\\zainab\\forgery-detector\\data\\ela_cache\10398_0.png,0
D:\\zainab\\forgery-detector\\data\\ela_cache\10399_0.png,0
D:\\zainab\\forgery-detector\\data\\ela_cache\10400_0.png,0
D:\\zainab\\forgery-detector\\data\\ela_cache\10401_1.png,1
D:\\zainab\\forgery-detector\\data\\ela_cache\10402_0.png,0
D:\\zainab\\forgery-detector\\data\\ela_cache\10403_0.png,0
D:\\zainab\\forgery-detector\\data\\ela_cache\10404_1.png,1
D:\\zainab\\forgery-detector\\data\\ela_cache\10405_1.png,1
D:\\zainab\\forgery-detector\\data\\ela_cache\10406_0.png,0
D:\\zainab\\forgery-detector\\data\\ela_cache\10407_1.png,1
D:\\zainab\\forgery-detector\\data\\ela_cache\10408_0.png,0
D:\\zainab\\forgery-detector\\data\\ela_cache\10409_1.png,1
D:\\zainab\\forgery-detector\\data\\ela_cache\10410_0.png,0
D:\\zainab\\forgery-detector\\data\\ela_cache\10411_0.png,0
D:\\zainab\\forgery-detector\\data\\ela_cache\10412_1.png,1
D:\\zainab\\forgery-detector\\data\\ela_cache\10413_1.png,1
D:\\zainab\\forgery-detector\\data\\ela_cache\10414_0.png,0
D:\\zainab\\forgery-detector\\data\\ela_cache\10415_1.png,1
D:\\zainab\\forgery-detector\\data\\ela_cache\10416_0.png,0
D:\\zainab\\forgery-detector\\data\\ela_cache\10417_0.png,0
D:\\zainab\\forgery-detector\\data\\ela_cache\10418_0.png,0
D:\\zainab\\forgery-detector\\data\\ela_cache\10419_1.png,1
D:\\zainab\\forgery-detector\\data\\ela_cache\10420_0.png,0
D:\\zainab\\forgery-detector\\data\\ela_cache\10421_0.png,0
D:\\zainab\\forgery-detector\\data\\ela_cache\10422_0.png,0
D:\\zainab\\forgery-detector\\data\\ela_cache\10423_1.png,1
D:\\zainab\\forgery-detector\\data\\ela_cache\10424_1.png,1
D:\\zainab\\forgery-detector\\data\\ela_cache\10425_1.png,1
D:\\zainab\\forgery-detector\\data\\ela_cache\10426_1.png,1
D:\\zainab\\forgery-detector\\data\\ela_cache\10427_0.png,0
D:\\zainab\\forgery-detector\\data\\ela_cache\10428_1.png,1
D:\\zainab\\forgery-detector\\data\\ela_cache\10429_1.png,1
D:\\zainab\\forgery-detector\\data\\ela_cache\10430_1.png,1
D:\\zainab\\forgery-detector\\data\\ela_cache\10431_0.png,0
D:\\zainab\\forgery-detector\\data\\ela_cache\10432_0.png,0
D:\\zainab\\forgery-detector\\data\\ela_cache\10433_0.png,0
D:\\zainab\\forgery-detector\\data\\ela_cache\10434_0.png,0
D:\\zainab\\forgery-detector\\data\\ela_cache\10435_0.png,0
D:\\zainab\\forgery-detector\\data\\ela_cache\10436_1.png,1
D:\\zainab\\forgery-detector\\data\\ela_cache\10437_1.png,1
D:\\zainab\\forgery-detector\\data\\ela_cache\10438_0.png,0
D:\\zainab\\forgery-detector\\data\\ela_cache\10439_0.png,0
D:\\zainab\\forgery-detector\\data\\ela_cache\10440_0.png,0
D:\\zainab\\forgery-detector\\data\\ela_cache\10441_1.png,1
D:\\zainab\\forgery-detector\\data\\ela_cache\10442_0.png,0
D:\\zainab\\forgery-detector\\data\\ela_cache\10443_1.png,1
D:\\zainab\\forgery-detector\\data\\ela_cache\10444_0.png,0
D:\\zainab\\forgery-detector\\data\\ela_cache\10445_1.png,1
D:\\zainab\\forgery-detector\\data\\ela_cache\10446_1.png,1
D:\\zainab\\forgery-detector\\data\\ela_cache\10447_1.png,1
D:\\zainab\\forgery-detector\\data\\ela_cache\10448_1.png,1
D:\\zainab\\forgery-detector\\data\\ela_cache\10449_1.png,1
D:\\zainab\\forgery-detector\\data\\ela_cache\10450_1.png,1
D:\\zainab\\forgery-detector\\data\\ela_cache\10451_0.png,0
D:\\zainab\\forgery-detector\\data\\ela_cache\10452_0.png,0
D:\\zainab\\forgery-detector\\data\\ela_cache\10453_0.png,0
D:\\zainab\\forgery-detector\\data\\ela_cache\10454_0.png,0
D:\\zainab\\forgery-detector\\data\\ela_cache\10455_0.png,0
D:\\zainab\\forgery-detector\\data\\ela_cache\10456_1.png,1
D:\\zainab\\forgery-detector\\data\\ela_cache\10457_0.png,0
D:\\zainab\\forgery-detector\\data\\ela_cache\10458_0.png,0
D:\\zainab\\forgery-detector\\data\\ela_cache\10459_0.png,0
D:\\zainab\\forgery-detector\\data\\ela_cache\10460_1.png,1
D:\\zainab\\forgery-detector\\data\\ela_cache\10461_0.png,0
D:\\zainab\\forgery-detector\\data\\ela_cache\10462_1.png,1
D:\\zainab\\forgery-detector\\data\\ela_cache\10463_0.png,0
D:\\zainab\\forgery-detector\\data\\ela_cache\10464_0.png,0
D:\\zainab\\forgery-detector\\data\\ela_cache\10465_1.png,1
D:\\zainab\\forgery-detector\\data\\ela_cache\10466_1.png,1
D:\\zainab\\forgery-detector\\data\\ela_cache\10467_0.png,0
D:\\zainab\\forgery-detector\\data\\ela_cache\10468_1.png,1
D:\\zainab\\forgery-detector\\data\\ela_cache\10469_0.png,0
D:\\zainab\\forgery-detector\\data\\ela_cache\10470_1.png,1
D:\\zainab\\forgery-detector\\data\\ela_cache\10471_1.png,1
D:\\zainab\\forgery-detector\\data\\ela_cache\10472_1.png,1
D:\\zainab\\forgery-detector\\data\\ela_cache\10473_0.png,0
D:\\zainab\\forgery-detector\\data\\ela_cache\10474_0.png,0
D:\\zainab\\forgery-detector\\data\\ela_cache\10475_0.png,0
D:\\zainab\\forgery-detector\\data\\ela_cache\10476_1.png,1
D:\\zainab\\forgery-detector\\data\\ela_cache\10477_0.png,0
D:\\zainab\\forgery-detector\\data\\ela_cache\10478_1.png,1
D:\\zainab\\forgery-detector\\data\\ela_cache\10479_1.png,1
D:\\zainab\\forgery-detector\\data\\ela_cache\10480_0.png,0
D:\\zainab\\forgery-detector\\data\\ela_cache\10481_0.png,0
D:\\zainab\\forgery-detector\\data\\ela_cache\10482_1.png,1
D:\\zainab\\forgery-detector\\data\\ela_cache\10483_0.png,0
D:\\zainab\\forgery-detector\\data\\ela_cache\10484_1.png,1
D:\\zainab\\forgery-detector\\data\\ela_cache\10485_0.png,0
D:\\zainab\\forgery-detector\\data\\ela_cache\10486_1.png,1
D:\\zainab\\forgery-detector\\data\\ela_cache\10487_0.png,0
D:\\zainab\\forgery-detector\\data\\ela_cache\10488_0.png,0
D:\\zainab\\forgery-detector\\data\\ela_cache\10489_1.png,1
D:\\zainab\\forgery-detector\\data\\ela_cache\10490_0.png,0
D:\\zainab\\forgery-detector\\data\\ela_cache\10491_0.png,0
D:\\zainab\\forgery-detector\\data\\ela_cache\10492_1.png,1
D:\\zainab\\forgery-detector\\data\\ela_cache\10493_1.png,1
D:\\zainab\\forgery-detector\\data\\ela_cache\10494_0.png,0
D:\\zainab\\forgery-detector\\data\\ela_cache\10495_0.png,0
D:\\zainab\\forgery-detector\\data\\ela_cache\10496_0.png,0
D:\\zainab\\forgery-detector\\data\\ela_cache\10497_1.png,1
D:\\zainab\\forgery-detector\\data\\ela_cache\10498_0.png,0
D:\\zainab\\forgery-detector\\data\\ela_cache\10499_1.png,1
D:\\zainab\\forgery-detector\\data\\ela_cache\10500_0.png,0
D:\\zainab\\forgery-detector\\data\\ela_cache\10501_1.png,1
D:\\zainab\\forgery-detector\\data\\ela_cache\10502_1.png,1
D:\\zainab\\forgery-detector\\data\\ela_cache\10503_0.png,0
D:\\zainab\\forgery-detector\\data\\ela_cache\10504_0.png,0
D:\\zainab\\forgery-detector\\data\\ela_cache\10505_1.png,1
D:\\zainab\\forgery-detector\\data\\ela_cache\10506_0.png,0
D:\\zainab\\forgery-detector\\data\\ela_cache\10507_1.png,1
D:\\zainab\\forgery-detector\\data\\ela_cache\10508_1.png,1
D:\\zainab\\forgery-detector\\data\\ela_cache\10509_1.png,1
D:\\zainab\\forgery-detector\\data\\ela_cache\10510_1.png,1
D:\\zainab\\forgery-detector\\data\\ela_cache\10511_0.png,0
D:\\zainab\\forgery-detector\\data\\ela_cache\10512_0.png,0
D:\\zainab\\forgery-detector\\data\\ela_cache\10513_1.png,1
D:\\zainab\\forgery-detector\\data\\ela_cache\10514_0.png,0
D:\\zainab\\forgery-detector\\data\\ela_cache\10515_1.png,1
D:\\zainab\\forgery-detector\\data\\ela_cache\10516_1.png,1
D:\\zainab\\forgery-detector\\data\\ela_cache\10517_1.png,1
D:\\zainab\\forgery-detector\\data\\ela_cache\10518_0.png,0
D:\\zainab\\forgery-detector\\data\\ela_cache\10519_0.png,0
D:\\zainab\\forgery-detector\\data\\ela_cache\10520_0.png,0
D:\\zainab\\forgery-detector\\data\\ela_cache\10521_0.png,0
D:\\zainab\\forgery-detector\\data\\ela_cache\10522_1.png,1
D:\\zainab\\forgery-detector\\data\\ela_cache\10523_1.png,1
D:\\zainab\\forgery-detector\\data\\ela_cache\10524_1.png,1
D:\\zainab\\forgery-detector\\data\\ela_cache\10525_0.png,0
D:\\zainab\\forgery-detector\\data\\ela_cache\10526_1.png,1
D:\\zainab\\forgery-detector\\data\\ela_cache\10527_1.png,1
D:\\zainab\\forgery-detector\\data\\ela_cache\10528_1.png,1
D:\\zainab\\forgery-detector\\data\\ela_cache\10529_1.png,1
D:\\zainab\\forgery-detector\\data\\ela_cache\10530_1.png,1
D:\\zainab\\forgery-detector\\data\\ela_cache\10531_0.png,0
D:\\zainab\\forgery-detector\\data\\ela_cache\10532_0.png,0
D:\\zainab\\forgery-detector\\data\\ela_cache\10533_0.png,0
D:\\zainab\\forgery-detector\\data\\ela_cache\10534_0.png,0
D:\\zainab\\forgery-detector\\data\\ela_cache\10535_0.png,0
D:\\zainab\\forgery-detector\\data\\ela_cache\10536_0.png,0
D:\\zainab\\forgery-detector\\data\\ela_cache\10537_0.png,0
D:\\zainab\\forgery-detector\\data\\ela_cache\10538_1.png,1
D:\\zainab\\forgery-detector\\data\\ela_cache\10539_1.png,1
D:\\zainab\\forgery-detector\\data\\ela_cache\10540_0.png,0
D:\\zainab\\forgery-detector\\data\\ela_cache\10541_0.png,0
D:\\zainab\\forgery-detector\\data\\ela_cache\10542_0.png,0
D:\\zainab\\forgery-detector\\data\\ela_cache\10543_0.png,0
D:\\zainab\\forgery-detector\\data\\ela_cache\10544_1.png,1
D:\\zainab\\forgery-detector\\data\\ela_cache\10545_1.png,1
D:\\zainab\\forgery-detector\\data\\ela_cache\10546_0.png,0
D:\\zainab\\forgery-detector\\data\\ela_cache\10547_1.png,1
D:\\zainab\\forgery-detector\\data\\ela_cache\10548_1.png,1
D:\\zainab\\forgery-detector\\data\\ela_cache\10549_0.png,0
D:\\zainab\\forgery-detector\\data\\ela_cache\10550_0.png,0
D:\\zainab\\forgery-detector\\data\\ela_cache\10551_0.png,0
D:\\zainab\\forgery-detector\\data\\ela_cache\10552_1.png,1
D:\\zainab\\forgery-detector\\data\\ela_cache\10553_0.png,0
D:\\zainab\\forgery-detector\\data\\ela_cache\10554_1.png,1
D:\\zainab\\forgery-detector\\data\\ela_cache\10555_0.png,0
D:\\zainab\\forgery-detector\\data\\ela_cache\10556_1.png,1
D:\\zainab\\forgery-detector\\data\\ela_cache\10557_0.png,0
D:\\zainab\\forgery-detector\\data\\ela_cache\10558_0.png,0
D:\\zainab\\forgery-detector\\data\\ela_cache\10559_0.png,0
D:\\zainab\\forgery-detector\\data\\ela_cache\10560_0.png,0
D:\\zainab\\forgery-detector\\data\\ela_cache\10561_0.png,0
D:\\zainab\\forgery-detector\\data\\ela_cache\10562_0.png,0
D:\\zainab\\forgery-detector\\data\\ela_cache\10563_1.png,1
D:\\zainab\\forgery-detector\\data\\ela_cache\10564_1.png,1
D:\\zainab\\forgery-detector\\data\\ela_cache\10565_0.png,0
D:\\zainab\\forgery-detector\\data\\ela_cache\10566_0.png,0
D:\\zainab\\forgery-detector\\data\\ela_cache\10567_0.png,0
D:\\zainab\\forgery-detector\\data\\ela_cache\10568_1.png,1
D:\\zainab\\forgery-detector\\data\\ela_cache\10569_0.png,0
D:\\zainab\\forgery-detector\\data\\ela_cache\10570_0.png,0
D:\\zainab\\forgery-detector\\data\\ela_cache\10571_1.png,1
D:\\zainab\\forgery-detector\\data\\ela_cache\10572_0.png,0
D:\\zainab\\forgery-detector\\data\\ela_cache\10573_0.png,0
D:\\zainab\\forgery-detector\\data\\ela_cache\10574_0.png,0
D:\\zainab\\forgery-detector\\data\\ela_cache\10575_1.png,1
D:\\zainab\\forgery-detector\\data\\ela_cache\10576_1.png,1
D:\\zainab\\forgery-detector\\data\\ela_cache\10577_0.png,0
D:\\zainab\\forgery-detector\\data\\ela_cache\10578_1.png,1
D:\\zainab\\forgery-detector\\data\\ela_cache\10579_1.png,1
D:\\zainab\\forgery-detector\\data\\ela_cache\10580_0.png,0
D:\\zainab\\forgery-detector\\data\\ela_cache\10581_1.png,1
D:\\zainab\\forgery-detector\\data\\ela_cache\10582_0.png,0
D:\\zainab\\forgery-detector\\data\\ela_cache\10583_0.png,0
D:\\zainab\\forgery-detector\\data\\ela_cache\10584_0.png,0
D:\\zainab\\forgery-detector\\data\\ela_cache\10585_1.png,1
D:\\zainab\\forgery-detector\\data\\ela_cache\10586_0.png,0
D:\\zainab\\forgery-detector\\data\\ela_cache\10587_0.png,0
D:\\zainab\\forgery-detector\\data\\ela_cache\10588_0.png,0
D:\\zainab\\forgery-detector\\data\\ela_cache\10589_1.png,1
D:\\zainab\\forgery-detector\\data\\ela_cache\10590_0.png,0
D:\\zainab\\forgery-detector\\data\\ela_cache\10591_0.png,0
D:\\zainab\\forgery-detector\\data\\ela_cache\10592_1.png,1
D:\\zainab\\forgery-detector\\data\\ela_cache\10593_0.png,0
D:\\zainab\\forgery-detector\\data\\ela_cache\10594_1.png,1
D:\\zainab\\forgery-detector\\data\\ela_cache\10595_1.png,1
D:\\zainab\\forgery-detector\\data\\ela_cache\10596_0.png,0
D:\\zainab\\forgery-detector\\data\\ela_cache\10597_0.png,0
D:\\zainab\\forgery-detector\\data\\ela_cache\10598_1.png,1
D:\\zainab\\forgery-detector\\data\\ela_cache\10599_0.png,0
D:\\zainab\\forgery-detector\\data\\ela_cache\10600_0.png,0
D:\\zainab\\forgery-detector\\data\\ela_cache\10601_0.png,0
D:\\zainab\\forgery-detector\\data\\ela_cache\10602_0.png,0
D:\\zainab\\forgery-detector\\data\\ela_cache\10603_0.png,0
D:\\zainab\\forgery-detector\\data\\ela_cache\10604_1.png,1
D:\\zainab\\forgery-detector\\data\\ela_cache\10605_0.png,0
D:\\zainab\\forgery-detector\\data\\ela_cache\10606_1.png,1
D:\\zainab\\forgery-detector\\data\\ela_cache\10607_0.png,0
D:\\zainab\\forgery-detector\\data\\ela_cache\10608_1.png,1
D:\\zainab\\forgery-detector\\data\\ela_cache\10609_0.png,0
D:\\zainab\\forgery-detector\\data\\ela_cache\10610_1.png,1
D:\\zainab\\forgery-detector\\data\\ela_cache\10611_0.png,0
D:\\zainab\\forgery-detector\\data\\ela_cache\10612_1.png,1
D:\\zainab\\forgery-detector\\data\\ela_cache\10613_1.png,1
D:\\zainab\\forgery-detector\\data\\ela_cache\10614_0.png,0
D:\\zainab\\forgery-detector\\data\\ela_cache\10615_0.png,0
D:\\zainab\\forgery-detector\\data\\ela_cache\10616_1.png,1
D:\\zainab\\forgery-detector\\data\\ela_cache\10617_1.png,1
D:\\zainab\\forgery-detector\\data\\ela_cache\10618_0.png,0
D:\\zainab\\forgery-detector\\data\\ela_cache\10619_0.png,0
D:\\zainab\\forgery-detector\\data\\ela_cache\10620_0.png,0
D:\\zainab\\forgery-detector\\data\\ela_cache\10621_1.png,1
D:\\zainab\\forgery-detector\\data\\ela_cache\10622_0.png,0
D:\\zainab\\forgery-detector\\data\\ela_cache\10623_0.png,0
D:\\zainab\\forgery-detector\\data\\ela_cache\10624_0.png,0
D:\\zainab\\forgery-detector\\data\\ela_cache\10625_1.png,1
D:\\zainab\\forgery-detector\\data\\ela_cache\10626_0.png,0
D:\\zainab\\forgery-detector\\data\\ela_cache\10627_1.png,1
D:\\zainab\\forgery-detector\\data\\ela_cache\10628_0.png,0
D:\\zainab\\forgery-detector\\data\\ela_cache\10629_0.png,0
D:\\zainab\\forgery-detector\\data\\ela_cache\10630_1.png,1
D:\\zainab\\forgery-detector\\data\\ela_cache\10631_0.png,0
D:\\zainab\\forgery-detector\\data\\ela_cache\10632_1.png,1
D:\\zainab\\forgery-detector\\data\\ela_cache\10633_0.png,0
D:\\zainab\\forgery-detector\\data\\ela_cache\10634_1.png,1
D:\\zainab\\forgery-detector\\data\\ela_cache\10635_0.png,0
D:\\zainab\\forgery-detector\\data\\ela_cache\10636_0.png,0
D:\\zainab\\forgery-detector\\data\\ela_cache\10637_0.png,0
D:\\zainab\\forgery-detector\\data\\ela_cache\10638_0.png,0
D:\\zainab\\forgery-detector\\data\\ela_cache\10639_1.png,1
D:\\zainab\\forgery-detector\\data\\ela_cache\10640_0.png,0
D:\\zainab\\forgery-detector\\data\\ela_cache\10641_1.png,1
D:\\zainab\\forgery-detector\\data\\ela_cache\10642_1.png,1
D:\\zainab\\forgery-detector\\data\\ela_cache\10643_1.png,1
D:\\zainab\\forgery-detector\\data\\ela_cache\10644_0.png,0
D:\\zainab\\forgery-detector\\data\\ela_cache\10645_1.png,1
D:\\zainab\\forgery-detector\\data\\ela_cache\10646_0.png,0
D:\\zainab\\forgery-detector\\data\\ela_cache\10647_0.png,0
D:\\zainab\\forgery-detector\\data\\ela_cache\10648_0.png,0
D:\\zainab\\forgery-detector\\data\\ela_cache\10649_1.png,1
D:\\zainab\\forgery-detector\\data\\ela_cache\10650_0.png,0
D:\\zainab\\forgery-detector\\data\\ela_cache\10651_0.png,0
D:\\zainab\\forgery-detector\\data\\ela_cache\10652_0.png,0
D:\\zainab\\forgery-detector\\data\\ela_cache\10653_1.png,1
D:\\zainab\\forgery-detector\\data\\ela_cache\10654_1.png,1
D:\\zainab\\forgery-detector\\data\\ela_cache\10655_0.png,0
D:\\zainab\\forgery-detector\\data\\ela_cache\10656_1.png,1
D:\\zainab\\forgery-detector\\data\\ela_cache\10657_1.png,1
D:\\zainab\\forgery-detector\\data\\ela_cache\10658_0.png,0
D:\\zainab\\forgery-detector\\data\\ela_cache\10659_0.png,0
D:\\zainab\\forgery-detector\\data\\ela_cache\10660_1.png,1
D:\\zainab\\forgery-detector\\data\\ela_cache\10661_0.png,0
D:\\zainab\\forgery-detector\\data\\ela_cache\10662_0.png,0
D:\\zainab\\forgery-detector\\data\\ela_cache\10663_0.png,0
D:\\zainab\\forgery-detector\\data\\ela_cache\10664_1.png,1
D:\\zainab\\forgery-detector\\data\\ela_cache\10665_1.png,1
D:\\zainab\\forgery-detector\\data\\ela_cache\10666_0.png,0
D:\\zainab\\forgery-detector\\data\\ela_cache\10667_1.png,1
D:\\zainab\\forgery-detector\\data\\ela_cache\10668_0.png,0
D:\\zainab\\forgery-detector\\data\\ela_cache\10669_0.png,0
D:\\zainab\\forgery-detector\\data\\ela_cache\10670_0.png,0
D:\\zainab\\forgery-detector\\data\\ela_cache\10671_1.png,1
D:\\zainab\\forgery-detector\\data\\ela_cache\10672_0.png,0
D:\\zainab\\forgery-detector\\data\\ela_cache\10673_1.png,1
D:\\zainab\\forgery-detector\\data\\ela_cache\10674_0.png,0
D:\\zainab\\forgery-detector\\data\\ela_cache\10675_1.png,1
D:\\zainab\\forgery-detector\\data\\ela_cache\10676_0.png,0
D:\\zainab\\forgery-detector\\data\\ela_cache\10677_0.png,0
D:\\zainab\\forgery-detector\\data\\ela_cache\10678_0.png,0
D:\\zainab\\forgery-detector\\data\\ela_cache\10679_1.png,1
D:\\zainab\\forgery-detector\\data\\ela_cache\10680_0.png,0
D:\\zainab\\forgery-detector\\data\\ela_cache\10681_1.png,1
D:\\zainab\\forgery-detector\\data\\ela_cache\10682_0.png,0
D:\\zainab\\forgery-detector\\data\\ela_cache\10683_1.png,1
D:\\zainab\\forgery-detector\\data\\ela_cache\10684_0.png,0
D:\\zainab\\forgery-detector\\data\\ela_cache\10685_0.png,0
D:\\zainab\\forgery-detector\\data\\ela_cache\10686_1.png,1
D:\\zainab\\forgery-detector\\data\\ela_cache\10687_0.png,0
D:\\zainab\\forgery-detector\\data\\ela_cache\10688_0.png,0
D:\\zainab\\forgery-detector\\data\\ela_cache\10689_1.png,1
D:\\zainab\\forgery-detector\\data\\ela_cache\10690_0.png,0
D:\\zainab\\forgery-detector\\data\\ela_cache\10691_0.png,0
D:\\zainab\\forgery-detector\\data\\ela_cache\10692_0.png,0
D:\\zainab\\forgery-detector\\data\\ela_cache\10693_0.png,0
D:\\zainab\\forgery-detector\\data\\ela_cache\10694_1.png,1
D:\\zainab\\forgery-detector\\data\\ela_cache\10695_0.png,0
D:\\zainab\\forgery-detector\\data\\ela_cache\10696_0.png,0
D:\\zainab\\forgery-detector\\data\\ela_cache\10697_0.png,0
D:\\zainab\\forgery-detector\\data\\ela_cache\10698_0.png,0
D:\\zainab\\forgery-detector\\data\\ela_cache\10699_1.png,1
D:\\zainab\\forgery-detector\\data\\ela_cache\10700_0.png,0
D:\\zainab\\forgery-detector\\data\\ela_cache\10701_1.png,1
D:\\zainab\\forgery-detector\\data\\ela_cache\10702_1.png,1
D:\\zainab\\forgery-detector\\data\\ela_cache\10703_0.png,0
D:\\zainab\\forgery-detector\\data\\ela_cache\10704_1.png,1
D:\\zainab\\forgery-detector\\data\\ela_cache\10705_0.png,0
D:\\zainab\\forgery-detector\\data\\ela_cache\10706_0.png,0
D:\\zainab\\forgery-detector\\data\\ela_cache\10707_1.png,1
D:\\zainab\\forgery-detector\\data\\ela_cache\10708_0.png,0
D:\\zainab\\forgery-detector\\data\\ela_cache\10709_1.png,1
D:\\zainab\\forgery-detector\\data\\ela_cache\10710_1.png,1
D:\\zainab\\forgery-detector\\data\\ela_cache\10711_0.png,0
D:\\zainab\\forgery-detector\\data\\ela_cache\10712_0.png,0
D:\\zainab\\forgery-detector\\data\\ela_cache\10713_0.png,0
D:\\zainab\\forgery-detector\\data\\ela_cache\10714_0.png,0
D:\\zainab\\forgery-detector\\data\\ela_cache\10715_0.png,0
D:\\zainab\\forgery-detector\\data\\ela_cache\10716_0.png,0
D:\\zainab\\forgery-detector\\data\\ela_cache\10717_1.png,1
D:\\zainab\\forgery-detector\\data\\ela_cache\10718_1.png,1
D:\\zainab\\forgery-detector\\data\\ela_cache\10719_1.png,1
D:\\zainab\\forgery-detector\\data\\ela_cache\10720_1.png,1
D:\\zainab\\forgery-detector\\data\\ela_cache\10721_1.png,1
D:\\zainab\\forgery-detector\\data\\ela_cache\10722_0.png,0
D:\\zainab\\forgery-detector\\data\\ela_cache\10723_0.png,0
D:\\zainab\\forgery-detector\\data\\ela_cache\10724_1.png,1
D:\\zainab\\forgery-detector\\data\\ela_cache\10725_0.png,0
D:\\zainab\\forgery-detector\\data\\ela_cache\10726_0.png,0
D:\\zainab\\forgery-detector\\data\\ela_cache\10727_0.png,0
D:\\zainab\\forgery-detector\\data\\ela_cache\10728_1.png,1
D:\\zainab\\forgery-detector\\data\\ela_cache\10729_0.png,0
D:\\zainab\\forgery-detector\\data\\ela_cache\10730_0.png,0
D:\\zainab\\forgery-detector\\data\\ela_cache\10731_1.png,1
D:\\zainab\\forgery-detector\\data\\ela_cache\10732_0.png,0
D:\\zainab\\forgery-detector\\data\\ela_cache\10733_0.png,0
D:\\zainab\\forgery-detector\\data\\ela_cache\10734_0.png,0
D:\\zainab\\forgery-detector\\data\\ela_cache\10735_0.png,0
D:\\zainab\\forgery-detector\\data\\ela_cache\10736_1.png,1
D:\\zainab\\forgery-detector\\data\\ela_cache\10737_0.png,0
D:\\zainab\\forgery-detector\\data\\ela_cache\10738_1.png,1
D:\\zainab\\forgery-detector\\data\\ela_cache\10739_1.png,1
D:\\zainab\\forgery-detector\\data\\ela_cache\10740_0.png,0
D:\\zainab\\forgery-detector\\data\\ela_cache\10741_1.png,1
D:\\zainab\\forgery-detector\\data\\ela_cache\10742_1.png,1
D:\\zainab\\forgery-detector\\data\\ela_cache\10743_0.png,0
D:\\zainab\\forgery-detector\\data\\ela_cache\10744_1.png,1
D:\\zainab\\forgery-detector\\data\\ela_cache\10745_1.png,1
D:\\zainab\\forgery-detector\\data\\ela_cache\10746_1.png,1
D:\\zainab\\forgery-detector\\data\\ela_cache\10747_0.png,0
D:\\zainab\\forgery-detector\\data\\ela_cache\10748_0.png,0
D:\\zainab\\forgery-detector\\data\\ela_cache\10749_0.png,0
D:\\zainab\\forgery-detector\\data\\ela_cache\10750_0.png,0
D:\\zainab\\forgery-detector\\data\\ela_cache\10751_1.png,1
D:\\zainab\\forgery-detector\\data\\ela_cache\10752_0.png,0
D:\\zainab\\forgery-detector\\data\\ela_cache\10753_1.png,1
D:\\zainab\\forgery-detector\\data\\ela_cache\10754_0.png,0
D:\\zainab\\forgery-detector\\data\\ela_cache\10755_0.png,0
D:\\zainab\\forgery-detector\\data\\ela_cache\10756_1.png,1
D:\\zainab\\forgery-detector\\data\\ela_cache\10757_1.png,1
D:\\zainab\\forgery-detector\\data\\ela_cache\10758_1.png,1
D:\\zainab\\forgery-detector\\data\\ela_cache\10759_1.png,1
D:\\zainab\\forgery-detector\\data\\ela_cache\10760_1.png,1
D:\\zainab\\forgery-detector\\data\\ela_cache\10761_0.png,0
D:\\zainab\\forgery-detector\\data\\ela_cache\10762_0.png,0
D:\\zainab\\forgery-detector\\data\\ela_cache\10763_1.png,1
D:\\zainab\\forgery-detector\\data\\ela_cache\10764_0.png,0
D:\\zainab\\forgery-detector\\data\\ela_cache\10765_1.png,1
D:\\zainab\\forgery-detector\\data\\ela_cache\10766_1.png,1
D:\\zainab\\forgery-detector\\data\\ela_cache\10767_0.png,0
D:\\zainab\\forgery-detector\\data\\ela_cache\10768_0.png,0
D:\\zainab\\forgery-detector\\data\\ela_cache\10769_1.png,1
D:\\zainab\\forgery-detector\\data\\ela_cache\10770_1.png,1
D:\\zainab\\forgery-detector\\data\\ela_cache\10771_1.png,1
D:\\zainab\\forgery-detector\\data\\ela_cache\10772_1.png,1
D:\\zainab\\forgery-detector\\data\\ela_cache\10773_1.png,1
D:\\zainab\\forgery-detector\\data\\ela_cache\10774_0.png,0
D:\\zainab\\forgery-detector\\data\\ela_cache\10775_0.png,0
D:\\zainab\\forgery-detector\\data\\ela_cache\10776_1.png,1
D:\\zainab\\forgery-detector\\data\\ela_cache\10777_0.png,0
D:\\zainab\\forgery-detector\\data\\ela_cache\10778_0.png,0
D:\\zainab\\forgery-detector\\data\\ela_cache\10779_1.png,1
D:\\zainab\\forgery-detector\\data\\ela_cache\10780_0.png,0
D:\\zainab\\forgery-detector\\data\\ela_cache\10781_0.png,0
D:\\zainab\\forgery-detector\\data\\ela_cache\10782_0.png,0
D:\\zainab\\forgery-detector\\data\\ela_cache\10783_1.png,1
D:\\zainab\\forgery-detector\\data\\ela_cache\10784_0.png,0
D:\\zainab\\forgery-detector\\data\\ela_cache\10785_0.png,0
D:\\zainab\\forgery-detector\\data\\ela_cache\10786_0.png,0
D:\\zainab\\forgery-detector\\data\\ela_cache\10787_0.png,0
D:\\zainab\\forgery-detector\\data\\ela_cache\10788_0.png,0
D:\\zainab\\forgery-detector\\data\\ela_cache\10789_1.png,1
D:\\zainab\\forgery-detector\\data\\ela_cache\10790_1.png,1
D:\\zainab\\forgery-detector\\data\\ela_cache\10791_0.png,0
D:\\zainab\\forgery-detector\\data\\ela_cache\10792_0.png,0
D:\\zainab\\forgery-detector\\data\\ela_cache\10793_0.png,0
D:\\zainab\\forgery-detector\\data\\ela_cache\10794_1.png,1
D:\\zainab\\forgery-detector\\data\\ela_cache\10795_0.png,0
D:\\zainab\\forgery-detector\\data\\ela_cache\10796_0.png,0
D:\\zainab\\forgery-detector\\data\\ela_cache\10797_0.png,0
D:\\zainab\\forgery-detector\\data\\ela_cache\10798_0.png,0
D:\\zainab\\forgery-detector\\data\\ela_cache\10799_1.png,1
D:\\zainab\\forgery-detector\\data\\ela_cache\10800_0.png,0
D:\\zainab\\forgery-detector\\data\\ela_cache\10801_1.png,1
D:\\zainab\\forgery-detector\\data\\ela_cache\10802_1.png,1
D:\\zainab\\forgery-detector\\data\\ela_cache\10803_0.png,0
D:\\zainab\\forgery-detector\\data\\ela_cache\10804_1.png,1
D:\\zainab\\forgery-detector\\data\\ela_cache\10805_0.png,0
D:\\zainab\\forgery-detector\\data\\ela_cache\10806_1.png,1
D:\\zainab\\forgery-detector\\data\\ela_cache\10807_0.png,0
D:\\zainab\\forgery-detector\\data\\ela_cache\10808_0.png,0
D:\\zainab\\forgery-detector\\data\\ela_cache\10809_0.png,0
D:\\zainab\\forgery-detector\\data\\ela_cache\10810_0.png,0
D:\\zainab\\forgery-detector\\data\\ela_cache\10811_0.png,0
D:\\zainab\\forgery-detector\\data\\ela_cache\10812_0.png,0
D:\\zainab\\forgery-detector\\data\\ela_cache\10813_0.png,0
D:\\zainab\\forgery-detector\\data\\ela_cache\10814_0.png,0
D:\\zainab\\forgery-detector\\data\\ela_cache\10815_0.png,0
D:\\zainab\\forgery-detector\\data\\ela_cache\10816_0.png,0
D:\\zainab\\forgery-detector\\data\\ela_cache\10817_0.png,0
D:\\zainab\\forgery-detector\\data\\ela_cache\10818_0.png,0
D:\\zainab\\forgery-detector\\data\\ela_cache\10819_0.png,0
D:\\zainab\\forgery-detector\\data\\ela_cache\10820_0.png,0
D:\\zainab\\forgery-detector\\data\\ela_cache\10821_0.png,0
D:\\zainab\\forgery-detector\\data\\ela_cache\10822_0.png,0
D:\\zainab\\forgery-detector\\data\\ela_cache\10823_1.png,1
D:\\zainab\\forgery-detector\\data\\ela_cache\10824_0.png,0
D:\\zainab\\forgery-detector\\data\\ela_cache\10825_1.png,1
D:\\zainab\\forgery-detector\\data\\ela_cache\10826_0.png,0
D:\\zainab\\forgery-detector\\data\\ela_cache\10827_1.png,1
D:\\zainab\\forgery-detector\\data\\ela_cache\10828_0.png,0
D:\\zainab\\forgery-detector\\data\\ela_cache\10829_0.png,0
D:\\zainab\\forgery-detector\\data\\ela_cache\10830_0.png,0
D:\\zainab\\forgery-detector\\data\\ela_cache\10831_1.png,1
D:\\zainab\\forgery-detector\\data\\ela_cache\10832_1.png,1
D:\\zainab\\forgery-detector\\data\\ela_cache\10833_0.png,0
D:\\zainab\\forgery-detector\\data\\ela_cache\10834_1.png,1
D:\\zainab\\forgery-detector\\data\\ela_cache\10835_1.png,1
D:\\zainab\\forgery-detector\\data\\ela_cache\10836_1.png,1
D:\\zainab\\forgery-detector\\data\\ela_cache\10837_1.png,1
D:\\zainab\\forgery-detector\\data\\ela_cache\10838_1.png,1
D:\\zainab\\forgery-detector\\data\\ela_cache\10839_1.png,1
D:\\zainab\\forgery-detector\\data\\ela_cache\10840_1.png,1
D:\\zainab\\forgery-detector\\data\\ela_cache\10841_0.png,0
D:\\zainab\\forgery-detector\\data\\ela_cache\10842_0.png,0
D:\\zainab\\forgery-detector\\data\\ela_cache\10843_0.png,0
D:\\zainab\\forgery-detector\\data\\ela_cache\10844_1.png,1
D:\\zainab\\forgery-detector\\data\\ela_cache\10845_0.png,0
D:\\zainab\\forgery-detector\\data\\ela_cache\10846_1.png,1
D:\\zainab\\forgery-detector\\data\\ela_cache\10847_0.png,0
D:\\zainab\\forgery-detector\\data\\ela_cache\10848_0.png,0
D:\\zainab\\forgery-detector\\data\\ela_cache\10849_0.png,0
D:\\zainab\\forgery-detector\\data\\ela_cache\10850_0.png,0
D:\\zainab\\forgery-detector\\data\\ela_cache\10851_0.png,0
D:\\zainab\\forgery-detector\\data\\ela_cache\10852_0.png,0
D:\\zainab\\forgery-detector\\data\\ela_cache\10853_1.png,1
D:\\zainab\\forgery-detector\\data\\ela_cache\10854_0.png,0
D:\\zainab\\forgery-detector\\data\\ela_cache\10855_1.png,1
D:\\zainab\\forgery-detector\\data\\ela_cache\10856_1.png,1
D:\\zainab\\forgery-detector\\data\\ela_cache\10857_1.png,1
D:\\zainab\\forgery-detector\\data\\ela_cache\10858_0.png,0
D:\\zainab\\forgery-detector\\data\\ela_cache\10859_1.png,1
D:\\zainab\\forgery-detector\\data\\ela_cache\10860_0.png,0
D:\\zainab\\forgery-detector\\data\\ela_cache\10861_1.png,1
D:\\zainab\\forgery-detector\\data\\ela_cache\10862_0.png,0
D:\\zainab\\forgery-detector\\data\\ela_cache\10863_0.png,0
D:\\zainab\\forgery-detector\\data\\ela_cache\10864_0.png,0
D:\\zainab\\forgery-detector\\data\\ela_cache\10865_1.png,1
D:\\zainab\\forgery-detector\\data\\ela_cache\10866_1.png,1
D:\\zainab\\forgery-detector\\data\\ela_cache\10867_0.png,0
D:\\zainab\\forgery-detector\\data\\ela_cache\10868_0.png,0
D:\\zainab\\forgery-detector\\data\\ela_cache\10869_0.png,0
D:\\zainab\\forgery-detector\\data\\ela_cache\10870_1.png,1
D:\\zainab\\forgery-detector\\data\\ela_cache\10871_0.png,0
D:\\zainab\\forgery-detector\\data\\ela_cache\10872_1.png,1
D:\\zainab\\forgery-detector\\data\\ela_cache\10873_0.png,0
D:\\zainab\\forgery-detector\\data\\ela_cache\10874_0.png,0
D:\\zainab\\forgery-detector\\data\\ela_cache\10875_0.png,0
D:\\zainab\\forgery-detector\\data\\ela_cache\10876_1.png,1
D:\\zainab\\forgery-detector\\data\\ela_cache\10877_0.png,0
D:\\zainab\\forgery-detector\\data\\ela_cache\10878_0.png,0
D:\\zainab\\forgery-detector\\data\\ela_cache\10879_1.png,1
D:\\zainab\\forgery-detector\\data\\ela_cache\10880_0.png,0
D:\\zainab\\forgery-detector\\data\\ela_cache\10881_1.png,1
D:\\zainab\\forgery-detector\\data\\ela_cache\10882_0.png,0
D:\\zainab\\forgery-detector\\data\\ela_cache\10883_1.png,1
D:\\zainab\\forgery-detector\\data\\ela_cache\10884_1.png,1
D:\\zainab\\forgery-detector\\data\\ela_cache\10885_1.png,1
D:\\zainab\\forgery-detector\\data\\ela_cache\10886_0.png,0
D:\\zainab\\forgery-detector\\data\\ela_cache\10887_1.png,1
D:\\zainab\\forgery-detector\\data\\ela_cache\10888_0.png,0
D:\\zainab\\forgery-detector\\data\\ela_cache\10889_1.png,1
D:\\zainab\\forgery-detector\\data\\ela_cache\10890_0.png,0
D:\\zainab\\forgery-detector\\data\\ela_cache\10891_1.png,1
D:\\zainab\\forgery-detector\\data\\ela_cache\10892_0.png,0
D:\\zainab\\forgery-detector\\data\\ela_cache\10893_1.png,1
D:\\zainab\\forgery-detector\\data\\ela_cache\10894_0.png,0
D:\\zainab\\forgery-detector\\data\\ela_cache\10895_0.png,0
D:\\zainab\\forgery-detector\\data\\ela_cache\10896_1.png,1
D:\\zainab\\forgery-detector\\data\\ela_cache\10897_0.png,0
D:\\zainab\\forgery-detector\\data\\ela_cache\10898_1.png,1
D:\\zainab\\forgery-detector\\data\\ela_cache\10899_0.png,0
D:\\zainab\\forgery-detector\\data\\ela_cache\10900_0.png,0
D:\\zainab\\forgery-detector\\data\\ela_cache\10901_0.png,0
D:\\zainab\\forgery-detector\\data\\ela_cache\10902_0.png,0
D:\\zainab\\forgery-detector\\data\\ela_cache\10903_1.png,1
D:\\zainab\\forgery-detector\\data\\ela_cache\10904_0.png,0
D:\\zainab\\forgery-detector\\data\\ela_cache\10905_0.png,0
D:\\zainab\\forgery-detector\\data\\ela_cache\10906_0.png,0
D:\\zainab\\forgery-detector\\data\\ela_cache\10907_0.png,0
D:\\zainab\\forgery-detector\\data\\ela_cache\10908_0.png,0
D:\\zainab\\forgery-detector\\data\\ela_cache\10909_0.png,0
D:\\zainab\\forgery-detector\\data\\ela_cache\10910_0.png,0
D:\\zainab\\forgery-detector\\data\\ela_cache\10911_0.png,0
D:\\zainab\\forgery-detector\\data\\ela_cache\10912_0.png,0
D:\\zainab\\forgery-detector\\data\\ela_cache\10913_1.png,1
D:\\zainab\\forgery-detector\\data\\ela_cache\10914_0.png,0
D:\\zainab\\forgery-detector\\data\\ela_cache\10915_1.png,1
D:\\zainab\\forgery-detector\\data\\ela_cache\10916_0.png,0
D:\\zainab\\forgery-detector\\data\\ela_cache\10917_0.png,0
D:\\zainab\\forgery-detector\\data\\ela_cache\10918_0.png,0
D:\\zainab\\forgery-detector\\data\\ela_cache\10919_1.png,1
D:\\zainab\\forgery-detector\\data\\ela_cache\10920_0.png,0
D:\\zainab\\forgery-detector\\data\\ela_cache\10921_0.png,0
D:\\zainab\\forgery-detector\\data\\ela_cache\10922_0.png,0
D:\\zainab\\forgery-detector\\data\\ela_cache\10923_1.png,1
D:\\zainab\\forgery-detector\\data\\ela_cache\10924_0.png,0
D:\\zainab\\forgery-detector\\data\\ela_cache\10925_0.png,0
D:\\zainab\\forgery-detector\\data\\ela_cache\10926_0.png,0
D:\\zainab\\forgery-detector\\data\\ela_cache\10927_1.png,1
D:\\zainab\\forgery-detector\\data\\ela_cache\10928_0.png,0
D:\\zainab\\forgery-detector\\data\\ela_cache\10929_1.png,1
D:\\zainab\\forgery-detector\\data\\ela_cache\10930_1.png,1
D:\\zainab\\forgery-detector\\data\\ela_cache\10931_1.png,1
D:\\zainab\\forgery-detector\\data\\ela_cache\10932_0.png,0
D:\\zainab\\forgery-detector\\data\\ela_cache\10933_0.png,0
D:\\zainab\\forgery-detector\\data\\ela_cache\10934_0.png,0
D:\\zainab\\forgery-detector\\data\\ela_cache\10935_0.png,0
D:\\zainab\\forgery-detector\\data\\ela_cache\10936_0.png,0
D:\\zainab\\forgery-detector\\data\\ela_cache\10937_0.png,0
D:\\zainab\\forgery-detector\\data\\ela_cache\10938_1.png,1
D:\\zainab\\forgery-detector\\data\\ela_cache\10939_0.png,0
D:\\zainab\\forgery-detector\\data\\ela_cache\10940_1.png,1
D:\\zainab\\forgery-detector\\data\\ela_cache\10941_1.png,1
D:\\zainab\\forgery-detector\\data\\ela_cache\10942_1.png,1
D:\\zainab\\forgery-detector\\data\\ela_cache\10943_1.png,1
D:\\zainab\\forgery-detector\\data\\ela_cache\10944_0.png,0
D:\\zainab\\forgery-detector\\data\\ela_cache\10945_1.png,1
D:\\zainab\\forgery-detector\\data\\ela_cache\10946_1.png,1
D:\\zainab\\forgery-detector\\data\\ela_cache\10947_1.png,1
D:\\zainab\\forgery-detector\\data\\ela_cache\10948_0.png,0
D:\\zainab\\forgery-detector\\data\\ela_cache\10949_0.png,0
D:\\zainab\\forgery-detector\\data\\ela_cache\10950_0.png,0
D:\\zainab\\forgery-detector\\data\\ela_cache\10951_0.png,0
D:\\zainab\\forgery-detector\\data\\ela_cache\10952_0.png,0
D:\\zainab\\forgery-detector\\data\\ela_cache\10953_0.png,0
D:\\zainab\\forgery-detector\\data\\ela_cache\10954_1.png,1
D:\\zainab\\forgery-detector\\data\\ela_cache\10955_1.png,1
D:\\zainab\\forgery-detector\\data\\ela_cache\10956_0.png,0
D:\\zainab\\forgery-detector\\data\\ela_cache\10957_0.png,0
D:\\zainab\\forgery-detector\\data\\ela_cache\10958_0.png,0
D:\\zainab\\forgery-detector\\data\\ela_cache\10959_1.png,1
D:\\zainab\\forgery-detector\\data\\ela_cache\10960_1.png,1
D:\\zainab\\forgery-detector\\data\\ela_cache\10961_1.png,1
D:\\zainab\\forgery-detector\\data\\ela_cache\10962_1.png,1
D:\\zainab\\forgery-detector\\data\\ela_cache\10963_1.png,1
D:\\zainab\\forgery-detector\\data\\ela_cache\10964_1.png,1
D:\\zainab\\forgery-detector\\data\\ela_cache\10965_0.png,0
D:\\zainab\\forgery-detector\\data\\ela_cache\10966_1.png,1
D:\\zainab\\forgery-detector\\data\\ela_cache\10967_1.png,1
D:\\zainab\\forgery-detector\\data\\ela_cache\10968_1.png,1
D:\\zainab\\forgery-detector\\data\\ela_cache\10969_0.png,0
D:\\zainab\\forgery-detector\\data\\ela_cache\10970_0.png,0
D:\\zainab\\forgery-detector\\data\\ela_cache\10971_0.png,0
D:\\zainab\\forgery-detector\\data\\ela_cache\10972_0.png,0
D:\\zainab\\forgery-detector\\data\\ela_cache\10973_1.png,1
D:\\zainab\\forgery-detector\\data\\ela_cache\10974_0.png,0
D:\\zainab\\forgery-detector\\data\\ela_cache\10975_0.png,0
D:\\zainab\\forgery-detector\\data\\ela_cache\10976_0.png,0
D:\\zainab\\forgery-detector\\data\\ela_cache\10977_1.png,1
D:\\zainab\\forgery-detector\\data\\ela_cache\10978_0.png,0
D:\\zainab\\forgery-detector\\data\\ela_cache\10979_0.png,0
D:\\zainab\\forgery-detector\\data\\ela_cache\10980_0.png,0
D:\\zainab\\forgery-detector\\data\\ela_cache\10981_0.png,0
D:\\zainab\\forgery-detector\\data\\ela_cache\10982_0.png,0
D:\\zainab\\forgery-detector\\data\\ela_cache\10983_0.png,0
D:\\zainab\\forgery-detector\\data\\ela_cache\10984_1.png,1
D:\\zainab\\forgery-detector\\data\\ela_cache\10985_0.png,0
D:\\zainab\\forgery-detector\\data\\ela_cache\10986_1.png,1
D:\\zainab\\forgery-detector\\data\\ela_cache\10987_0.png,0
D:\\zainab\\forgery-detector\\data\\ela_cache\10988_1.png,1
D:\\zainab\\forgery-detector\\data\\ela_cache\10989_0.png,0
D:\\zainab\\forgery-detector\\data\\ela_cache\10990_1.png,1
D:\\zainab\\forgery-detector\\data\\ela_cache\10991_0.png,0
D:\\zainab\\forgery-detector\\data\\ela_cache\10992_1.png,1
D:\\zainab\\forgery-detector\\data\\ela_cache\10993_0.png,0
D:\\zainab\\forgery-detector\\data\\ela_cache\10994_0.png,0
D:\\zainab\\forgery-detector\\data\\ela_cache\10995_1.png,1
D:\\zainab\\forgery-detector\\data\\ela_cache\10996_1.png,1
D:\\zainab\\forgery-detector\\data\\ela_cache\10997_1.png,1
D:\\zainab\\forgery-detector\\data\\ela_cache\10998_1.png,1
D:\\zainab\\forgery-detector\\data\\ela_cache\10999_1.png,1
D:\\zainab\\forgery-detector\\data\\ela_cache\11000_1.png,1
D:\\zainab\\forgery-detector\\data\\ela_cache\11001_1.png,1
D:\\zainab\\forgery-detector\\data\\ela_cache\11002_1.png,1
D:\\zainab\\forgery-detector\\data\\ela_cache\11003_0.png,0
D:\\zainab\\forgery-detector\\data\\ela_cache\11004_0.png,0
D:\\zainab\\forgery-detector\\data\\ela_cache\11005_1.png,1
D:\\zainab\\forgery-detector\\data\\ela_cache\11006_1.png,1
D:\\zainab\\forgery-detector\\data\\ela_cache\11007_1.png,1
D:\\zainab\\forgery-detector\\data\\ela_cache\11008_1.png,1
D:\\zainab\\forgery-detector\\data\\ela_cache\11009_0.png,0
D:\\zainab\\forgery-detector\\data\\ela_cache\11010_0.png,0
D:\\zainab\\forgery-detector\\data\\ela_cache\11011_0.png,0
D:\\zainab\\forgery-detector\\data\\ela_cache\11012_0.png,0
D:\\zainab\\forgery-detector\\data\\ela_cache\11013_1.png,1
D:\\zainab\\forgery-detector\\data\\ela_cache\11014_0.png,0
D:\\zainab\\forgery-detector\\data\\ela_cache\11015_0.png,0
D:\\zainab\\forgery-detector\\data\\ela_cache\11016_0.png,0
D:\\zainab\\forgery-detector\\data\\ela_cache\11017_1.png,1
D:\\zainab\\forgery-detector\\data\\ela_cache\11018_0.png,0
D:\\zainab\\forgery-detector\\data\\ela_cache\11019_0.png,0
D:\\zainab\\forgery-detector\\data\\ela_cache\11020_1.png,1
D:\\zainab\\forgery-detector\\data\\ela_cache\11021_1.png,1
D:\\zainab\\forgery-detector\\data\\ela_cache\11022_0.png,0
D:\\zainab\\forgery-detector\\data\\ela_cache\11023_0.png,0
D:\\zainab\\forgery-detector\\data\\ela_cache\11024_1.png,1
D:\\zainab\\forgery-detector\\data\\ela_cache\11025_1.png,1
D:\\zainab\\forgery-detector\\data\\ela_cache\11026_0.png,0
D:\\zainab\\forgery-detector\\data\\ela_cache\11027_0.png,0
D:\\zainab\\forgery-detector\\data\\ela_cache\11028_0.png,0
D:\\zainab\\forgery-detector\\data\\ela_cache\11029_1.png,1
D:\\zainab\\forgery-detector\\data\\ela_cache\11030_0.png,0
D:\\zainab\\forgery-detector\\data\\ela_cache\11031_1.png,1
D:\\zainab\\forgery-detector\\data\\ela_cache\11032_1.png,1
D:\\zainab\\forgery-detector\\data\\ela_cache\11033_0.png,0
D:\\zainab\\forgery-detector\\data\\ela_cache\11034_1.png,1
D:\\zainab\\forgery-detector\\data\\ela_cache\11035_0.png,0
D:\\zainab\\forgery-detector\\data\\ela_cache\11036_1.png,1
D:\\zainab\\forgery-detector\\data\\ela_cache\11037_0.png,0
D:\\zainab\\forgery-detector\\data\\ela_cache\11038_0.png,0
D:\\zainab\\forgery-detector\\data\\ela_cache\11039_1.png,1
D:\\zainab\\forgery-detector\\data\\ela_cache\11040_1.png,1
D:\\zainab\\forgery-detector\\data\\ela_cache\11041_1.png,1
D:\\zainab\\forgery-detector\\data\\ela_cache\11042_1.png,1
D:\\zainab\\forgery-detector\\data\\ela_cache\11043_1.png,1
D:\\zainab\\forgery-detector\\data\\ela_cache\11044_1.png,1
D:\\zainab\\forgery-detector\\data\\ela_cache\11045_0.png,0
D:\\zainab\\forgery-detector\\data\\ela_cache\11046_1.png,1
D:\\zainab\\forgery-detector\\data\\ela_cache\11047_0.png,0
D:\\zainab\\forgery-detector\\data\\ela_cache\11048_1.png,1
D:\\zainab\\forgery-detector\\data\\ela_cache\11049_1.png,1
D:\\zainab\\forgery-detector\\data\\ela_cache\11050_0.png,0
D:\\zainab\\forgery-detector\\data\\ela_cache\11051_0.png,0
D:\\zainab\\forgery-detector\\data\\ela_cache\11052_0.png,0
D:\\zainab\\forgery-detector\\data\\ela_cache\11053_0.png,0
D:\\zainab\\forgery-detector\\data\\ela_cache\11054_1.png,1
D:\\zainab\\forgery-detector\\data\\ela_cache\11055_0.png,0
D:\\zainab\\forgery-detector\\data\\ela_cache\11056_0.png,0
D:\\zainab\\forgery-detector\\data\\ela_cache\11057_0.png,0
D:\\zainab\\forgery-detector\\data\\ela_cache\11058_1.png,1
D:\\zainab\\forgery-detector\\data\\ela_cache\11059_1.png,1
D:\\zainab\\forgery-detector\\data\\ela_cache\11060_0.png,0
D:\\zainab\\forgery-detector\\data\\ela_cache\11061_0.png,0
D:\\zainab\\forgery-detector\\data\\ela_cache\11062_1.png,1
D:\\zainab\\forgery-detector\\data\\ela_cache\11063_0.png,0
D:\\zainab\\forgery-detector\\data\\ela_cache\11064_0.png,0
D:\\zainab\\forgery-detector\\data\\ela_cache\11065_0.png,0
D:\\zainab\\forgery-detector\\data\\ela_cache\11066_1.png,1
D:\\zainab\\forgery-detector\\data\\ela_cache\11067_0.png,0
D:\\zainab\\forgery-detector\\data\\ela_cache\11068_0.png,0
D:\\zainab\\forgery-detector\\data\\ela_cache\11069_0.png,0
D:\\zainab\\forgery-detector\\data\\ela_cache\11070_0.png,0
D:\\zainab\\forgery-detector\\data\\ela_cache\11071_0.png,0
D:\\zainab\\forgery-detector\\data\\ela_cache\11072_1.png,1
D:\\zainab\\forgery-detector\\data\\ela_cache\11073_0.png,0
D:\\zainab\\forgery-detector\\data\\ela_cache\11074_1.png,1
D:\\zainab\\forgery-detector\\data\\ela_cache\11075_0.png,0
D:\\zainab\\forgery-detector\\data\\ela_cache\11076_1.png,1
D:\\zainab\\forgery-detector\\data\\ela_cache\11077_1.png,1
D:\\zainab\\forgery-detector\\data\\ela_cache\11078_0.png,0
D:\\zainab\\forgery-detector\\data\\ela_cache\11079_0.png,0
D:\\zainab\\forgery-detector\\data\\ela_cache\11080_1.png,1
D:\\zainab\\forgery-detector\\data\\ela_cache\11081_0.png,0
D:\\zainab\\forgery-detector\\data\\ela_cache\11082_0.png,0
D:\\zainab\\forgery-detector\\data\\ela_cache\11083_1.png,1
D:\\zainab\\forgery-detector\\data\\ela_cache\11084_0.png,0
D:\\zainab\\forgery-detector\\data\\ela_cache\11085_1.png,1
D:\\zainab\\forgery-detector\\data\\ela_cache\11086_1.png,1
D:\\zainab\\forgery-detector\\data\\ela_cache\11087_1.png,1
D:\\zainab\\forgery-detector\\data\\ela_cache\11088_1.png,1
D:\\zainab\\forgery-detector\\data\\ela_cache\11089_0.png,0
D:\\zainab\\forgery-detector\\data\\ela_cache\11090_1.png,1
D:\\zainab\\forgery-detector\\data\\ela_cache\11091_0.png,0
D:\\zainab\\forgery-detector\\data\\ela_cache\11092_0.png,0
D:\\zainab\\forgery-detector\\data\\ela_cache\11093_1.png,1
D:\\zainab\\forgery-detector\\data\\ela_cache\11094_0.png,0
D:\\zainab\\forgery-detector\\data\\ela_cache\11095_0.png,0
D:\\zainab\\forgery-detector\\data\\ela_cache\11096_0.png,0
D:\\zainab\\forgery-detector\\data\\ela_cache\11097_0.png,0
D:\\zainab\\forgery-detector\\data\\ela_cache\11098_1.png,1
D:\\zainab\\forgery-detector\\data\\ela_cache\11099_1.png,1
D:\\zainab\\forgery-detector\\data\\ela_cache\11100_0.png,0
D:\\zainab\\forgery-detector\\data\\ela_cache\11101_1.png,1
D:\\zainab\\forgery-detector\\data\\ela_cache\11102_0.png,0
D:\\zainab\\forgery-detector\\data\\ela_cache\11103_1.png,1
D:\\zainab\\forgery-detector\\data\\ela_cache\11104_1.png,1
D:\\zainab\\forgery-detector\\data\\ela_cache\11105_0.png,0
D:\\zainab\\forgery-detector\\data\\ela_cache\11106_0.png,0
D:\\zainab\\forgery-detector\\data\\ela_cache\11107_1.png,1
D:\\zainab\\forgery-detector\\data\\ela_cache\11108_0.png,0
D:\\zainab\\forgery-detector\\data\\ela_cache\11109_0.png,0
D:\\zainab\\forgery-detector\\data\\ela_cache\11110_0.png,0
D:\\zainab\\forgery-detector\\data\\ela_cache\11111_1.png,1
D:\\zainab\\forgery-detector\\data\\ela_cache\11112_0.png,0
D:\\zainab\\forgery-detector\\data\\ela_cache\11113_0.png,0
D:\\zainab\\forgery-detector\\data\\ela_cache\11114_0.png,0
D:\\zainab\\forgery-detector\\data\\ela_cache\11115_0.png,0
D:\\zainab\\forgery-detector\\data\\ela_cache\11116_0.png,0
D:\\zainab\\forgery-detector\\data\\ela_cache\11117_1.png,1
D:\\zainab\\forgery-detector\\data\\ela_cache\11118_1.png,1
D:\\zainab\\forgery-detector\\data\\ela_cache\11119_0.png,0
D:\\zainab\\forgery-detector\\data\\ela_cache\11120_1.png,1
D:\\zainab\\forgery-detector\\data\\ela_cache\11121_1.png,1
D:\\zainab\\forgery-detector\\data\\ela_cache\11122_0.png,0
D:\\zainab\\forgery-detector\\data\\ela_cache\11123_0.png,0
D:\\zainab\\forgery-detector\\data\\ela_cache\11124_1.png,1
D:\\zainab\\forgery-detector\\data\\ela_cache\11125_0.png,0
D:\\zainab\\forgery-detector\\data\\ela_cache\11126_0.png,0
D:\\zainab\\forgery-detector\\data\\ela_cache\11127_0.png,0
D:\\zainab\\forgery-detector\\data\\ela_cache\11128_0.png,0
D:\\zainab\\forgery-detector\\data\\ela_cache\11129_0.png,0
D:\\zainab\\forgery-detector\\data\\ela_cache\11130_0.png,0
D:\\zainab\\forgery-detector\\data\\ela_cache\11131_0.png,0
D:\\zainab\\forgery-detector\\data\\ela_cache\11132_1.png,1
D:\\zainab\\forgery-detector\\data\\ela_cache\11133_0.png,0
D:\\zainab\\forgery-detector\\data\\ela_cache\11134_0.png,0
D:\\zainab\\forgery-detector\\data\\ela_cache\11135_0.png,0
D:\\zainab\\forgery-detector\\data\\ela_cache\11136_1.png,1
D:\\zainab\\forgery-detector\\data\\ela_cache\11137_0.png,0
D:\\zainab\\forgery-detector\\data\\ela_cache\11138_0.png,0
D:\\zainab\\forgery-detector\\data\\ela_cache\11139_1.png,1
D:\\zainab\\forgery-detector\\data\\ela_cache\11140_1.png,1
D:\\zainab\\forgery-detector\\data\\ela_cache\11141_1.png,1
D:\\zainab\\forgery-detector\\data\\ela_cache\11142_1.png,1
D:\\zainab\\forgery-detector\\data\\ela_cache\11143_0.png,0
D:\\zainab\\forgery-detector\\data\\ela_cache\11144_0.png,0
D:\\zainab\\forgery-detector\\data\\ela_cache\11145_0.png,0
D:\\zainab\\forgery-detector\\data\\ela_cache\11146_0.png,0
D:\\zainab\\forgery-detector\\data\\ela_cache\11147_0.png,0
D:\\zainab\\forgery-detector\\data\\ela_cache\11148_0.png,0
D:\\zainab\\forgery-detector\\data\\ela_cache\11149_0.png,0
D:\\zainab\\forgery-detector\\data\\ela_cache\11150_1.png,1
D:\\zainab\\forgery-detector\\data\\ela_cache\11151_1.png,1
D:\\zainab\\forgery-detector\\data\\ela_cache\11152_1.png,1
D:\\zainab\\forgery-detector\\data\\ela_cache\11153_1.png,1
D:\\zainab\\forgery-detector\\data\\ela_cache\11154_1.png,1
D:\\zainab\\forgery-detector\\data\\ela_cache\11155_1.png,1
D:\\zainab\\forgery-detector\\data\\ela_cache\11156_1.png,1
D:\\zainab\\forgery-detector\\data\\ela_cache\11157_1.png,1
D:\\zainab\\forgery-detector\\data\\ela_cache\11158_0.png,0
D:\\zainab\\forgery-detector\\data\\ela_cache\11159_1.png,1
D:\\zainab\\forgery-detector\\data\\ela_cache\11160_0.png,0
D:\\zainab\\forgery-detector\\data\\ela_cache\11161_1.png,1
D:\\zainab\\forgery-detector\\data\\ela_cache\11162_0.png,0
D:\\zainab\\forgery-detector\\data\\ela_cache\11163_0.png,0
D:\\zainab\\forgery-detector\\data\\ela_cache\11164_0.png,0
D:\\zainab\\forgery-detector\\data\\ela_cache\11165_0.png,0
D:\\zainab\\forgery-detector\\data\\ela_cache\11166_0.png,0
D:\\zainab\\forgery-detector\\data\\ela_cache\11167_1.png,1
D:\\zainab\\forgery-detector\\data\\ela_cache\11168_0.png,0
D:\\zainab\\forgery-detector\\data\\ela_cache\11169_1.png,1
D:\\zainab\\forgery-detector\\data\\ela_cache\11170_1.png,1
D:\\zainab\\forgery-detector\\data\\ela_cache\11171_0.png,0
D:\\zainab\\forgery-detector\\data\\ela_cache\11172_0.png,0
D:\\zainab\\forgery-detector\\data\\ela_cache\11173_1.png,1
D:\\zainab\\forgery-detector\\data\\ela_cache\11174_1.png,1
D:\\zainab\\forgery-detector\\data\\ela_cache\11175_1.png,1
D:\\zainab\\forgery-detector\\data\\ela_cache\11176_0.png,0
D:\\zainab\\forgery-detector\\data\\ela_cache\11177_1.png,1
D:\\zainab\\forgery-detector\\data\\ela_cache\11178_0.png,0
D:\\zainab\\forgery-detector\\data\\ela_cache\11179_0.png,0
D:\\zainab\\forgery-detector\\data\\ela_cache\11180_1.png,1
D:\\zainab\\forgery-detector\\data\\ela_cache\11181_0.png,0
D:\\zainab\\forgery-detector\\data\\ela_cache\11182_0.png,0
D:\\zainab\\forgery-detector\\data\\ela_cache\11183_1.png,1
D:\\zainab\\forgery-detector\\data\\ela_cache\11184_0.png,0
D:\\zainab\\forgery-detector\\data\\ela_cache\11185_0.png,0
D:\\zainab\\forgery-detector\\data\\ela_cache\11186_0.png,0
D:\\zainab\\forgery-detector\\data\\ela_cache\11187_0.png,0
D:\\zainab\\forgery-detector\\data\\ela_cache\11188_1.png,1
D:\\zainab\\forgery-detector\\data\\ela_cache\11189_1.png,1
D:\\zainab\\forgery-detector\\data\\ela_cache\11190_0.png,0
D:\\zainab\\forgery-detector\\data\\ela_cache\11191_1.png,1
D:\\zainab\\forgery-detector\\data\\ela_cache\11192_1.png,1
D:\\zainab\\forgery-detector\\data\\ela_cache\11193_1.png,1
D:\\zainab\\forgery-detector\\data\\ela_cache\11194_0.png,0
D:\\zainab\\forgery-detector\\data\\ela_cache\11195_1.png,1
D:\\zainab\\forgery-detector\\data\\ela_cache\11196_1.png,1
D:\\zainab\\forgery-detector\\data\\ela_cache\11197_1.png,1
D:\\zainab\\forgery-detector\\data\\ela_cache\11198_1.png,1
D:\\zainab\\forgery-detector\\data\\ela_cache\11199_1.png,1
D:\\zainab\\forgery-detector\\data\\ela_cache\11200_0.png,0
D:\\zainab\\forgery-detector\\data\\ela_cache\11201_0.png,0
D:\\zainab\\forgery-detector\\data\\ela_cache\11202_0.png,0
D:\\zainab\\forgery-detector\\data\\ela_cache\11203_0.png,0
D:\\zainab\\forgery-detector\\data\\ela_cache\11204_0.png,0
D:\\zainab\\forgery-detector\\data\\ela_cache\11205_0.png,0
D:\\zainab\\forgery-detector\\data\\ela_cache\11206_1.png,1
D:\\zainab\\forgery-detector\\data\\ela_cache\11207_1.png,1
D:\\zainab\\forgery-detector\\data\\ela_cache\11208_0.png,0
D:\\zainab\\forgery-detector\\data\\ela_cache\11209_0.png,0
D:\\zainab\\forgery-detector\\data\\ela_cache\11210_0.png,0
D:\\zainab\\forgery-detector\\data\\ela_cache\11211_0.png,0
D:\\zainab\\forgery-detector\\data\\ela_cache\11212_0.png,0
D:\\zainab\\forgery-detector\\data\\ela_cache\11213_0.png,0
D:\\zainab\\forgery-detector\\data\\ela_cache\11214_1.png,1
D:\\zainab\\forgery-detector\\data\\ela_cache\11215_0.png,0
D:\\zainab\\forgery-detector\\data\\ela_cache\11216_0.png,0
D:\\zainab\\forgery-detector\\data\\ela_cache\11217_1.png,1
D:\\zainab\\forgery-detector\\data\\ela_cache\11218_0.png,0
D:\\zainab\\forgery-detector\\data\\ela_cache\11219_1.png,1
D:\\zainab\\forgery-detector\\data\\ela_cache\11220_1.png,1
D:\\zainab\\forgery-detector\\data\\ela_cache\11221_1.png,1
D:\\zainab\\forgery-detector\\data\\ela_cache\11222_0.png,0
D:\\zainab\\forgery-detector\\data\\ela_cache\11223_0.png,0
D:\\zainab\\forgery-detector\\data\\ela_cache\11224_0.png,0
D:\\zainab\\forgery-detector\\data\\ela_cache\11225_0.png,0
D:\\zainab\\forgery-detector\\data\\ela_cache\11226_1.png,1
D:\\zainab\\forgery-detector\\data\\ela_cache\11227_0.png,0
D:\\zainab\\forgery-detector\\data\\ela_cache\11228_1.png,1
D:\\zainab\\forgery-detector\\data\\ela_cache\11229_0.png,0
D:\\zainab\\forgery-detector\\data\\ela_cache\11230_0.png,0
D:\\zainab\\forgery-detector\\data\\ela_cache\11231_0.png,0
D:\\zainab\\forgery-detector\\data\\ela_cache\11232_0.png,0
D:\\zainab\\forgery-detector\\data\\ela_cache\11233_1.png,1
D:\\zainab\\forgery-detector\\data\\ela_cache\11234_1.png,1
D:\\zainab\\forgery-detector\\data\\ela_cache\11235_0.png,0
D:\\zainab\\forgery-detector\\data\\ela_cache\11236_0.png,0
D:\\zainab\\forgery-detector\\data\\ela_cache\11237_1.png,1
D:\\zainab\\forgery-detector\\data\\ela_cache\11238_0.png,0
D:\\zainab\\forgery-detector\\data\\ela_cache\11239_0.png,0
D:\\zainab\\forgery-detector\\data\\ela_cache\11240_0.png,0
D:\\zainab\\forgery-detector\\data\\ela_cache\11241_0.png,0
D:\\zainab\\forgery-detector\\data\\ela_cache\11242_1.png,1
D:\\zainab\\forgery-detector\\data\\ela_cache\11243_0.png,0
D:\\zainab\\forgery-detector\\data\\ela_cache\11244_0.png,0
D:\\zainab\\forgery-detector\\data\\ela_cache\11245_0.png,0
D:\\zainab\\forgery-detector\\data\\ela_cache\11246_0.png,0
D:\\zainab\\forgery-detector\\data\\ela_cache\11247_0.png,0
D:\\zainab\\forgery-detector\\data\\ela_cache\11248_0.png,0
D:\\zainab\\forgery-detector\\data\\ela_cache\11249_1.png,1
D:\\zainab\\forgery-detector\\data\\ela_cache\11250_0.png,0
D:\\zainab\\forgery-detector\\data\\ela_cache\11251_0.png,0
D:\\zainab\\forgery-detector\\data\\ela_cache\11252_0.png,0
D:\\zainab\\forgery-detector\\data\\ela_cache\11253_1.png,1
D:\\zainab\\forgery-detector\\data\\ela_cache\11254_0.png,0
D:\\zainab\\forgery-detector\\data\\ela_cache\11255_1.png,1
D:\\zainab\\forgery-detector\\data\\ela_cache\11256_1.png,1
D:\\zainab\\forgery-detector\\data\\ela_cache\11257_0.png,0
D:\\zainab\\forgery-detector\\data\\ela_cache\11258_0.png,0
D:\\zainab\\forgery-detector\\data\\ela_cache\11259_1.png,1
D:\\zainab\\forgery-detector\\data\\ela_cache\11260_0.png,0
D:\\zainab\\forgery-detector\\data\\ela_cache\11261_0.png,0
D:\\zainab\\forgery-detector\\data\\ela_cache\11262_0.png,0
D:\\zainab\\forgery-detector\\data\\ela_cache\11263_0.png,0
D:\\zainab\\forgery-detector\\data\\ela_cache\11264_0.png,0
D:\\zainab\\forgery-detector\\data\\ela_cache\11265_1.png,1
D:\\zainab\\forgery-detector\\data\\ela_cache\11266_1.png,1
D:\\zainab\\forgery-detector\\data\\ela_cache\11267_0.png,0
D:\\zainab\\forgery-detector\\data\\ela_cache\11268_1.png,1
D:\\zainab\\forgery-detector\\data\\ela_cache\11269_0.png,0
D:\\zainab\\forgery-detector\\data\\ela_cache\11270_0.png,0
D:\\zainab\\forgery-detector\\data\\ela_cache\11271_1.png,1
D:\\zainab\\forgery-detector\\data\\ela_cache\11272_1.png,1
D:\\zainab\\forgery-detector\\data\\ela_cache\11273_0.png,0
D:\\zainab\\forgery-detector\\data\\ela_cache\11274_0.png,0
D:\\zainab\\forgery-detector\\data\\ela_cache\11275_0.png,0
D:\\zainab\\forgery-detector\\data\\ela_cache\11276_1.png,1
D:\\zainab\\forgery-detector\\data\\ela_cache\11277_0.png,0
D:\\zainab\\forgery-detector\\data\\ela_cache\11278_0.png,0
D:\\zainab\\forgery-detector\\data\\ela_cache\11279_1.png,1
D:\\zainab\\forgery-detector\\data\\ela_cache\11280_0.png,0
D:\\zainab\\forgery-detector\\data\\ela_cache\11281_0.png,0
D:\\zainab\\forgery-detector\\data\\ela_cache\11282_0.png,0
D:\\zainab\\forgery-detector\\data\\ela_cache\11283_1.png,1
D:\\zainab\\forgery-detector\\data\\ela_cache\11284_0.png,0
D:\\zainab\\forgery-detector\\data\\ela_cache\11285_1.png,1
D:\\zainab\\forgery-detector\\data\\ela_cache\11286_1.png,1
D:\\zainab\\forgery-detector\\data\\ela_cache\11287_0.png,0
D:\\zainab\\forgery-detector\\data\\ela_cache\11288_0.png,0
D:\\zainab\\forgery-detector\\data\\ela_cache\11289_1.png,1
D:\\zainab\\forgery-detector\\data\\ela_cache\11290_0.png,0
D:\\zainab\\forgery-detector\\data\\ela_cache\11291_0.png,0
D:\\zainab\\forgery-detector\\data\\ela_cache\11292_0.png,0
D:\\zainab\\forgery-detector\\data\\ela_cache\11293_1.png,1
D:\\zainab\\forgery-detector\\data\\ela_cache\11294_0.png,0
D:\\zainab\\forgery-detector\\data\\ela_cache\11295_1.png,1
D:\\zainab\\forgery-detector\\data\\ela_cache\11296_1.png,1
D:\\zainab\\forgery-detector\\data\\ela_cache\11297_0.png,0
D:\\zainab\\forgery-detector\\data\\ela_cache\11298_1.png,1
D:\\zainab\\forgery-detector\\data\\ela_cache\11299_0.png,0
D:\\zainab\\forgery-detector\\data\\ela_cache\11300_0.png,0
D:\\zainab\\forgery-detector\\data\\ela_cache\11301_1.png,1
D:\\zainab\\forgery-detector\\data\\ela_cache\11302_0.png,0
D:\\zainab\\forgery-detector\\data\\ela_cache\11303_1.png,1
D:\\zainab\\forgery-detector\\data\\ela_cache\11304_0.png,0
D:\\zainab\\forgery-detector\\data\\ela_cache\11305_1.png,1
D:\\zainab\\forgery-detector\\data\\ela_cache\11306_1.png,1
D:\\zainab\\forgery-detector\\data\\ela_cache\11307_0.png,0
D:\\zainab\\forgery-detector\\data\\ela_cache\11308_1.png,1
D:\\zainab\\forgery-detector\\data\\ela_cache\11309_0.png,0
D:\\zainab\\forgery-detector\\data\\ela_cache\11310_0.png,0
D:\\zainab\\forgery-detector\\data\\ela_cache\11311_1.png,1
D:\\zainab\\forgery-detector\\data\\ela_cache\11312_0.png,0
D:\\zainab\\forgery-detector\\data\\ela_cache\11313_1.png,1
D:\\zainab\\forgery-detector\\data\\ela_cache\11314_0.png,0
D:\\zainab\\forgery-detector\\data\\ela_cache\11315_0.png,0
D:\\zainab\\forgery-detector\\data\\ela_cache\11316_0.png,0
D:\\zainab\\forgery-detector\\data\\ela_cache\11317_0.png,0
D:\\zainab\\forgery-detector\\data\\ela_cache\11318_0.png,0
D:\\zainab\\forgery-detector\\data\\ela_cache\11319_0.png,0
D:\\zainab\\forgery-detector\\data\\ela_cache\11320_1.png,1
D:\\zainab\\forgery-detector\\data\\ela_cache\11321_1.png,1
D:\\zainab\\forgery-detector\\data\\ela_cache\11322_1.png,1
D:\\zainab\\forgery-detector\\data\\ela_cache\11323_0.png,0
D:\\zainab\\forgery-detector\\data\\ela_cache\11324_0.png,0
D:\\zainab\\forgery-detector\\data\\ela_cache\11325_1.png,1
D:\\zainab\\forgery-detector\\data\\ela_cache\11326_0.png,0
D:\\zainab\\forgery-detector\\data\\ela_cache\11327_0.png,0
D:\\zainab\\forgery-detector\\data\\ela_cache\11328_0.png,0
D:\\zainab\\forgery-detector\\data\\ela_cache\11329_0.png,0
D:\\zainab\\forgery-detector\\data\\ela_cache\11330_0.png,0
D:\\zainab\\forgery-detector\\data\\ela_cache\11331_0.png,0
D:\\zainab\\forgery-detector\\data\\ela_cache\11332_0.png,0
D:\\zainab\\forgery-detector\\data\\ela_cache\11333_1.png,1
D:\\zainab\\forgery-detector\\data\\ela_cache\11334_0.png,0
D:\\zainab\\forgery-detector\\data\\ela_cache\11335_0.png,0
D:\\zainab\\forgery-detector\\data\\ela_cache\11336_0.png,0
D:\\zainab\\forgery-detector\\data\\ela_cache\11337_1.png,1
D:\\zainab\\forgery-detector\\data\\ela_cache\11338_1.png,1
D:\\zainab\\forgery-detector\\data\\ela_cache\11339_1.png,1
D:\\zainab\\forgery-detector\\data\\ela_cache\11340_1.png,1
D:\\zainab\\forgery-detector\\data\\ela_cache\11341_1.png,1
D:\\zainab\\forgery-detector\\data\\ela_cache\11342_1.png,1
D:\\zainab\\forgery-detector\\data\\ela_cache\11343_0.png,0
D:\\zainab\\forgery-detector\\data\\ela_cache\11344_0.png,0
D:\\zainab\\forgery-detector\\data\\ela_cache\11345_1.png,1
D:\\zainab\\forgery-detector\\data\\ela_cache\11346_1.png,1
D:\\zainab\\forgery-detector\\data\\ela_cache\11347_0.png,0
D:\\zainab\\forgery-detector\\data\\ela_cache\11348_0.png,0
D:\\zainab\\forgery-detector\\data\\ela_cache\11349_0.png,0
D:\\zainab\\forgery-detector\\data\\ela_cache\11350_1.png,1
D:\\zainab\\forgery-detector\\data\\ela_cache\11351_1.png,1
D:\\zainab\\forgery-detector\\data\\ela_cache\11352_0.png,0
D:\\zainab\\forgery-detector\\data\\ela_cache\11353_0.png,0
D:\\zainab\\forgery-detector\\data\\ela_cache\11354_0.png,0
D:\\zainab\\forgery-detector\\data\\ela_cache\11355_0.png,0
D:\\zainab\\forgery-detector\\data\\ela_cache\11356_0.png,0
D:\\zainab\\forgery-detector\\data\\ela_cache\11357_0.png,0
D:\\zainab\\forgery-detector\\data\\ela_cache\11358_0.png,0
D:\\zainab\\forgery-detector\\data\\ela_cache\11359_1.png,1
D:\\zainab\\forgery-detector\\data\\ela_cache\11360_0.png,0
D:\\zainab\\forgery-detector\\data\\ela_cache\11361_0.png,0
D:\\zainab\\forgery-detector\\data\\ela_cache\11362_1.png,1
D:\\zainab\\forgery-detector\\data\\ela_cache\11363_0.png,0
D:\\zainab\\forgery-detector\\data\\ela_cache\11364_0.png,0
D:\\zainab\\forgery-detector\\data\\ela_cache\11365_0.png,0
D:\\zainab\\forgery-detector\\data\\ela_cache\11366_1.png,1
D:\\zainab\\forgery-detector\\data\\ela_cache\11367_1.png,1
D:\\zainab\\forgery-detector\\data\\ela_cache\11368_0.png,0
D:\\zainab\\forgery-detector\\data\\ela_cache\11369_0.png,0
D:\\zainab\\forgery-detector\\data\\ela_cache\11370_0.png,0
D:\\zainab\\forgery-detector\\data\\ela_cache\11371_0.png,0
D:\\zainab\\forgery-detector\\data\\ela_cache\11372_1.png,1
D:\\zainab\\forgery-detector\\data\\ela_cache\11373_0.png,0
D:\\zainab\\forgery-detector\\data\\ela_cache\11374_0.png,0
D:\\zainab\\forgery-detector\\data\\ela_cache\11375_1.png,1
D:\\zainab\\forgery-detector\\data\\ela_cache\11376_1.png,1
D:\\zainab\\forgery-detector\\data\\ela_cache\11377_1.png,1
D:\\zainab\\forgery-detector\\data\\ela_cache\11378_0.png,0
D:\\zainab\\forgery-detector\\data\\ela_cache\11379_0.png,0
D:\\zainab\\forgery-detector\\data\\ela_cache\11380_0.png,0
D:\\zainab\\forgery-detector\\data\\ela_cache\11381_1.png,1
D:\\zainab\\forgery-detector\\data\\ela_cache\11382_0.png,0
D:\\zainab\\forgery-detector\\data\\ela_cache\11383_0.png,0
D:\\zainab\\forgery-detector\\data\\ela_cache\11384_0.png,0
D:\\zainab\\forgery-detector\\data\\ela_cache\11385_1.png,1
D:\\zainab\\forgery-detector\\data\\ela_cache\11386_0.png,0
D:\\zainab\\forgery-detector\\data\\ela_cache\11387_1.png,1
D:\\zainab\\forgery-detector\\data\\ela_cache\11388_1.png,1
D:\\zainab\\forgery-detector\\data\\ela_cache\11389_0.png,0
D:\\zainab\\forgery-detector\\data\\ela_cache\11390_1.png,1
D:\\zainab\\forgery-detector\\data\\ela_cache\11391_1.png,1
D:\\zainab\\forgery-detector\\data\\ela_cache\11392_1.png,1
D:\\zainab\\forgery-detector\\data\\ela_cache\11393_1.png,1
D:\\zainab\\forgery-detector\\data\\ela_cache\11394_0.png,0
D:\\zainab\\forgery-detector\\data\\ela_cache\11395_1.png,1
D:\\zainab\\forgery-detector\\data\\ela_cache\11396_1.png,1
D:\\zainab\\forgery-detector\\data\\ela_cache\11397_0.png,0
D:\\zainab\\forgery-detector\\data\\ela_cache\11398_0.png,0
D:\\zainab\\forgery-detector\\data\\ela_cache\11399_0.png,0
D:\\zainab\\forgery-detector\\data\\ela_cache\11400_1.png,1
D:\\zainab\\forgery-detector\\data\\ela_cache\11401_1.png,1
D:\\zainab\\forgery-detector\\data\\ela_cache\11402_1.png,1
D:\\zainab\\forgery-detector\\data\\ela_cache\11403_0.png,0
D:\\zainab\\forgery-detector\\data\\ela_cache\11404_0.png,0
D:\\zainab\\forgery-detector\\data\\ela_cache\11405_1.png,1
D:\\zainab\\forgery-detector\\data\\ela_cache\11406_0.png,0
D:\\zainab\\forgery-detector\\data\\ela_cache\11407_1.png,1
D:\\zainab\\forgery-detector\\data\\ela_cache\11408_0.png,0
D:\\zainab\\forgery-detector\\data\\ela_cache\11409_0.png,0
D:\\zainab\\forgery-detector\\data\\ela_cache\11410_0.png,0
D:\\zainab\\forgery-detector\\data\\ela_cache\11411_0.png,0
D:\\zainab\\forgery-detector\\data\\ela_cache\11412_0.png,0
D:\\zainab\\forgery-detector\\data\\ela_cache\11413_0.png,0
D:\\zainab\\forgery-detector\\data\\ela_cache\11414_0.png,0
D:\\zainab\\forgery-detector\\data\\ela_cache\11415_1.png,1
D:\\zainab\\forgery-detector\\data\\ela_cache\11416_0.png,0
D:\\zainab\\forgery-detector\\data\\ela_cache\11417_1.png,1
D:\\zainab\\forgery-detector\\data\\ela_cache\11418_0.png,0
D:\\zainab\\forgery-detector\\data\\ela_cache\11419_1.png,1
D:\\zainab\\forgery-detector\\data\\ela_cache\11420_0.png,0
D:\\zainab\\forgery-detector\\data\\ela_cache\11421_0.png,0
D:\\zainab\\forgery-detector\\data\\ela_cache\11422_1.png,1
D:\\zainab\\forgery-detector\\data\\ela_cache\11423_1.png,1
D:\\zainab\\forgery-detector\\data\\ela_cache\11424_0.png,0
D:\\zainab\\forgery-detector\\data\\ela_cache\11425_0.png,0
D:\\zainab\\forgery-detector\\data\\ela_cache\11426_1.png,1
D:\\zainab\\forgery-detector\\data\\ela_cache\11427_0.png,0
D:\\zainab\\forgery-detector\\data\\ela_cache\11428_0.png,0
D:\\zainab\\forgery-detector\\data\\ela_cache\11429_0.png,0
D:\\zainab\\forgery-detector\\data\\ela_cache\11430_0.png,0
D:\\zainab\\forgery-detector\\data\\ela_cache\11431_0.png,0
D:\\zainab\\forgery-detector\\data\\ela_cache\11432_1.png,1
D:\\zainab\\forgery-detector\\data\\ela_cache\11433_0.png,0
D:\\zainab\\forgery-detector\\data\\ela_cache\11434_1.png,1
D:\\zainab\\forgery-detector\\data\\ela_cache\11435_0.png,0
D:\\zainab\\forgery-detector\\data\\ela_cache\11436_0.png,0
D:\\zainab\\forgery-detector\\data\\ela_cache\11437_0.png,0
D:\\zainab\\forgery-detector\\data\\ela_cache\11438_1.png,1
D:\\zainab\\forgery-detector\\data\\ela_cache\11439_1.png,1
D:\\zainab\\forgery-detector\\data\\ela_cache\11440_1.png,1
D:\\zainab\\forgery-detector\\data\\ela_cache\11441_0.png,0
D:\\zainab\\forgery-detector\\data\\ela_cache\11442_0.png,0
D:\\zainab\\forgery-detector\\data\\ela_cache\11443_0.png,0
D:\\zainab\\forgery-detector\\data\\ela_cache\11444_1.png,1
D:\\zainab\\forgery-detector\\data\\ela_cache\11445_0.png,0
D:\\zainab\\forgery-detector\\data\\ela_cache\11446_1.png,1
D:\\zainab\\forgery-detector\\data\\ela_cache\11447_0.png,0
D:\\zainab\\forgery-detector\\data\\ela_cache\11448_1.png,1
D:\\zainab\\forgery-detector\\data\\ela_cache\11449_0.png,0
D:\\zainab\\forgery-detector\\data\\ela_cache\11450_1.png,1
D:\\zainab\\forgery-detector\\data\\ela_cache\11451_0.png,0
D:\\zainab\\forgery-detector\\data\\ela_cache\11452_1.png,1
D:\\zainab\\forgery-detector\\data\\ela_cache\11453_0.png,0
D:\\zainab\\forgery-detector\\data\\ela_cache\11454_1.png,1
D:\\zainab\\forgery-detector\\data\\ela_cache\11455_0.png,0
D:\\zainab\\forgery-detector\\data\\ela_cache\11456_0.png,0
D:\\zainab\\forgery-detector\\data\\ela_cache\11457_0.png,0
D:\\zainab\\forgery-detector\\data\\ela_cache\11458_1.png,1
D:\\zainab\\forgery-detector\\data\\ela_cache\11459_0.png,0
D:\\zainab\\forgery-detector\\data\\ela_cache\11460_0.png,0
D:\\zainab\\forgery-detector\\data\\ela_cache\11461_0.png,0
D:\\zainab\\forgery-detector\\data\\ela_cache\11462_1.png,1
D:\\zainab\\forgery-detector\\data\\ela_cache\11463_0.png,0
D:\\zainab\\forgery-detector\\data\\ela_cache\11464_0.png,0
D:\\zainab\\forgery-detector\\data\\ela_cache\11465_0.png,0
D:\\zainab\\forgery-detector\\data\\ela_cache\11466_0.png,0
D:\\zainab\\forgery-detector\\data\\ela_cache\11467_0.png,0
D:\\zainab\\forgery-detector\\data\\ela_cache\11468_1.png,1
D:\\zainab\\forgery-detector\\data\\ela_cache\11469_0.png,0
D:\\zainab\\forgery-detector\\data\\ela_cache\11470_1.png,1
D:\\zainab\\forgery-detector\\data\\ela_cache\11471_1.png,1
D:\\zainab\\forgery-detector\\data\\ela_cache\11472_1.png,1
D:\\zainab\\forgery-detector\\data\\ela_cache\11473_1.png,1
D:\\zainab\\forgery-detector\\data\\ela_cache\11474_0.png,0
D:\\zainab\\forgery-detector\\data\\ela_cache\11475_0.png,0
D:\\zainab\\forgery-detector\\data\\ela_cache\11476_0.png,0
D:\\zainab\\forgery-detector\\data\\ela_cache\11477_0.png,0
D:\\zainab\\forgery-detector\\data\\ela_cache\11478_1.png,1
D:\\zainab\\forgery-detector\\data\\ela_cache\11479_1.png,1
D:\\zainab\\forgery-detector\\data\\ela_cache\11480_0.png,0
D:\\zainab\\forgery-detector\\data\\ela_cache\11481_1.png,1
D:\\zainab\\forgery-detector\\data\\ela_cache\11482_0.png,0
D:\\zainab\\forgery-detector\\data\\ela_cache\11483_0.png,0
D:\\zainab\\forgery-detector\\data\\ela_cache\11484_1.png,1
D:\\zainab\\forgery-detector\\data\\ela_cache\11485_1.png,1
D:\\zainab\\forgery-detector\\data\\ela_cache\11486_0.png,0
D:\\zainab\\forgery-detector\\data\\ela_cache\11487_1.png,1
D:\\zainab\\forgery-detector\\data\\ela_cache\11488_1.png,1
D:\\zainab\\forgery-detector\\data\\ela_cache\11489_1.png,1
D:\\zainab\\forgery-detector\\data\\ela_cache\11490_0.png,0
D:\\zainab\\forgery-detector\\data\\ela_cache\11491_0.png,0
D:\\zainab\\forgery-detector\\data\\ela_cache\11492_1.png,1
D:\\zainab\\forgery-detector\\data\\ela_cache\11493_0.png,0
D:\\zainab\\forgery-detector\\data\\ela_cache\11494_0.png,0
D:\\zainab\\forgery-detector\\data\\ela_cache\11495_0.png,0
D:\\zainab\\forgery-detector\\data\\ela_cache\11496_1.png,1
D:\\zainab\\forgery-detector\\data\\ela_cache\11497_1.png,1
D:\\zainab\\forgery-detector\\data\\ela_cache\11498_0.png,0
D:\\zainab\\forgery-detector\\data\\ela_cache\11499_0.png,0
D:\\zainab\\forgery-detector\\data\\ela_cache\11500_0.png,0
D:\\zainab\\forgery-detector\\data\\ela_cache\11501_1.png,1
D:\\zainab\\forgery-detector\\data\\ela_cache\11502_0.png,0
D:\\zainab\\forgery-detector\\data\\ela_cache\11503_1.png,1
D:\\zainab\\forgery-detector\\data\\ela_cache\11504_0.png,0
D:\\zainab\\forgery-detector\\data\\ela_cache\11505_0.png,0
D:\\zainab\\forgery-detector\\data\\ela_cache\11506_1.png,1
D:\\zainab\\forgery-detector\\data\\ela_cache\11507_1.png,1
D:\\zainab\\forgery-detector\\data\\ela_cache\11508_0.png,0
D:\\zainab\\forgery-detector\\data\\ela_cache\11509_1.png,1
D:\\zainab\\forgery-detector\\data\\ela_cache\11510_1.png,1
D:\\zainab\\forgery-detector\\data\\ela_cache\11511_0.png,0
D:\\zainab\\forgery-detector\\data\\ela_cache\11512_0.png,0
D:\\zainab\\forgery-detector\\data\\ela_cache\11513_1.png,1
D:\\zainab\\forgery-detector\\data\\ela_cache\11514_1.png,1
D:\\zainab\\forgery-detector\\data\\ela_cache\11515_0.png,0
D:\\zainab\\forgery-detector\\data\\ela_cache\11516_1.png,1
D:\\zainab\\forgery-detector\\data\\ela_cache\11517_0.png,0
D:\\zainab\\forgery-detector\\data\\ela_cache\11518_0.png,0
D:\\zainab\\forgery-detector\\data\\ela_cache\11519_0.png,0
D:\\zainab\\forgery-detector\\data\\ela_cache\11520_1.png,1
D:\\zainab\\forgery-detector\\data\\ela_cache\11521_0.png,0
D:\\zainab\\forgery-detector\\data\\ela_cache\11522_1.png,1
D:\\zainab\\forgery-detector\\data\\ela_cache\11523_0.png,0
D:\\zainab\\forgery-detector\\data\\ela_cache\11524_0.png,0
D:\\zainab\\forgery-detector\\data\\ela_cache\11525_1.png,1
D:\\zainab\\forgery-detector\\data\\ela_cache\11526_1.png,1
D:\\zainab\\forgery-detector\\data\\ela_cache\11527_1.png,1
D:\\zainab\\forgery-detector\\data\\ela_cache\11528_0.png,0
D:\\zainab\\forgery-detector\\data\\ela_cache\11529_0.png,0
D:\\zainab\\forgery-detector\\data\\ela_cache\11530_0.png,0
D:\\zainab\\forgery-detector\\data\\ela_cache\11531_0.png,0
D:\\zainab\\forgery-detector\\data\\ela_cache\11532_0.png,0
D:\\zainab\\forgery-detector\\data\\ela_cache\11533_0.png,0
D:\\zainab\\forgery-detector\\data\\ela_cache\11534_1.png,1
D:\\zainab\\forgery-detector\\data\\ela_cache\11535_0.png,0
D:\\zainab\\forgery-detector\\data\\ela_cache\11536_1.png,1
D:\\zainab\\forgery-detector\\data\\ela_cache\11537_0.png,0
D:\\zainab\\forgery-detector\\data\\ela_cache\11538_0.png,0
D:\\zainab\\forgery-detector\\data\\ela_cache\11539_0.png,0
D:\\zainab\\forgery-detector\\data\\ela_cache\11540_1.png,1
D:\\zainab\\forgery-detector\\data\\ela_cache\11541_1.png,1
D:\\zainab\\forgery-detector\\data\\ela_cache\11542_1.png,1
D:\\zainab\\forgery-detector\\data\\ela_cache\11543_0.png,0
D:\\zainab\\forgery-detector\\data\\ela_cache\11544_1.png,1
D:\\zainab\\forgery-detector\\data\\ela_cache\11545_1.png,1
D:\\zainab\\forgery-detector\\data\\ela_cache\11546_0.png,0
D:\\zainab\\forgery-detector\\data\\ela_cache\11547_0.png,0
D:\\zainab\\forgery-detector\\data\\ela_cache\11548_0.png,0
D:\\zainab\\forgery-detector\\data\\ela_cache\11549_0.png,0
D:\\zainab\\forgery-detector\\data\\ela_cache\11550_1.png,1
D:\\zainab\\forgery-detector\\data\\ela_cache\11551_0.png,0
D:\\zainab\\forgery-detector\\data\\ela_cache\11552_1.png,1
D:\\zainab\\forgery-detector\\data\\ela_cache\11553_0.png,0
D:\\zainab\\forgery-detector\\data\\ela_cache\11554_1.png,1
D:\\zainab\\forgery-detector\\data\\ela_cache\11555_1.png,1
D:\\zainab\\forgery-detector\\data\\ela_cache\11556_0.png,0
D:\\zainab\\forgery-detector\\data\\ela_cache\11557_0.png,0
D:\\zainab\\forgery-detector\\data\\ela_cache\11558_0.png,0
D:\\zainab\\forgery-detector\\data\\ela_cache\11559_1.png,1
D:\\zainab\\forgery-detector\\data\\ela_cache\11560_1.png,1
D:\\zainab\\forgery-detector\\data\\ela_cache\11561_0.png,0
D:\\zainab\\forgery-detector\\data\\ela_cache\11562_0.png,0
D:\\zainab\\forgery-detector\\data\\ela_cache\11563_0.png,0
D:\\zainab\\forgery-detector\\data\\ela_cache\11564_1.png,1
D:\\zainab\\forgery-detector\\data\\ela_cache\11565_1.png,1
D:\\zainab\\forgery-detector\\data\\ela_cache\11566_1.png,1
D:\\zainab\\forgery-detector\\data\\ela_cache\11567_0.png,0
D:\\zainab\\forgery-detector\\data\\ela_cache\11568_1.png,1
D:\\zainab\\forgery-detector\\data\\ela_cache\11569_0.png,0
D:\\zainab\\forgery-detector\\data\\ela_cache\11570_0.png,0
D:\\zainab\\forgery-detector\\data\\ela_cache\11571_1.png,1
D:\\zainab\\forgery-detector\\data\\ela_cache\11572_0.png,0
D:\\zainab\\forgery-detector\\data\\ela_cache\11573_0.png,0
D:\\zainab\\forgery-detector\\data\\ela_cache\11574_0.png,0
D:\\zainab\\forgery-detector\\data\\ela_cache\11575_0.png,0
D:\\zainab\\forgery-detector\\data\\ela_cache\11576_1.png,1
D:\\zainab\\forgery-detector\\data\\ela_cache\11577_1.png,1
D:\\zainab\\forgery-detector\\data\\ela_cache\11578_1.png,1
D:\\zainab\\forgery-detector\\data\\ela_cache\11579_1.png,1
D:\\zainab\\forgery-detector\\data\\ela_cache\11580_0.png,0
D:\\zainab\\forgery-detector\\data\\ela_cache\11581_1.png,1
D:\\zainab\\forgery-detector\\data\\ela_cache\11582_1.png,1
D:\\zainab\\forgery-detector\\data\\ela_cache\11583_1.png,1
D:\\zainab\\forgery-detector\\data\\ela_cache\11584_0.png,0
D:\\zainab\\forgery-detector\\data\\ela_cache\11585_0.png,0
D:\\zainab\\forgery-detector\\data\\ela_cache\11586_0.png,0
D:\\zainab\\forgery-detector\\data\\ela_cache\11587_1.png,1
D:\\zainab\\forgery-detector\\data\\ela_cache\11588_0.png,0
D:\\zainab\\forgery-detector\\data\\ela_cache\11589_0.png,0
D:\\zainab\\forgery-detector\\data\\ela_cache\11590_0.png,0
D:\\zainab\\forgery-detector\\data\\ela_cache\11591_1.png,1
D:\\zainab\\forgery-detector\\data\\ela_cache\11592_1.png,1
D:\\zainab\\forgery-detector\\data\\ela_cache\11593_0.png,0
D:\\zainab\\forgery-detector\\data\\ela_cache\11594_0.png,0
D:\\zainab\\forgery-detector\\data\\ela_cache\11595_1.png,1
D:\\zainab\\forgery-detector\\data\\ela_cache\11596_1.png,1
D:\\zainab\\forgery-detector\\data\\ela_cache\11597_1.png,1
D:\\zainab\\forgery-detector\\data\\ela_cache\11598_0.png,0
D:\\zainab\\forgery-detector\\data\\ela_cache\11599_1.png,1
D:\\zainab\\forgery-detector\\data\\ela_cache\11600_1.png,1
D:\\zainab\\forgery-detector\\data\\ela_cache\11601_1.png,1
D:\\zainab\\forgery-detector\\data\\ela_cache\11602_0.png,0
D:\\zainab\\forgery-detector\\data\\ela_cache\11603_1.png,1
D:\\zainab\\forgery-detector\\data\\ela_cache\11604_0.png,0
D:\\zainab\\forgery-detector\\data\\ela_cache\11605_0.png,0
D:\\zainab\\forgery-detector\\data\\ela_cache\11606_0.png,0
D:\\zainab\\forgery-detector\\data\\ela_cache\11607_0.png,0
D:\\zainab\\forgery-detector\\data\\ela_cache\11608_1.png,1
D:\\zainab\\forgery-detector\\data\\ela_cache\11609_0.png,0
D:\\zainab\\forgery-detector\\data\\ela_cache\11610_0.png,0
D:\\zainab\\forgery-detector\\data\\ela_cache\11611_0.png,0
D:\\zainab\\forgery-detector\\data\\ela_cache\11612_1.png,1
D:\\zainab\\forgery-detector\\data\\ela_cache\11613_1.png,1
D:\\zainab\\forgery-detector\\data\\ela_cache\11614_1.png,1
D:\\zainab\\forgery-detector\\data\\ela_cache\11615_0.png,0
D:\\zainab\\forgery-detector\\data\\ela_cache\11616_1.png,1
D:\\zainab\\forgery-detector\\data\\ela_cache\11617_0.png,0
D:\\zainab\\forgery-detector\\data\\ela_cache\11618_1.png,1
D:\\zainab\\forgery-detector\\data\\ela_cache\11619_0.png,0
D:\\zainab\\forgery-detector\\data\\ela_cache\11620_1.png,1
D:\\zainab\\forgery-detector\\data\\ela_cache\11621_1.png,1
D:\\zainab\\forgery-detector\\data\\ela_cache\11622_0.png,0
D:\\zainab\\forgery-detector\\data\\ela_cache\11623_1.png,1
D:\\zainab\\forgery-detector\\data\\ela_cache\11624_1.png,1
D:\\zainab\\forgery-detector\\data\\ela_cache\11625_0.png,0
D:\\zainab\\forgery-detector\\data\\ela_cache\11626_0.png,0
D:\\zainab\\forgery-detector\\data\\ela_cache\11627_0.png,0
D:\\zainab\\forgery-detector\\data\\ela_cache\11628_0.png,0
D:\\zainab\\forgery-detector\\data\\ela_cache\11629_0.png,0
D:\\zainab\\forgery-detector\\data\\ela_cache\11630_0.png,0
D:\\zainab\\forgery-detector\\data\\ela_cache\11631_0.png,0
D:\\zainab\\forgery-detector\\data\\ela_cache\11632_0.png,0
D:\\zainab\\forgery-detector\\data\\ela_cache\11633_0.png,0
D:\\zainab\\forgery-detector\\data\\ela_cache\11634_0.png,0
D:\\zainab\\forgery-detector\\data\\ela_cache\11635_1.png,1
D:\\zainab\\forgery-detector\\data\\ela_cache\11636_0.png,0
D:\\zainab\\forgery-detector\\data\\ela_cache\11637_1.png,1
D:\\zainab\\forgery-detector\\data\\ela_cache\11638_1.png,1
D:\\zainab\\forgery-detector\\data\\ela_cache\11639_0.png,0
D:\\zainab\\forgery-detector\\data\\ela_cache\11640_0.png,0
D:\\zainab\\forgery-detector\\data\\ela_cache\11641_0.png,0
D:\\zainab\\forgery-detector\\data\\ela_cache\11642_1.png,1
D:\\zainab\\forgery-detector\\data\\ela_cache\11643_0.png,0
D:\\zainab\\forgery-detector\\data\\ela_cache\11644_0.png,0
D:\\zainab\\forgery-detector\\data\\ela_cache\11645_1.png,1
D:\\zainab\\forgery-detector\\data\\ela_cache\11646_0.png,0
D:\\zainab\\forgery-detector\\data\\ela_cache\11647_0.png,0
D:\\zainab\\forgery-detector\\data\\ela_cache\11648_0.png,0
D:\\zainab\\forgery-detector\\data\\ela_cache\11649_0.png,0
D:\\zainab\\forgery-detector\\data\\ela_cache\11650_0.png,0
D:\\zainab\\forgery-detector\\data\\ela_cache\11651_1.png,1
D:\\zainab\\forgery-detector\\data\\ela_cache\11652_1.png,1
D:\\zainab\\forgery-detector\\data\\ela_cache\11653_0.png,0
D:\\zainab\\forgery-detector\\data\\ela_cache\11654_1.png,1
D:\\zainab\\forgery-detector\\data\\ela_cache\11655_1.png,1
D:\\zainab\\forgery-detector\\data\\ela_cache\11656_0.png,0
D:\\zainab\\forgery-detector\\data\\ela_cache\11657_0.png,0
D:\\zainab\\forgery-detector\\data\\ela_cache\11658_1.png,1
D:\\zainab\\forgery-detector\\data\\ela_cache\11659_1.png,1
D:\\zainab\\forgery-detector\\data\\ela_cache\11660_0.png,0
D:\\zainab\\forgery-detector\\data\\ela_cache\11661_1.png,1
D:\\zainab\\forgery-detector\\data\\ela_cache\11662_0.png,0
D:\\zainab\\forgery-detector\\data\\ela_cache\11663_0.png,0
D:\\zainab\\forgery-detector\\data\\ela_cache\11664_0.png,0
D:\\zainab\\forgery-detector\\data\\ela_cache\11665_0.png,0
D:\\zainab\\forgery-detector\\data\\ela_cache\11666_0.png,0
D:\\zainab\\forgery-detector\\data\\ela_cache\11667_0.png,0
D:\\zainab\\forgery-detector\\data\\ela_cache\11668_1.png,1
D:\\zainab\\forgery-detector\\data\\ela_cache\11669_0.png,0
D:\\zainab\\forgery-detector\\data\\ela_cache\11670_1.png,1
D:\\zainab\\forgery-detector\\data\\ela_cache\11671_1.png,1
D:\\zainab\\forgery-detector\\data\\ela_cache\11672_1.png,1
D:\\zainab\\forgery-detector\\data\\ela_cache\11673_1.png,1
D:\\zainab\\forgery-detector\\data\\ela_cache\11674_0.png,0
D:\\zainab\\forgery-detector\\data\\ela_cache\11675_1.png,1
D:\\zainab\\forgery-detector\\data\\ela_cache\11676_0.png,0
D:\\zainab\\forgery-detector\\data\\ela_cache\11677_0.png,0
D:\\zainab\\forgery-detector\\data\\ela_cache\11678_0.png,0
D:\\zainab\\forgery-detector\\data\\ela_cache\11679_0.png,0
D:\\zainab\\forgery-detector\\data\\ela_cache\11680_0.png,0
D:\\zainab\\forgery-detector\\data\\ela_cache\11681_1.png,1
D:\\zainab\\forgery-detector\\data\\ela_cache\11682_1.png,1
D:\\zainab\\forgery-detector\\data\\ela_cache\11683_1.png,1
D:\\zainab\\forgery-detector\\data\\ela_cache\11684_1.png,1
D:\\zainab\\forgery-detector\\data\\ela_cache\11685_1.png,1
D:\\zainab\\forgery-detector\\data\\ela_cache\11686_1.png,1
D:\\zainab\\forgery-detector\\data\\ela_cache\11687_0.png,0
D:\\zainab\\forgery-detector\\data\\ela_cache\11688_1.png,1
D:\\zainab\\forgery-detector\\data\\ela_cache\11689_0.png,0
D:\\zainab\\forgery-detector\\data\\ela_cache\11690_0.png,0
D:\\zainab\\forgery-detector\\data\\ela_cache\11691_0.png,0
D:\\zainab\\forgery-detector\\data\\ela_cache\11692_1.png,1
D:\\zainab\\forgery-detector\\data\\ela_cache\11693_0.png,0
D:\\zainab\\forgery-detector\\data\\ela_cache\11694_0.png,0
D:\\zainab\\forgery-detector\\data\\ela_cache\11695_0.png,0
D:\\zainab\\forgery-detector\\data\\ela_cache\11696_0.png,0
D:\\zainab\\forgery-detector\\data\\ela_cache\11697_0.png,0
D:\\zainab\\forgery-detector\\data\\ela_cache\11698_0.png,0
D:\\zainab\\forgery-detector\\data\\ela_cache\11699_0.png,0
D:\\zainab\\forgery-detector\\data\\ela_cache\11700_1.png,1
D:\\zainab\\forgery-detector\\data\\ela_cache\11701_1.png,1
D:\\zainab\\forgery-detector\\data\\ela_cache\11702_0.png,0
D:\\zainab\\forgery-detector\\data\\ela_cache\11703_1.png,1
D:\\zainab\\forgery-detector\\data\\ela_cache\11704_0.png,0
D:\\zainab\\forgery-detector\\data\\ela_cache\11705_0.png,0
D:\\zainab\\forgery-detector\\data\\ela_cache\11706_0.png,0
D:\\zainab\\forgery-detector\\data\\ela_cache\11707_0.png,0
D:\\zainab\\forgery-detector\\data\\ela_cache\11708_0.png,0
D:\\zainab\\forgery-detector\\data\\ela_cache\11709_0.png,0
D:\\zainab\\forgery-detector\\data\\ela_cache\11710_0.png,0
D:\\zainab\\forgery-detector\\data\\ela_cache\11711_0.png,0
D:\\zainab\\forgery-detector\\data\\ela_cache\11712_0.png,0
D:\\zainab\\forgery-detector\\data\\ela_cache\11713_0.png,0
D:\\zainab\\forgery-detector\\data\\ela_cache\11714_1.png,1
D:\\zainab\\forgery-detector\\data\\ela_cache\11715_1.png,1
D:\\zainab\\forgery-detector\\data\\ela_cache\11716_0.png,0
D:\\zainab\\forgery-detector\\data\\ela_cache\11717_0.png,0
D:\\zainab\\forgery-detector\\data\\ela_cache\11718_0.png,0
D:\\zainab\\forgery-detector\\data\\ela_cache\11719_0.png,0
D:\\zainab\\forgery-detector\\data\\ela_cache\11720_1.png,1
D:\\zainab\\forgery-detector\\data\\ela_cache\11721_1.png,1
D:\\zainab\\forgery-detector\\data\\ela_cache\11722_0.png,0
D:\\zainab\\forgery-detector\\data\\ela_cache\11723_0.png,0
D:\\zainab\\forgery-detector\\data\\ela_cache\11724_1.png,1
D:\\zainab\\forgery-detector\\data\\ela_cache\11725_1.png,1
D:\\zainab\\forgery-detector\\data\\ela_cache\11726_0.png,0
D:\\zainab\\forgery-detector\\data\\ela_cache\11727_1.png,1
D:\\zainab\\forgery-detector\\data\\ela_cache\11728_0.png,0
D:\\zainab\\forgery-detector\\data\\ela_cache\11729_1.png,1
D:\\zainab\\forgery-detector\\data\\ela_cache\11730_0.png,0
D:\\zainab\\forgery-detector\\data\\ela_cache\11731_1.png,1
D:\\zainab\\forgery-detector\\data\\ela_cache\11732_1.png,1
D:\\zainab\\forgery-detector\\data\\ela_cache\11733_0.png,0
D:\\zainab\\forgery-detector\\data\\ela_cache\11734_1.png,1
D:\\zainab\\forgery-detector\\data\\ela_cache\11735_0.png,0
D:\\zainab\\forgery-detector\\data\\ela_cache\11736_1.png,1
D:\\zainab\\forgery-detector\\data\\ela_cache\11737_0.png,0
D:\\zainab\\forgery-detector\\data\\ela_cache\11738_0.png,0
D:\\zainab\\forgery-detector\\data\\ela_cache\11739_0.png,0
D:\\zainab\\forgery-detector\\data\\ela_cache\11740_1.png,1
D:\\zainab\\forgery-detector\\data\\ela_cache\11741_0.png,0
D:\\zainab\\forgery-detector\\data\\ela_cache\11742_0.png,0
D:\\zainab\\forgery-detector\\data\\ela_cache\11743_0.png,0
D:\\zainab\\forgery-detector\\data\\ela_cache\11744_0.png,0
D:\\zainab\\forgery-detector\\data\\ela_cache\11745_1.png,1
D:\\zainab\\forgery-detector\\data\\ela_cache\11746_0.png,0
D:\\zainab\\forgery-detector\\data\\ela_cache\11747_1.png,1
D:\\zainab\\forgery-detector\\data\\ela_cache\11748_1.png,1
D:\\zainab\\forgery-detector\\data\\ela_cache\11749_1.png,1
D:\\zainab\\forgery-detector\\data\\ela_cache\11750_1.png,1
D:\\zainab\\forgery-detector\\data\\ela_cache\11751_0.png,0
D:\\zainab\\forgery-detector\\data\\ela_cache\11752_1.png,1
D:\\zainab\\forgery-detector\\data\\ela_cache\11753_0.png,0
D:\\zainab\\forgery-detector\\data\\ela_cache\11754_0.png,0
D:\\zainab\\forgery-detector\\data\\ela_cache\11755_1.png,1
D:\\zainab\\forgery-detector\\data\\ela_cache\11756_1.png,1
D:\\zainab\\forgery-detector\\data\\ela_cache\11757_0.png,0
D:\\zainab\\forgery-detector\\data\\ela_cache\11758_1.png,1
D:\\zainab\\forgery-detector\\data\\ela_cache\11759_0.png,0
D:\\zainab\\forgery-detector\\data\\ela_cache\11760_0.png,0
D:\\zainab\\forgery-detector\\data\\ela_cache\11761_1.png,1
D:\\zainab\\forgery-detector\\data\\ela_cache\11762_1.png,1
D:\\zainab\\forgery-detector\\data\\ela_cache\11763_0.png,0
D:\\zainab\\forgery-detector\\data\\ela_cache\11764_0.png,0
D:\\zainab\\forgery-detector\\data\\ela_cache\11765_0.png,0
D:\\zainab\\forgery-detector\\data\\ela_cache\11766_1.png,1
D:\\zainab\\forgery-detector\\data\\ela_cache\11767_0.png,0
D:\\zainab\\forgery-detector\\data\\ela_cache\11768_1.png,1
D:\\zainab\\forgery-detector\\data\\ela_cache\11769_0.png,0
D:\\zainab\\forgery-detector\\data\\ela_cache\11770_0.png,0
D:\\zainab\\forgery-detector\\data\\ela_cache\11771_0.png,0
D:\\zainab\\forgery-detector\\data\\ela_cache\11772_0.png,0
D:\\zainab\\forgery-detector\\data\\ela_cache\11773_0.png,0
D:\\zainab\\forgery-detector\\data\\ela_cache\11774_0.png,0
D:\\zainab\\forgery-detector\\data\\ela_cache\11775_1.png,1
D:\\zainab\\forgery-detector\\data\\ela_cache\11776_1.png,1
D:\\zainab\\forgery-detector\\data\\ela_cache\11777_0.png,0
D:\\zainab\\forgery-detector\\data\\ela_cache\11778_0.png,0
D:\\zainab\\forgery-detector\\data\\ela_cache\11779_0.png,0
D:\\zainab\\forgery-detector\\data\\ela_cache\11780_0.png,0
D:\\zainab\\forgery-detector\\data\\ela_cache\11781_1.png,1
D:\\zainab\\forgery-detector\\data\\ela_cache\11782_1.png,1
D:\\zainab\\forgery-detector\\data\\ela_cache\11783_0.png,0
D:\\zainab\\forgery-detector\\data\\ela_cache\11784_1.png,1
D:\\zainab\\forgery-detector\\data\\ela_cache\11785_0.png,0
D:\\zainab\\forgery-detector\\data\\ela_cache\11786_0.png,0
D:\\zainab\\forgery-detector\\data\\ela_cache\11787_1.png,1
D:\\zainab\\forgery-detector\\data\\ela_cache\11788_1.png,1
D:\\zainab\\forgery-detector\\data\\ela_cache\11789_1.png,1
D:\\zainab\\forgery-detector\\data\\ela_cache\11790_0.png,0
D:\\zainab\\forgery-detector\\data\\ela_cache\11791_1.png,1
D:\\zainab\\forgery-detector\\data\\ela_cache\11792_0.png,0
D:\\zainab\\forgery-detector\\data\\ela_cache\11793_1.png,1
D:\\zainab\\forgery-detector\\data\\ela_cache\11794_0.png,0
D:\\zainab\\forgery-detector\\data\\ela_cache\11795_0.png,0
D:\\zainab\\forgery-detector\\data\\ela_cache\11796_0.png,0
D:\\zainab\\forgery-detector\\data\\ela_cache\11797_0.png,0
D:\\zainab\\forgery-detector\\data\\ela_cache\11798_1.png,1
D:\\zainab\\forgery-detector\\data\\ela_cache\11799_0.png,0
D:\\zainab\\forgery-detector\\data\\ela_cache\11800_1.png,1
D:\\zainab\\forgery-detector\\data\\ela_cache\11801_1.png,1
D:\\zainab\\forgery-detector\\data\\ela_cache\11802_0.png,0
D:\\zainab\\forgery-detector\\data\\ela_cache\11803_0.png,0
D:\\zainab\\forgery-detector\\data\\ela_cache\11804_0.png,0
D:\\zainab\\forgery-detector\\data\\ela_cache\11805_0.png,0
D:\\zainab\\forgery-detector\\data\\ela_cache\11806_1.png,1
D:\\zainab\\forgery-detector\\data\\ela_cache\11807_0.png,0
D:\\zainab\\forgery-detector\\data\\ela_cache\11808_0.png,0
D:\\zainab\\forgery-detector\\data\\ela_cache\11809_1.png,1
D:\\zainab\\forgery-detector\\data\\ela_cache\11810_0.png,0
D:\\zainab\\forgery-detector\\data\\ela_cache\11811_0.png,0
D:\\zainab\\forgery-detector\\data\\ela_cache\11812_0.png,0
D:\\zainab\\forgery-detector\\data\\ela_cache\11813_0.png,0
D:\\zainab\\forgery-detector\\data\\ela_cache\11814_0.png,0
D:\\zainab\\forgery-detector\\data\\ela_cache\11815_0.png,0
D:\\zainab\\forgery-detector\\data\\ela_cache\11816_1.png,1
D:\\zainab\\forgery-detector\\data\\ela_cache\11817_0.png,0
D:\\zainab\\forgery-detector\\data\\ela_cache\11818_1.png,1
D:\\zainab\\forgery-detector\\data\\ela_cache\11819_0.png,0
D:\\zainab\\forgery-detector\\data\\ela_cache\11820_0.png,0
D:\\zainab\\forgery-detector\\data\\ela_cache\11821_1.png,1
D:\\zainab\\forgery-detector\\data\\ela_cache\11822_1.png,1
D:\\zainab\\forgery-detector\\data\\ela_cache\11823_0.png,0
D:\\zainab\\forgery-detector\\data\\ela_cache\11824_0.png,0
D:\\zainab\\forgery-detector\\data\\ela_cache\11825_0.png,0
D:\\zainab\\forgery-detector\\data\\ela_cache\11826_0.png,0
D:\\zainab\\forgery-detector\\data\\ela_cache\11827_0.png,0
D:\\zainab\\forgery-detector\\data\\ela_cache\11828_0.png,0
D:\\zainab\\forgery-detector\\data\\ela_cache\11829_0.png,0
D:\\zainab\\forgery-detector\\data\\ela_cache\11830_0.png,0
D:\\zainab\\forgery-detector\\data\\ela_cache\11831_1.png,1
D:\\zainab\\forgery-detector\\data\\ela_cache\11832_0.png,0
D:\\zainab\\forgery-detector\\data\\ela_cache\11833_0.png,0
D:\\zainab\\forgery-detector\\data\\ela_cache\11834_0.png,0
D:\\zainab\\forgery-detector\\data\\ela_cache\11835_0.png,0
D:\\zainab\\forgery-detector\\data\\ela_cache\11836_0.png,0
D:\\zainab\\forgery-detector\\data\\ela_cache\11837_1.png,1
D:\\zainab\\forgery-detector\\data\\ela_cache\11838_0.png,0
D:\\zainab\\forgery-detector\\data\\ela_cache\11839_0.png,0
D:\\zainab\\forgery-detector\\data\\ela_cache\11840_1.png,1
D:\\zainab\\forgery-detector\\data\\ela_cache\11841_1.png,1
D:\\zainab\\forgery-detector\\data\\ela_cache\11842_1.png,1
D:\\zainab\\forgery-detector\\data\\ela_cache\11843_0.png,0
D:\\zainab\\forgery-detector\\data\\ela_cache\11844_1.png,1
D:\\zainab\\forgery-detector\\data\\ela_cache\11845_1.png,1
D:\\zainab\\forgery-detector\\data\\ela_cache\11846_0.png,0
D:\\zainab\\forgery-detector\\data\\ela_cache\11847_0.png,0
D:\\zainab\\forgery-detector\\data\\ela_cache\11848_1.png,1
D:\\zainab\\forgery-detector\\data\\ela_cache\11849_1.png,1
D:\\zainab\\forgery-detector\\data\\ela_cache\11850_0.png,0
D:\\zainab\\forgery-detector\\data\\ela_cache\11851_0.png,0
D:\\zainab\\forgery-detector\\data\\ela_cache\11852_1.png,1
D:\\zainab\\forgery-detector\\data\\ela_cache\11853_1.png,1
D:\\zainab\\forgery-detector\\data\\ela_cache\11854_1.png,1
D:\\zainab\\forgery-detector\\data\\ela_cache\11855_0.png,0
D:\\zainab\\forgery-detector\\data\\ela_cache\11856_1.png,1
D:\\zainab\\forgery-detector\\data\\ela_cache\11857_0.png,0
D:\\zainab\\forgery-detector\\data\\ela_cache\11858_0.png,0
D:\\zainab\\forgery-detector\\data\\ela_cache\11859_0.png,0
D:\\zainab\\forgery-detector\\data\\ela_cache\11860_0.png,0
D:\\zainab\\forgery-detector\\data\\ela_cache\11861_1.png,1
D:\\zainab\\forgery-detector\\data\\ela_cache\11862_1.png,1
D:\\zainab\\forgery-detector\\data\\ela_cache\11863_0.png,0
D:\\zainab\\forgery-detector\\data\\ela_cache\11864_1.png,1
D:\\zainab\\forgery-detector\\data\\ela_cache\11865_1.png,1
D:\\zainab\\forgery-detector\\data\\ela_cache\11866_1.png,1
D:\\zainab\\forgery-detector\\data\\ela_cache\11867_0.png,0
D:\\zainab\\forgery-detector\\data\\ela_cache\11868_0.png,0
D:\\zainab\\forgery-detector\\data\\ela_cache\11869_0.png,0
D:\\zainab\\forgery-detector\\data\\ela_cache\11870_0.png,0
D:\\zainab\\forgery-detector\\data\\ela_cache\11871_1.png,1
D:\\zainab\\forgery-detector\\data\\ela_cache\11872_0.png,0
D:\\zainab\\forgery-detector\\data\\ela_cache\11873_0.png,0
D:\\zainab\\forgery-detector\\data\\ela_cache\11874_0.png,0
D:\\zainab\\forgery-detector\\data\\ela_cache\11875_0.png,0
D:\\zainab\\forgery-detector\\data\\ela_cache\11876_0.png,0
D:\\zainab\\forgery-detector\\data\\ela_cache\11877_1.png,1
D:\\zainab\\forgery-detector\\data\\ela_cache\11878_1.png,1
D:\\zainab\\forgery-detector\\data\\ela_cache\11879_0.png,0
D:\\zainab\\forgery-detector\\data\\ela_cache\11880_0.png,0
D:\\zainab\\forgery-detector\\data\\ela_cache\11881_0.png,0
D:\\zainab\\forgery-detector\\data\\ela_cache\11882_1.png,1
D:\\zainab\\forgery-detector\\data\\ela_cache\11883_0.png,0
D:\\zainab\\forgery-detector\\data\\ela_cache\11884_0.png,0
D:\\zainab\\forgery-detector\\data\\ela_cache\11885_1.png,1
D:\\zainab\\forgery-detector\\data\\ela_cache\11886_1.png,1
D:\\zainab\\forgery-detector\\data\\ela_cache\11887_1.png,1
D:\\zainab\\forgery-detector\\data\\ela_cache\11888_1.png,1
D:\\zainab\\forgery-detector\\data\\ela_cache\11889_0.png,0
D:\\zainab\\forgery-detector\\data\\ela_cache\11890_1.png,1
D:\\zainab\\forgery-detector\\data\\ela_cache\11891_0.png,0
D:\\zainab\\forgery-detector\\data\\ela_cache\11892_1.png,1
D:\\zainab\\forgery-detector\\data\\ela_cache\11893_0.png,0
D:\\zainab\\forgery-detector\\data\\ela_cache\11894_0.png,0
D:\\zainab\\forgery-detector\\data\\ela_cache\11895_0.png,0
D:\\zainab\\forgery-detector\\data\\ela_cache\11896_1.png,1
D:\\zainab\\forgery-detector\\data\\ela_cache\11897_1.png,1
D:\\zainab\\forgery-detector\\data\\ela_cache\11898_1.png,1
D:\\zainab\\forgery-detector\\data\\ela_cache\11899_1.png,1
D:\\zainab\\forgery-detector\\data\\ela_cache\11900_0.png,0
D:\\zainab\\forgery-detector\\data\\ela_cache\11901_1.png,1
D:\\zainab\\forgery-detector\\data\\ela_cache\11902_0.png,0
D:\\zainab\\forgery-detector\\data\\ela_cache\11903_0.png,0
D:\\zainab\\forgery-detector\\data\\ela_cache\11904_0.png,0
D:\\zainab\\forgery-detector\\data\\ela_cache\11905_0.png,0
D:\\zainab\\forgery-detector\\data\\ela_cache\11906_0.png,0
D:\\zainab\\forgery-detector\\data\\ela_cache\11907_0.png,0
D:\\zainab\\forgery-detector\\data\\ela_cache\11908_0.png,0
D:\\zainab\\forgery-detector\\data\\ela_cache\11909_1.png,1
D:\\zainab\\forgery-detector\\data\\ela_cache\11910_1.png,1
D:\\zainab\\forgery-detector\\data\\ela_cache\11911_0.png,0
D:\\zainab\\forgery-detector\\data\\ela_cache\11912_0.png,0
D:\\zainab\\forgery-detector\\data\\ela_cache\11913_1.png,1
D:\\zainab\\forgery-detector\\data\\ela_cache\11914_1.png,1
D:\\zainab\\forgery-detector\\data\\ela_cache\11915_1.png,1
D:\\zainab\\forgery-detector\\data\\ela_cache\11916_1.png,1
D:\\zainab\\forgery-detector\\data\\ela_cache\11917_1.png,1
D:\\zainab\\forgery-detector\\data\\ela_cache\11918_1.png,1
D:\\zainab\\forgery-detector\\data\\ela_cache\11919_1.png,1
D:\\zainab\\forgery-detector\\data\\ela_cache\11920_1.png,1
D:\\zainab\\forgery-detector\\data\\ela_cache\11921_1.png,1
D:\\zainab\\forgery-detector\\data\\ela_cache\11922_0.png,0
D:\\zainab\\forgery-detector\\data\\ela_cache\11923_1.png,1
D:\\zainab\\forgery-detector\\data\\ela_cache\11924_0.png,0
D:\\zainab\\forgery-detector\\data\\ela_cache\11925_0.png,0
D:\\zainab\\forgery-detector\\data\\ela_cache\11926_1.png,1
D:\\zainab\\forgery-detector\\data\\ela_cache\11927_0.png,0
D:\\zainab\\forgery-detector\\data\\ela_cache\11928_1.png,1
D:\\zainab\\forgery-detector\\data\\ela_cache\11929_1.png,1
D:\\zainab\\forgery-detector\\data\\ela_cache\11930_0.png,0
D:\\zainab\\forgery-detector\\data\\ela_cache\11931_0.png,0
D:\\zainab\\forgery-detector\\data\\ela_cache\11932_0.png,0
D:\\zainab\\forgery-detector\\data\\ela_cache\11933_0.png,0
D:\\zainab\\forgery-detector\\data\\ela_cache\11934_1.png,1
D:\\zainab\\forgery-detector\\data\\ela_cache\11935_1.png,1
D:\\zainab\\forgery-detector\\data\\ela_cache\11936_0.png,0
D:\\zainab\\forgery-detector\\data\\ela_cache\11937_0.png,0
D:\\zainab\\forgery-detector\\data\\ela_cache\11938_0.png,0
D:\\zainab\\forgery-detector\\data\\ela_cache\11939_0.png,0
D:\\zainab\\forgery-detector\\data\\ela_cache\11940_0.png,0
D:\\zainab\\forgery-detector\\data\\ela_cache\11941_0.png,0
D:\\zainab\\forgery-detector\\data\\ela_cache\11942_0.png,0
D:\\zainab\\forgery-detector\\data\\ela_cache\11943_1.png,1
D:\\zainab\\forgery-detector\\data\\ela_cache\11944_0.png,0
D:\\zainab\\forgery-detector\\data\\ela_cache\11945_1.png,1
D:\\zainab\\forgery-detector\\data\\ela_cache\11946_0.png,0
D:\\zainab\\forgery-detector\\data\\ela_cache\11947_0.png,0
D:\\zainab\\forgery-detector\\data\\ela_cache\11948_1.png,1
D:\\zainab\\forgery-detector\\data\\ela_cache\11949_0.png,0
D:\\zainab\\forgery-detector\\data\\ela_cache\11950_1.png,1
D:\\zainab\\forgery-detector\\data\\ela_cache\11951_0.png,0
D:\\zainab\\forgery-detector\\data\\ela_cache\11952_1.png,1
D:\\zainab\\forgery-detector\\data\\ela_cache\11953_0.png,0
D:\\zainab\\forgery-detector\\data\\ela_cache\11954_0.png,0
D:\\zainab\\forgery-detector\\data\\ela_cache\11955_1.png,1
D:\\zainab\\forgery-detector\\data\\ela_cache\11956_0.png,0
D:\\zainab\\forgery-detector\\data\\ela_cache\11957_0.png,0
D:\\zainab\\forgery-detector\\data\\ela_cache\11958_1.png,1
D:\\zainab\\forgery-detector\\data\\ela_cache\11959_0.png,0
D:\\zainab\\forgery-detector\\data\\ela_cache\11960_1.png,1
D:\\zainab\\forgery-detector\\data\\ela_cache\11961_0.png,0
D:\\zainab\\forgery-detector\\data\\ela_cache\11962_1.png,1
D:\\zainab\\forgery-detector\\data\\ela_cache\11963_0.png,0
D:\\zainab\\forgery-detector\\data\\ela_cache\11964_1.png,1
D:\\zainab\\forgery-detector\\data\\ela_cache\11965_0.png,0
D:\\zainab\\forgery-detector\\data\\ela_cache\11966_0.png,0
D:\\zainab\\forgery-detector\\data\\ela_cache\11967_0.png,0
D:\\zainab\\forgery-detector\\data\\ela_cache\11968_1.png,1
D:\\zainab\\forgery-detector\\data\\ela_cache\11969_0.png,0
D:\\zainab\\forgery-detector\\data\\ela_cache\11970_1.png,1
D:\\zainab\\forgery-detector\\data\\ela_cache\11971_1.png,1
D:\\zainab\\forgery-detector\\data\\ela_cache\11972_1.png,1
D:\\zainab\\forgery-detector\\data\\ela_cache\11973_0.png,0
D:\\zainab\\forgery-detector\\data\\ela_cache\11974_0.png,0
D:\\zainab\\forgery-detector\\data\\ela_cache\11975_0.png,0
D:\\zainab\\forgery-detector\\data\\ela_cache\11976_1.png,1
D:\\zainab\\forgery-detector\\data\\ela_cache\11977_0.png,0
D:\\zainab\\forgery-detector\\data\\ela_cache\11978_0.png,0
D:\\zainab\\forgery-detector\\data\\ela_cache\11979_0.png,0
D:\\zainab\\forgery-detector\\data\\ela_cache\11980_1.png,1
D:\\zainab\\forgery-detector\\data\\ela_cache\11981_1.png,1
D:\\zainab\\forgery-detector\\data\\ela_cache\11982_0.png,0
D:\\zainab\\forgery-detector\\data\\ela_cache\11983_0.png,0
D:\\zainab\\forgery-detector\\data\\ela_cache\11984_1.png,1
D:\\zainab\\forgery-detector\\data\\ela_cache\11985_0.png,0
D:\\zainab\\forgery-detector\\data\\ela_cache\11986_0.png,0
D:\\zainab\\forgery-detector\\data\\ela_cache\11987_1.png,1
D:\\zainab\\forgery-detector\\data\\ela_cache\11988_1.png,1
D:\\zainab\\forgery-detector\\data\\ela_cache\11989_0.png,0
D:\\zainab\\forgery-detector\\data\\ela_cache\11990_0.png,0
D:\\zainab\\forgery-detector\\data\\ela_cache\11991_0.png,0
D:\\zainab\\forgery-detector\\data\\ela_cache\11992_1.png,1
D:\\zainab\\forgery-detector\\data\\ela_cache\11993_0.png,0
D:\\zainab\\forgery-detector\\data\\ela_cache\11994_0.png,0
D:\\zainab\\forgery-detector\\data\\ela_cache\11995_0.png,0
D:\\zainab\\forgery-detector\\data\\ela_cache\11996_0.png,0
D:\\zainab\\forgery-detector\\data\\ela_cache\11997_0.png,0
D:\\zainab\\forgery-detector\\data\\ela_cache\11998_1.png,1
D:\\zainab\\forgery-detector\\data\\ela_cache\11999_0.png,0
D:\\zainab\\forgery-detector\\data\\ela_cache\12000_0.png,0
D:\\zainab\\forgery-detector\\data\\ela_cache\12001_0.png,0
D:\\zainab\\forgery-detector\\data\\ela_cache\12002_0.png,0
D:\\zainab\\forgery-detector\\data\\ela_cache\12003_0.png,0
D:\\zainab\\forgery-detector\\data\\ela_cache\12004_0.png,0
D:\\zainab\\forgery-detector\\data\\ela_cache\12005_0.png,0
D:\\zainab\\forgery-detector\\data\\ela_cache\12006_0.png,0
D:\\zainab\\forgery-detector\\data\\ela_cache\12007_0.png,0
D:\\zainab\\forgery-detector\\data\\ela_cache\12008_0.png,0
D:\\zainab\\forgery-detector\\data\\ela_cache\12009_1.png,1
D:\\zainab\\forgery-detector\\data\\ela_cache\12010_1.png,1
D:\\zainab\\forgery-detector\\data\\ela_cache\12011_1.png,1
D:\\zainab\\forgery-detector\\data\\ela_cache\12012_0.png,0
D:\\zainab\\forgery-detector\\data\\ela_cache\12013_1.png,1
D:\\zainab\\forgery-detector\\data\\ela_cache\12014_0.png,0
D:\\zainab\\forgery-detector\\data\\ela_cache\12015_1.png,1
D:\\zainab\\forgery-detector\\data\\ela_cache\12016_1.png,1
D:\\zainab\\forgery-detector\\data\\ela_cache\12017_0.png,0
D:\\zainab\\forgery-detector\\data\\ela_cache\12018_1.png,1
D:\\zainab\\forgery-detector\\data\\ela_cache\12019_1.png,1
D:\\zainab\\forgery-detector\\data\\ela_cache\12020_0.png,0
D:\\zainab\\forgery-detector\\data\\ela_cache\12021_1.png,1
D:\\zainab\\forgery-detector\\data\\ela_cache\12022_0.png,0
D:\\zainab\\forgery-detector\\data\\ela_cache\12023_0.png,0
D:\\zainab\\forgery-detector\\data\\ela_cache\12024_0.png,0
D:\\zainab\\forgery-detector\\data\\ela_cache\12025_1.png,1
D:\\zainab\\forgery-detector\\data\\ela_cache\12026_1.png,1
D:\\zainab\\forgery-detector\\data\\ela_cache\12027_0.png,0
D:\\zainab\\forgery-detector\\data\\ela_cache\12028_1.png,1
D:\\zainab\\forgery-detector\\data\\ela_cache\12029_1.png,1
D:\\zainab\\forgery-detector\\data\\ela_cache\12030_0.png,0
D:\\zainab\\forgery-detector\\data\\ela_cache\12031_1.png,1
D:\\zainab\\forgery-detector\\data\\ela_cache\12032_1.png,1
D:\\zainab\\forgery-detector\\data\\ela_cache\12033_1.png,1
D:\\zainab\\forgery-detector\\data\\ela_cache\12034_0.png,0
D:\\zainab\\forgery-detector\\data\\ela_cache\12035_1.png,1
D:\\zainab\\forgery-detector\\data\\ela_cache\12036_1.png,1
D:\\zainab\\forgery-detector\\data\\ela_cache\12037_0.png,0
D:\\zainab\\forgery-detector\\data\\ela_cache\12038_0.png,0
D:\\zainab\\forgery-detector\\data\\ela_cache\12039_0.png,0
D:\\zainab\\forgery-detector\\data\\ela_cache\12040_1.png,1
D:\\zainab\\forgery-detector\\data\\ela_cache\12041_0.png,0
D:\\zainab\\forgery-detector\\data\\ela_cache\12042_1.png,1
D:\\zainab\\forgery-detector\\data\\ela_cache\12043_0.png,0
D:\\zainab\\forgery-detector\\data\\ela_cache\12044_0.png,0
D:\\zainab\\forgery-detector\\data\\ela_cache\12045_0.png,0
D:\\zainab\\forgery-detector\\data\\ela_cache\12046_1.png,1
D:\\zainab\\forgery-detector\\data\\ela_cache\12047_0.png,0
D:\\zainab\\forgery-detector\\data\\ela_cache\12048_0.png,0
D:\\zainab\\forgery-detector\\data\\ela_cache\12049_1.png,1
D:\\zainab\\forgery-detector\\data\\ela_cache\12050_0.png,0
D:\\zainab\\forgery-detector\\data\\ela_cache\12051_0.png,0
D:\\zainab\\forgery-detector\\data\\ela_cache\12052_0.png,0
D:\\zainab\\forgery-detector\\data\\ela_cache\12053_1.png,1
D:\\zainab\\forgery-detector\\data\\ela_cache\12054_0.png,0
D:\\zainab\\forgery-detector\\data\\ela_cache\12055_1.png,1
D:\\zainab\\forgery-detector\\data\\ela_cache\12056_0.png,0
D:\\zainab\\forgery-detector\\data\\ela_cache\12057_1.png,1
D:\\zainab\\forgery-detector\\data\\ela_cache\12058_0.png,0
D:\\zainab\\forgery-detector\\data\\ela_cache\12059_0.png,0
D:\\zainab\\forgery-detector\\data\\ela_cache\12060_1.png,1
D:\\zainab\\forgery-detector\\data\\ela_cache\12061_0.png,0
D:\\zainab\\forgery-detector\\data\\ela_cache\12062_1.png,1
D:\\zainab\\forgery-detector\\data\\ela_cache\12063_0.png,0
D:\\zainab\\forgery-detector\\data\\ela_cache\12064_1.png,1
D:\\zainab\\forgery-detector\\data\\ela_cache\12065_0.png,0
D:\\zainab\\forgery-detector\\data\\ela_cache\12066_1.png,1
D:\\zainab\\forgery-detector\\data\\ela_cache\12067_0.png,0
D:\\zainab\\forgery-detector\\data\\ela_cache\12068_1.png,1
D:\\zainab\\forgery-detector\\data\\ela_cache\12069_1.png,1
D:\\zainab\\forgery-detector\\data\\ela_cache\12070_1.png,1
D:\\zainab\\forgery-detector\\data\\ela_cache\12071_1.png,1
D:\\zainab\\forgery-detector\\data\\ela_cache\12072_0.png,0
D:\\zainab\\forgery-detector\\data\\ela_cache\12073_1.png,1
D:\\zainab\\forgery-detector\\data\\ela_cache\12074_0.png,0
D:\\zainab\\forgery-detector\\data\\ela_cache\12075_0.png,0
D:\\zainab\\forgery-detector\\data\\ela_cache\12076_1.png,1
D:\\zainab\\forgery-detector\\data\\ela_cache\12077_0.png,0
D:\\zainab\\forgery-detector\\data\\ela_cache\12078_0.png,0
D:\\zainab\\forgery-detector\\data\\ela_cache\12079_0.png,0
D:\\zainab\\forgery-detector\\data\\ela_cache\12080_1.png,1
D:\\zainab\\forgery-detector\\data\\ela_cache\12081_0.png,0
D:\\zainab\\forgery-detector\\data\\ela_cache\12082_1.png,1
D:\\zainab\\forgery-detector\\data\\ela_cache\12083_0.png,0
D:\\zainab\\forgery-detector\\data\\ela_cache\12084_1.png,1
D:\\zainab\\forgery-detector\\data\\ela_cache\12085_0.png,0
D:\\zainab\\forgery-detector\\data\\ela_cache\12086_0.png,0
D:\\zainab\\forgery-detector\\data\\ela_cache\12087_0.png,0
D:\\zainab\\forgery-detector\\data\\ela_cache\12088_1.png,1
D:\\zainab\\forgery-detector\\data\\ela_cache\12089_1.png,1
D:\\zainab\\forgery-detector\\data\\ela_cache\12090_1.png,1
D:\\zainab\\forgery-detector\\data\\ela_cache\12091_0.png,0
D:\\zainab\\forgery-detector\\data\\ela_cache\12092_1.png,1
D:\\zainab\\forgery-detector\\data\\ela_cache\12093_0.png,0
D:\\zainab\\forgery-detector\\data\\ela_cache\12094_1.png,1
D:\\zainab\\forgery-detector\\data\\ela_cache\12095_1.png,1
D:\\zainab\\forgery-detector\\data\\ela_cache\12096_0.png,0
D:\\zainab\\forgery-detector\\data\\ela_cache\12097_0.png,0
D:\\zainab\\forgery-detector\\data\\ela_cache\12098_0.png,0
D:\\zainab\\forgery-detector\\data\\ela_cache\12099_0.png,0
D:\\zainab\\forgery-detector\\data\\ela_cache\12100_0.png,0
D:\\zainab\\forgery-detector\\data\\ela_cache\12101_0.png,0
D:\\zainab\\forgery-detector\\data\\ela_cache\12102_1.png,1
D:\\zainab\\forgery-detector\\data\\ela_cache\12103_1.png,1
D:\\zainab\\forgery-detector\\data\\ela_cache\12104_0.png,0
D:\\zainab\\forgery-detector\\data\\ela_cache\12105_0.png,0
D:\\zainab\\forgery-detector\\data\\ela_cache\12106_1.png,1
D:\\zainab\\forgery-detector\\data\\ela_cache\12107_0.png,0
D:\\zainab\\forgery-detector\\data\\ela_cache\12108_0.png,0
D:\\zainab\\forgery-detector\\data\\ela_cache\12109_0.png,0
D:\\zainab\\forgery-detector\\data\\ela_cache\12110_0.png,0
D:\\zainab\\forgery-detector\\data\\ela_cache\12111_0.png,0
D:\\zainab\\forgery-detector\\data\\ela_cache\12112_0.png,0
D:\\zainab\\forgery-detector\\data\\ela_cache\12113_1.png,1
D:\\zainab\\forgery-detector\\data\\ela_cache\12114_1.png,1
D:\\zainab\\forgery-detector\\data\\ela_cache\12115_0.png,0
D:\\zainab\\forgery-detector\\data\\ela_cache\12116_0.png,0
D:\\zainab\\forgery-detector\\data\\ela_cache\12117_0.png,0
D:\\zainab\\forgery-detector\\data\\ela_cache\12118_1.png,1
D:\\zainab\\forgery-detector\\data\\ela_cache\12119_0.png,0
D:\\zainab\\forgery-detector\\data\\ela_cache\12120_1.png,1
D:\\zainab\\forgery-detector\\data\\ela_cache\12121_0.png,0
D:\\zainab\\forgery-detector\\data\\ela_cache\12122_0.png,0
D:\\zainab\\forgery-detector\\data\\ela_cache\12123_0.png,0
D:\\zainab\\forgery-detector\\data\\ela_cache\12124_1.png,1
D:\\zainab\\forgery-detector\\data\\ela_cache\12125_1.png,1
D:\\zainab\\forgery-detector\\data\\ela_cache\12126_1.png,1
D:\\zainab\\forgery-detector\\data\\ela_cache\12127_0.png,0
D:\\zainab\\forgery-detector\\data\\ela_cache\12128_1.png,1
D:\\zainab\\forgery-detector\\data\\ela_cache\12129_0.png,0
D:\\zainab\\forgery-detector\\data\\ela_cache\12130_1.png,1
D:\\zainab\\forgery-detector\\data\\ela_cache\12131_0.png,0
D:\\zainab\\forgery-detector\\data\\ela_cache\12132_1.png,1
D:\\zainab\\forgery-detector\\data\\ela_cache\12133_1.png,1
D:\\zainab\\forgery-detector\\data\\ela_cache\12134_0.png,0
D:\\zainab\\forgery-detector\\data\\ela_cache\12135_0.png,0
D:\\zainab\\forgery-detector\\data\\ela_cache\12136_0.png,0
D:\\zainab\\forgery-detector\\data\\ela_cache\12137_1.png,1
D:\\zainab\\forgery-detector\\data\\ela_cache\12138_0.png,0
D:\\zainab\\forgery-detector\\data\\ela_cache\12139_0.png,0
D:\\zainab\\forgery-detector\\data\\ela_cache\12140_0.png,0
D:\\zainab\\forgery-detector\\data\\ela_cache\12141_0.png,0
D:\\zainab\\forgery-detector\\data\\ela_cache\12142_1.png,1
D:\\zainab\\forgery-detector\\data\\ela_cache\12143_0.png,0
D:\\zainab\\forgery-detector\\data\\ela_cache\12144_0.png,0
D:\\zainab\\forgery-detector\\data\\ela_cache\12145_0.png,0
D:\\zainab\\forgery-detector\\data\\ela_cache\12146_0.png,0
D:\\zainab\\forgery-detector\\data\\ela_cache\12147_0.png,0
D:\\zainab\\forgery-detector\\data\\ela_cache\12148_0.png,0
D:\\zainab\\forgery-detector\\data\\ela_cache\12149_0.png,0
D:\\zainab\\forgery-detector\\data\\ela_cache\12150_0.png,0
D:\\zainab\\forgery-detector\\data\\ela_cache\12151_1.png,1
D:\\zainab\\forgery-detector\\data\\ela_cache\12152_0.png,0
D:\\zainab\\forgery-detector\\data\\ela_cache\12153_0.png,0
D:\\zainab\\forgery-detector\\data\\ela_cache\12154_0.png,0
D:\\zainab\\forgery-detector\\data\\ela_cache\12155_1.png,1
D:\\zainab\\forgery-detector\\data\\ela_cache\12156_1.png,1
D:\\zainab\\forgery-detector\\data\\ela_cache\12157_0.png,0
D:\\zainab\\forgery-detector\\data\\ela_cache\12158_0.png,0
D:\\zainab\\forgery-detector\\data\\ela_cache\12159_0.png,0
D:\\zainab\\forgery-detector\\data\\ela_cache\12160_1.png,1
D:\\zainab\\forgery-detector\\data\\ela_cache\12161_0.png,0
D:\\zainab\\forgery-detector\\data\\ela_cache\12162_0.png,0
D:\\zainab\\forgery-detector\\data\\ela_cache\12163_1.png,1
D:\\zainab\\forgery-detector\\data\\ela_cache\12164_0.png,0
D:\\zainab\\forgery-detector\\data\\ela_cache\12165_0.png,0
D:\\zainab\\forgery-detector\\data\\ela_cache\12166_1.png,1
D:\\zainab\\forgery-detector\\data\\ela_cache\12167_1.png,1
D:\\zainab\\forgery-detector\\data\\ela_cache\12168_0.png,0
D:\\zainab\\forgery-detector\\data\\ela_cache\12169_1.png,1
D:\\zainab\\forgery-detector\\data\\ela_cache\12170_0.png,0
D:\\zainab\\forgery-detector\\data\\ela_cache\12171_0.png,0
D:\\zainab\\forgery-detector\\data\\ela_cache\12172_1.png,1
D:\\zainab\\forgery-detector\\data\\ela_cache\12173_1.png,1
D:\\zainab\\forgery-detector\\data\\ela_cache\12174_0.png,0
D:\\zainab\\forgery-detector\\data\\ela_cache\12175_1.png,1
D:\\zainab\\forgery-detector\\data\\ela_cache\12176_0.png,0
D:\\zainab\\forgery-detector\\data\\ela_cache\12177_1.png,1
D:\\zainab\\forgery-detector\\data\\ela_cache\12178_0.png,0
D:\\zainab\\forgery-detector\\data\\ela_cache\12179_0.png,0
D:\\zainab\\forgery-detector\\data\\ela_cache\12180_1.png,1
D:\\zainab\\forgery-detector\\data\\ela_cache\12181_0.png,0
D:\\zainab\\forgery-detector\\data\\ela_cache\12182_0.png,0
D:\\zainab\\forgery-detector\\data\\ela_cache\12183_0.png,0
D:\\zainab\\forgery-detector\\data\\ela_cache\12184_1.png,1
D:\\zainab\\forgery-detector\\data\\ela_cache\12185_1.png,1
D:\\zainab\\forgery-detector\\data\\ela_cache\12186_0.png,0
D:\\zainab\\forgery-detector\\data\\ela_cache\12187_0.png,0
D:\\zainab\\forgery-detector\\data\\ela_cache\12188_0.png,0
D:\\zainab\\forgery-detector\\data\\ela_cache\12189_0.png,0
D:\\zainab\\forgery-detector\\data\\ela_cache\12190_0.png,0
D:\\zainab\\forgery-detector\\data\\ela_cache\12191_0.png,0
D:\\zainab\\forgery-detector\\data\\ela_cache\12192_0.png,0
D:\\zainab\\forgery-detector\\data\\ela_cache\12193_0.png,0
D:\\zainab\\forgery-detector\\data\\ela_cache\12194_1.png,1
D:\\zainab\\forgery-detector\\data\\ela_cache\12195_1.png,1
D:\\zainab\\forgery-detector\\data\\ela_cache\12196_1.png,1
D:\\zainab\\forgery-detector\\data\\ela_cache\12197_0.png,0
D:\\zainab\\forgery-detector\\data\\ela_cache\12198_0.png,0
D:\\zainab\\forgery-detector\\data\\ela_cache\12199_1.png,1
D:\\zainab\\forgery-detector\\data\\ela_cache\12200_0.png,0
D:\\zainab\\forgery-detector\\data\\ela_cache\12201_1.png,1
D:\\zainab\\forgery-detector\\data\\ela_cache\12202_0.png,0
D:\\zainab\\forgery-detector\\data\\ela_cache\12203_0.png,0
D:\\zainab\\forgery-detector\\data\\ela_cache\12204_1.png,1
D:\\zainab\\forgery-detector\\data\\ela_cache\12205_0.png,0
D:\\zainab\\forgery-detector\\data\\ela_cache\12206_0.png,0
D:\\zainab\\forgery-detector\\data\\ela_cache\12207_0.png,0
D:\\zainab\\forgery-detector\\data\\ela_cache\12208_0.png,0
D:\\zainab\\forgery-detector\\data\\ela_cache\12209_0.png,0
D:\\zainab\\forgery-detector\\data\\ela_cache\12210_0.png,0
D:\\zainab\\forgery-detector\\data\\ela_cache\12211_0.png,0
D:\\zainab\\forgery-detector\\data\\ela_cache\12212_0.png,0
D:\\zainab\\forgery-detector\\data\\ela_cache\12213_0.png,0
D:\\zainab\\forgery-detector\\data\\ela_cache\12214_0.png,0
D:\\zainab\\forgery-detector\\data\\ela_cache\12215_1.png,1
D:\\zainab\\forgery-detector\\data\\ela_cache\12216_1.png,1
D:\\zainab\\forgery-detector\\data\\ela_cache\12217_0.png,0
D:\\zainab\\forgery-detector\\data\\ela_cache\12218_0.png,0
D:\\zainab\\forgery-detector\\data\\ela_cache\12219_1.png,1
D:\\zainab\\forgery-detector\\data\\ela_cache\12220_0.png,0
D:\\zainab\\forgery-detector\\data\\ela_cache\12221_0.png,0
D:\\zainab\\forgery-detector\\data\\ela_cache\12222_0.png,0
D:\\zainab\\forgery-detector\\data\\ela_cache\12223_1.png,1
D:\\zainab\\forgery-detector\\data\\ela_cache\12224_0.png,0
D:\\zainab\\forgery-detector\\data\\ela_cache\12225_1.png,1
D:\\zainab\\forgery-detector\\data\\ela_cache\12226_0.png,0
D:\\zainab\\forgery-detector\\data\\ela_cache\12227_0.png,0
D:\\zainab\\forgery-detector\\data\\ela_cache\12228_1.png,1
D:\\zainab\\forgery-detector\\data\\ela_cache\12229_0.png,0
D:\\zainab\\forgery-detector\\data\\ela_cache\12230_0.png,0
D:\\zainab\\forgery-detector\\data\\ela_cache\12231_0.png,0
D:\\zainab\\forgery-detector\\data\\ela_cache\12232_1.png,1
D:\\zainab\\forgery-detector\\data\\ela_cache\12233_0.png,0
D:\\zainab\\forgery-detector\\data\\ela_cache\12234_1.png,1
D:\\zainab\\forgery-detector\\data\\ela_cache\12235_0.png,0
D:\\zainab\\forgery-detector\\data\\ela_cache\12236_0.png,0
D:\\zainab\\forgery-detector\\data\\ela_cache\12237_1.png,1
D:\\zainab\\forgery-detector\\data\\ela_cache\12238_0.png,0
D:\\zainab\\forgery-detector\\data\\ela_cache\12239_1.png,1
D:\\zainab\\forgery-detector\\data\\ela_cache\12240_0.png,0
D:\\zainab\\forgery-detector\\data\\ela_cache\12241_1.png,1
D:\\zainab\\forgery-detector\\data\\ela_cache\12242_1.png,1
D:\\zainab\\forgery-detector\\data\\ela_cache\12243_1.png,1
D:\\zainab\\forgery-detector\\data\\ela_cache\12244_0.png,0
D:\\zainab\\forgery-detector\\data\\ela_cache\12245_1.png,1
D:\\zainab\\forgery-detector\\data\\ela_cache\12246_1.png,1
D:\\zainab\\forgery-detector\\data\\ela_cache\12247_1.png,1
D:\\zainab\\forgery-detector\\data\\ela_cache\12248_1.png,1
D:\\zainab\\forgery-detector\\data\\ela_cache\12249_0.png,0
D:\\zainab\\forgery-detector\\data\\ela_cache\12250_1.png,1
D:\\zainab\\forgery-detector\\data\\ela_cache\12251_0.png,0
D:\\zainab\\forgery-detector\\data\\ela_cache\12252_0.png,0
D:\\zainab\\forgery-detector\\data\\ela_cache\12253_0.png,0
D:\\zainab\\forgery-detector\\data\\ela_cache\12254_0.png,0
D:\\zainab\\forgery-detector\\data\\ela_cache\12255_0.png,0
D:\\zainab\\forgery-detector\\data\\ela_cache\12256_1.png,1
D:\\zainab\\forgery-detector\\data\\ela_cache\12257_1.png,1
D:\\zainab\\forgery-detector\\data\\ela_cache\12258_0.png,0
D:\\zainab\\forgery-detector\\data\\ela_cache\12259_0.png,0
D:\\zainab\\forgery-detector\\data\\ela_cache\12260_0.png,0
D:\\zainab\\forgery-detector\\data\\ela_cache\12261_0.png,0
D:\\zainab\\forgery-detector\\data\\ela_cache\12262_0.png,0
D:\\zainab\\forgery-detector\\data\\ela_cache\12263_1.png,1
D:\\zainab\\forgery-detector\\data\\ela_cache\12264_1.png,1
D:\\zainab\\forgery-detector\\data\\ela_cache\12265_1.png,1
D:\\zainab\\forgery-detector\\data\\ela_cache\12266_1.png,1
D:\\zainab\\forgery-detector\\data\\ela_cache\12267_1.png,1
D:\\zainab\\forgery-detector\\data\\ela_cache\12268_0.png,0
D:\\zainab\\forgery-detector\\data\\ela_cache\12269_0.png,0
D:\\zainab\\forgery-detector\\data\\ela_cache\12270_0.png,0
D:\\zainab\\forgery-detector\\data\\ela_cache\12271_0.png,0
D:\\zainab\\forgery-detector\\data\\ela_cache\12272_1.png,1
D:\\zainab\\forgery-detector\\data\\ela_cache\12273_0.png,0
D:\\zainab\\forgery-detector\\data\\ela_cache\12274_0.png,0
D:\\zainab\\forgery-detector\\data\\ela_cache\12275_1.png,1
D:\\zainab\\forgery-detector\\data\\ela_cache\12276_0.png,0
D:\\zainab\\forgery-detector\\data\\ela_cache\12277_0.png,0
D:\\zainab\\forgery-detector\\data\\ela_cache\12278_0.png,0
D:\\zainab\\forgery-detector\\data\\ela_cache\12279_1.png,1
D:\\zainab\\forgery-detector\\data\\ela_cache\12280_1.png,1
D:\\zainab\\forgery-detector\\data\\ela_cache\12281_0.png,0
D:\\zainab\\forgery-detector\\data\\ela_cache\12282_1.png,1
D:\\zainab\\forgery-detector\\data\\ela_cache\12283_1.png,1
D:\\zainab\\forgery-detector\\data\\ela_cache\12284_0.png,0
D:\\zainab\\forgery-detector\\data\\ela_cache\12285_1.png,1
D:\\zainab\\forgery-detector\\data\\ela_cache\12286_0.png,0
D:\\zainab\\forgery-detector\\data\\ela_cache\12287_0.png,0
D:\\zainab\\forgery-detector\\data\\ela_cache\12288_0.png,0
D:\\zainab\\forgery-detector\\data\\ela_cache\12289_0.png,0
D:\\zainab\\forgery-detector\\data\\ela_cache\12290_0.png,0
D:\\zainab\\forgery-detector\\data\\ela_cache\12291_1.png,1
D:\\zainab\\forgery-detector\\data\\ela_cache\12292_0.png,0
D:\\zainab\\forgery-detector\\data\\ela_cache\12293_1.png,1
D:\\zainab\\forgery-detector\\data\\ela_cache\12294_1.png,1
D:\\zainab\\forgery-detector\\data\\ela_cache\12295_1.png,1
D:\\zainab\\forgery-detector\\data\\ela_cache\12296_0.png,0
D:\\zainab\\forgery-detector\\data\\ela_cache\12297_1.png,1
D:\\zainab\\forgery-detector\\data\\ela_cache\12298_0.png,0
D:\\zainab\\forgery-detector\\data\\ela_cache\12299_0.png,0
D:\\zainab\\forgery-detector\\data\\ela_cache\12300_1.png,1
D:\\zainab\\forgery-detector\\data\\ela_cache\12301_1.png,1
D:\\zainab\\forgery-detector\\data\\ela_cache\12302_1.png,1
D:\\zainab\\forgery-detector\\data\\ela_cache\12303_0.png,0
D:\\zainab\\forgery-detector\\data\\ela_cache\12304_0.png,0
D:\\zainab\\forgery-detector\\data\\ela_cache\12305_0.png,0
D:\\zainab\\forgery-detector\\data\\ela_cache\12306_0.png,0
D:\\zainab\\forgery-detector\\data\\ela_cache\12307_0.png,0
D:\\zainab\\forgery-detector\\data\\ela_cache\12308_1.png,1
D:\\zainab\\forgery-detector\\data\\ela_cache\12309_0.png,0
D:\\zainab\\forgery-detector\\data\\ela_cache\12310_0.png,0
D:\\zainab\\forgery-detector\\data\\ela_cache\12311_1.png,1
D:\\zainab\\forgery-detector\\data\\ela_cache\12312_0.png,0
D:\\zainab\\forgery-detector\\data\\ela_cache\12313_1.png,1
D:\\zainab\\forgery-detector\\data\\ela_cache\12314_0.png,0
D:\\zainab\\forgery-detector\\data\\ela_cache\12315_0.png,0
D:\\zainab\\forgery-detector\\data\\ela_cache\12316_1.png,1
D:\\zainab\\forgery-detector\\data\\ela_cache\12317_0.png,0
D:\\zainab\\forgery-detector\\data\\ela_cache\12318_0.png,0
D:\\zainab\\forgery-detector\\data\\ela_cache\12319_1.png,1
D:\\zainab\\forgery-detector\\data\\ela_cache\12320_1.png,1
D:\\zainab\\forgery-detector\\data\\ela_cache\12321_1.png,1
D:\\zainab\\forgery-detector\\data\\ela_cache\12322_1.png,1
D:\\zainab\\forgery-detector\\data\\ela_cache\12323_0.png,0
D:\\zainab\\forgery-detector\\data\\ela_cache\12324_1.png,1
D:\\zainab\\forgery-detector\\data\\ela_cache\12325_0.png,0
D:\\zainab\\forgery-detector\\data\\ela_cache\12326_0.png,0
D:\\zainab\\forgery-detector\\data\\ela_cache\12327_0.png,0
D:\\zainab\\forgery-detector\\data\\ela_cache\12328_1.png,1
D:\\zainab\\forgery-detector\\data\\ela_cache\12329_1.png,1
D:\\zainab\\forgery-detector\\data\\ela_cache\12330_0.png,0
D:\\zainab\\forgery-detector\\data\\ela_cache\12331_0.png,0
D:\\zainab\\forgery-detector\\data\\ela_cache\12332_1.png,1
D:\\zainab\\forgery-detector\\data\\ela_cache\12333_0.png,0
D:\\zainab\\forgery-detector\\data\\ela_cache\12334_0.png,0
D:\\zainab\\forgery-detector\\data\\ela_cache\12335_0.png,0
D:\\zainab\\forgery-detector\\data\\ela_cache\12336_0.png,0
D:\\zainab\\forgery-detector\\data\\ela_cache\12337_0.png,0
D:\\zainab\\forgery-detector\\data\\ela_cache\12338_1.png,1
D:\\zainab\\forgery-detector\\data\\ela_cache\12339_0.png,0
D:\\zainab\\forgery-detector\\data\\ela_cache\12340_0.png,0
D:\\zainab\\forgery-detector\\data\\ela_cache\12341_0.png,0
D:\\zainab\\forgery-detector\\data\\ela_cache\12342_1.png,1
D:\\zainab\\forgery-detector\\data\\ela_cache\12343_1.png,1
D:\\zainab\\forgery-detector\\data\\ela_cache\12344_0.png,0
D:\\zainab\\forgery-detector\\data\\ela_cache\12345_1.png,1
D:\\zainab\\forgery-detector\\data\\ela_cache\12346_0.png,0
D:\\zainab\\forgery-detector\\data\\ela_cache\12347_0.png,0
D:\\zainab\\forgery-detector\\data\\ela_cache\12348_0.png,0
D:\\zainab\\forgery-detector\\data\\ela_cache\12349_0.png,0
D:\\zainab\\forgery-detector\\data\\ela_cache\12350_1.png,1
D:\\zainab\\forgery-detector\\data\\ela_cache\12351_0.png,0
D:\\zainab\\forgery-detector\\data\\ela_cache\12352_1.png,1
D:\\zainab\\forgery-detector\\data\\ela_cache\12353_0.png,0
D:\\zainab\\forgery-detector\\data\\ela_cache\12354_1.png,1
D:\\zainab\\forgery-detector\\data\\ela_cache\12355_1.png,1
D:\\zainab\\forgery-detector\\data\\ela_cache\12356_1.png,1
D:\\zainab\\forgery-detector\\data\\ela_cache\12357_0.png,0
D:\\zainab\\forgery-detector\\data\\ela_cache\12358_1.png,1
D:\\zainab\\forgery-detector\\data\\ela_cache\12359_0.png,0
D:\\zainab\\forgery-detector\\data\\ela_cache\12360_0.png,0
D:\\zainab\\forgery-detector\\data\\ela_cache\12361_0.png,0
D:\\zainab\\forgery-detector\\data\\ela_cache\12362_1.png,1
D:\\zainab\\forgery-detector\\data\\ela_cache\12363_0.png,0
D:\\zainab\\forgery-detector\\data\\ela_cache\12364_1.png,1
D:\\zainab\\forgery-detector\\data\\ela_cache\12365_0.png,0
D:\\zainab\\forgery-detector\\data\\ela_cache\12366_0.png,0
D:\\zainab\\forgery-detector\\data\\ela_cache\12367_1.png,1
D:\\zainab\\forgery-detector\\data\\ela_cache\12368_0.png,0
D:\\zainab\\forgery-detector\\data\\ela_cache\12369_1.png,1
D:\\zainab\\forgery-detector\\data\\ela_cache\12370_0.png,0
D:\\zainab\\forgery-detector\\data\\ela_cache\12371_0.png,0
D:\\zainab\\forgery-detector\\data\\ela_cache\12372_0.png,0
D:\\zainab\\forgery-detector\\data\\ela_cache\12373_0.png,0
D:\\zainab\\forgery-detector\\data\\ela_cache\12374_1.png,1
D:\\zainab\\forgery-detector\\data\\ela_cache\12375_0.png,0
D:\\zainab\\forgery-detector\\data\\ela_cache\12376_1.png,1
D:\\zainab\\forgery-detector\\data\\ela_cache\12377_0.png,0
D:\\zainab\\forgery-detector\\data\\ela_cache\12378_0.png,0
D:\\zainab\\forgery-detector\\data\\ela_cache\12379_0.png,0
D:\\zainab\\forgery-detector\\data\\ela_cache\12380_1.png,1
D:\\zainab\\forgery-detector\\data\\ela_cache\12381_0.png,0
D:\\zainab\\forgery-detector\\data\\ela_cache\12382_1.png,1
D:\\zainab\\forgery-detector\\data\\ela_cache\12383_0.png,0
D:\\zainab\\forgery-detector\\data\\ela_cache\12384_1.png,1
D:\\zainab\\forgery-detector\\data\\ela_cache\12385_0.png,0
D:\\zainab\\forgery-detector\\data\\ela_cache\12386_0.png,0
D:\\zainab\\forgery-detector\\data\\ela_cache\12387_1.png,1
D:\\zainab\\forgery-detector\\data\\ela_cache\12388_1.png,1
D:\\zainab\\forgery-detector\\data\\ela_cache\12389_0.png,0
D:\\zainab\\forgery-detector\\data\\ela_cache\12390_1.png,1
D:\\zainab\\forgery-detector\\data\\ela_cache\12391_1.png,1
D:\\zainab\\forgery-detector\\data\\ela_cache\12392_0.png,0
D:\\zainab\\forgery-detector\\data\\ela_cache\12393_0.png,0
D:\\zainab\\forgery-detector\\data\\ela_cache\12394_0.png,0
D:\\zainab\\forgery-detector\\data\\ela_cache\12395_1.png,1
D:\\zainab\\forgery-detector\\data\\ela_cache\12396_1.png,1
D:\\zainab\\forgery-detector\\data\\ela_cache\12397_0.png,0
D:\\zainab\\forgery-detector\\data\\ela_cache\12398_0.png,0
D:\\zainab\\forgery-detector\\data\\ela_cache\12399_0.png,0
D:\\zainab\\forgery-detector\\data\\ela_cache\12400_0.png,0
D:\\zainab\\forgery-detector\\data\\ela_cache\12401_0.png,0
D:\\zainab\\forgery-detector\\data\\ela_cache\12402_0.png,0
D:\\zainab\\forgery-detector\\data\\ela_cache\12403_0.png,0
D:\\zainab\\forgery-detector\\data\\ela_cache\12404_0.png,0
D:\\zainab\\forgery-detector\\data\\ela_cache\12405_1.png,1
D:\\zainab\\forgery-detector\\data\\ela_cache\12406_1.png,1
D:\\zainab\\forgery-detector\\data\\ela_cache\12407_1.png,1
D:\\zainab\\forgery-detector\\data\\ela_cache\12408_0.png,0
D:\\zainab\\forgery-detector\\data\\ela_cache\12409_0.png,0
D:\\zainab\\forgery-detector\\data\\ela_cache\12410_0.png,0
D:\\zainab\\forgery-detector\\data\\ela_cache\12411_0.png,0
D:\\zainab\\forgery-detector\\data\\ela_cache\12412_0.png,0
D:\\zainab\\forgery-detector\\data\\ela_cache\12413_0.png,0
D:\\zainab\\forgery-detector\\data\\ela_cache\12414_1.png,1
D:\\zainab\\forgery-detector\\data\\ela_cache\12415_1.png,1
D:\\zainab\\forgery-detector\\data\\ela_cache\12416_1.png,1
D:\\zainab\\forgery-detector\\data\\ela_cache\12417_0.png,0
D:\\zainab\\forgery-detector\\data\\ela_cache\12418_1.png,1
D:\\zainab\\forgery-detector\\data\\ela_cache\12419_0.png,0
D:\\zainab\\forgery-detector\\data\\ela_cache\12420_1.png,1
D:\\zainab\\forgery-detector\\data\\ela_cache\12421_0.png,0
D:\\zainab\\forgery-detector\\data\\ela_cache\12422_0.png,0
D:\\zainab\\forgery-detector\\data\\ela_cache\12423_1.png,1
D:\\zainab\\forgery-detector\\data\\ela_cache\12424_1.png,1
D:\\zainab\\forgery-detector\\data\\ela_cache\12425_0.png,0
D:\\zainab\\forgery-detector\\data\\ela_cache\12426_1.png,1
D:\\zainab\\forgery-detector\\data\\ela_cache\12427_1.png,1
D:\\zainab\\forgery-detector\\data\\ela_cache\12428_0.png,0
D:\\zainab\\forgery-detector\\data\\ela_cache\12429_0.png,0
D:\\zainab\\forgery-detector\\data\\ela_cache\12430_1.png,1
D:\\zainab\\forgery-detector\\data\\ela_cache\12431_1.png,1
D:\\zainab\\forgery-detector\\data\\ela_cache\12432_0.png,0
D:\\zainab\\forgery-detector\\data\\ela_cache\12433_0.png,0
D:\\zainab\\forgery-detector\\data\\ela_cache\12434_1.png,1
D:\\zainab\\forgery-detector\\data\\ela_cache\12435_1.png,1
D:\\zainab\\forgery-detector\\data\\ela_cache\12436_1.png,1
D:\\zainab\\forgery-detector\\data\\ela_cache\12437_1.png,1
D:\\zainab\\forgery-detector\\data\\ela_cache\12438_0.png,0
D:\\zainab\\forgery-detector\\data\\ela_cache\12439_0.png,0
D:\\zainab\\forgery-detector\\data\\ela_cache\12440_1.png,1
D:\\zainab\\forgery-detector\\data\\ela_cache\12441_1.png,1
D:\\zainab\\forgery-detector\\data\\ela_cache\12442_0.png,0
D:\\zainab\\forgery-detector\\data\\ela_cache\12443_0.png,0
D:\\zainab\\forgery-detector\\data\\ela_cache\12444_0.png,0
D:\\zainab\\forgery-detector\\data\\ela_cache\12445_0.png,0
D:\\zainab\\forgery-detector\\data\\ela_cache\12446_0.png,0
D:\\zainab\\forgery-detector\\data\\ela_cache\12447_0.png,0
D:\\zainab\\forgery-detector\\data\\ela_cache\12448_0.png,0
D:\\zainab\\forgery-detector\\data\\ela_cache\12449_1.png,1
D:\\zainab\\forgery-detector\\data\\ela_cache\12450_0.png,0
D:\\zainab\\forgery-detector\\data\\ela_cache\12451_0.png,0
D:\\zainab\\forgery-detector\\data\\ela_cache\12452_1.png,1
D:\\zainab\\forgery-detector\\data\\ela_cache\12453_0.png,0
D:\\zainab\\forgery-detector\\data\\ela_cache\12454_1.png,1
D:\\zainab\\forgery-detector\\data\\ela_cache\12455_0.png,0
D:\\zainab\\forgery-detector\\data\\ela_cache\12456_0.png,0
D:\\zainab\\forgery-detector\\data\\ela_cache\12457_0.png,0
D:\\zainab\\forgery-detector\\data\\ela_cache\12458_1.png,1
D:\\zainab\\forgery-detector\\data\\ela_cache\12459_0.png,0
D:\\zainab\\forgery-detector\\data\\ela_cache\12460_0.png,0
D:\\zainab\\forgery-detector\\data\\ela_cache\12461_1.png,1
D:\\zainab\\forgery-detector\\data\\ela_cache\12462_0.png,0
D:\\zainab\\forgery-detector\\data\\ela_cache\12463_0.png,0
D:\\zainab\\forgery-detector\\data\\ela_cache\12464_0.png,0
D:\\zainab\\forgery-detector\\data\\ela_cache\12465_0.png,0
D:\\zainab\\forgery-detector\\data\\ela_cache\12466_0.png,0
D:\\zainab\\forgery-detector\\data\\ela_cache\12467_1.png,1
D:\\zainab\\forgery-detector\\data\\ela_cache\12468_0.png,0
D:\\zainab\\forgery-detector\\data\\ela_cache\12469_0.png,0
D:\\zainab\\forgery-detector\\data\\ela_cache\12470_0.png,0
D:\\zainab\\forgery-detector\\data\\ela_cache\12471_0.png,0
D:\\zainab\\forgery-detector\\data\\ela_cache\12472_0.png,0
D:\\zainab\\forgery-detector\\data\\ela_cache\12473_1.png,1
D:\\zainab\\forgery-detector\\data\\ela_cache\12474_1.png,1
D:\\zainab\\forgery-detector\\data\\ela_cache\12475_0.png,0
D:\\zainab\\forgery-detector\\data\\ela_cache\12476_1.png,1
D:\\zainab\\forgery-detector\\data\\ela_cache\12477_1.png,1
D:\\zainab\\forgery-detector\\data\\ela_cache\12478_1.png,1
D:\\zainab\\forgery-detector\\data\\ela_cache\12479_0.png,0
D:\\zainab\\forgery-detector\\data\\ela_cache\12480_1.png,1
D:\\zainab\\forgery-detector\\data\\ela_cache\12481_1.png,1
D:\\zainab\\forgery-detector\\data\\ela_cache\12482_0.png,0
D:\\zainab\\forgery-detector\\data\\ela_cache\12483_0.png,0
D:\\zainab\\forgery-detector\\data\\ela_cache\12484_0.png,0
D:\\zainab\\forgery-detector\\data\\ela_cache\12485_1.png,1
D:\\zainab\\forgery-detector\\data\\ela_cache\12486_0.png,0
D:\\zainab\\forgery-detector\\data\\ela_cache\12487_0.png,0
D:\\zainab\\forgery-detector\\data\\ela_cache\12488_0.png,0
D:\\zainab\\forgery-detector\\data\\ela_cache\12489_1.png,1
D:\\zainab\\forgery-detector\\data\\ela_cache\12490_0.png,0
D:\\zainab\\forgery-detector\\data\\ela_cache\12491_0.png,0
D:\\zainab\\forgery-detector\\data\\ela_cache\12492_0.png,0
D:\\zainab\\forgery-detector\\data\\ela_cache\12493_0.png,0
D:\\zainab\\forgery-detector\\data\\ela_cache\12494_0.png,0
D:\\zainab\\forgery-detector\\data\\ela_cache\12495_0.png,0
D:\\zainab\\forgery-detector\\data\\ela_cache\12496_1.png,1
D:\\zainab\\forgery-detector\\data\\ela_cache\12497_0.png,0
D:\\zainab\\forgery-detector\\data\\ela_cache\12498_0.png,0
D:\\zainab\\forgery-detector\\data\\ela_cache\12499_0.png,0
D:\\zainab\\forgery-detector\\data\\ela_cache\12500_0.png,0
D:\\zainab\\forgery-detector\\data\\ela_cache\12501_1.png,1
D:\\zainab\\forgery-detector\\data\\ela_cache\12502_0.png,0
D:\\zainab\\forgery-detector\\data\\ela_cache\12503_1.png,1
D:\\zainab\\forgery-detector\\data\\ela_cache\12504_0.png,0
D:\\zainab\\forgery-detector\\data\\ela_cache\12505_0.png,0
D:\\zainab\\forgery-detector\\data\\ela_cache\12506_0.png,0
D:\\zainab\\forgery-detector\\data\\ela_cache\12507_1.png,1
D:\\zainab\\forgery-detector\\data\\ela_cache\12508_1.png,1
D:\\zainab\\forgery-detector\\data\\ela_cache\12509_0.png,0
D:\\zainab\\forgery-detector\\data\\ela_cache\12510_0.png,0
D:\\zainab\\forgery-detector\\data\\ela_cache\12511_1.png,1
D:\\zainab\\forgery-detector\\data\\ela_cache\12512_0.png,0
D:\\zainab\\forgery-detector\\data\\ela_cache\12513_1.png,1
D:\\zainab\\forgery-detector\\data\\ela_cache\12514_0.png,0
D:\\zainab\\forgery-detector\\data\\ela_cache\12515_1.png,1
D:\\zainab\\forgery-detector\\data\\ela_cache\12516_1.png,1
D:\\zainab\\forgery-detector\\data\\ela_cache\12517_0.png,0
D:\\zainab\\forgery-detector\\data\\ela_cache\12518_1.png,1
D:\\zainab\\forgery-detector\\data\\ela_cache\12519_0.png,0
D:\\zainab\\forgery-detector\\data\\ela_cache\12520_1.png,1
D:\\zainab\\forgery-detector\\data\\ela_cache\12521_0.png,0
D:\\zainab\\forgery-detector\\data\\ela_cache\12522_1.png,1
D:\\zainab\\forgery-detector\\data\\ela_cache\12523_1.png,1
D:\\zainab\\forgery-detector\\data\\ela_cache\12524_1.png,1
D:\\zainab\\forgery-detector\\data\\ela_cache\12525_1.png,1
D:\\zainab\\forgery-detector\\data\\ela_cache\12526_0.png,0
D:\\zainab\\forgery-detector\\data\\ela_cache\12527_1.png,1
D:\\zainab\\forgery-detector\\data\\ela_cache\12528_0.png,0
D:\\zainab\\forgery-detector\\data\\ela_cache\12529_0.png,0
D:\\zainab\\forgery-detector\\data\\ela_cache\12530_0.png,0
D:\\zainab\\forgery-detector\\data\\ela_cache\12531_0.png,0
D:\\zainab\\forgery-detector\\data\\ela_cache\12532_1.png,1
D:\\zainab\\forgery-detector\\data\\ela_cache\12533_1.png,1
D:\\zainab\\forgery-detector\\data\\ela_cache\12534_0.png,0
D:\\zainab\\forgery-detector\\data\\ela_cache\12535_1.png,1
D:\\zainab\\forgery-detector\\data\\ela_cache\12536_1.png,1
D:\\zainab\\forgery-detector\\data\\ela_cache\12537_0.png,0
D:\\zainab\\forgery-detector\\data\\ela_cache\12538_0.png,0
D:\\zainab\\forgery-detector\\data\\ela_cache\12539_1.png,1
D:\\zainab\\forgery-detector\\data\\ela_cache\12540_0.png,0
D:\\zainab\\forgery-detector\\data\\ela_cache\12541_0.png,0
D:\\zainab\\forgery-detector\\data\\ela_cache\12542_1.png,1
D:\\zainab\\forgery-detector\\data\\ela_cache\12543_0.png,0
D:\\zainab\\forgery-detector\\data\\ela_cache\12544_1.png,1
D:\\zainab\\forgery-detector\\data\\ela_cache\12545_1.png,1
D:\\zainab\\forgery-detector\\data\\ela_cache\12546_0.png,0
D:\\zainab\\forgery-detector\\data\\ela_cache\12547_1.png,1
D:\\zainab\\forgery-detector\\data\\ela_cache\12548_1.png,1
D:\\zainab\\forgery-detector\\data\\ela_cache\12549_0.png,0
D:\\zainab\\forgery-detector\\data\\ela_cache\12550_0.png,0
D:\\zainab\\forgery-detector\\data\\ela_cache\12551_0.png,0
D:\\zainab\\forgery-detector\\data\\ela_cache\12552_1.png,1
D:\\zainab\\forgery-detector\\data\\ela_cache\12553_0.png,0
D:\\zainab\\forgery-detector\\data\\ela_cache\12554_0.png,0
D:\\zainab\\forgery-detector\\data\\ela_cache\12555_1.png,1
D:\\zainab\\forgery-detector\\data\\ela_cache\12556_1.png,1
D:\\zainab\\forgery-detector\\data\\ela_cache\12557_1.png,1
D:\\zainab\\forgery-detector\\data\\ela_cache\12558_1.png,1
D:\\zainab\\forgery-detector\\data\\ela_cache\12559_1.png,1
D:\\zainab\\forgery-detector\\data\\ela_cache\12560_1.png,1
D:\\zainab\\forgery-detector\\data\\ela_cache\12561_1.png,1
D:\\zainab\\forgery-detector\\data\\ela_cache\12562_1.png,1
D:\\zainab\\forgery-detector\\data\\ela_cache\12563_0.png,0
D:\\zainab\\forgery-detector\\data\\ela_cache\12564_1.png,1
D:\\zainab\\forgery-detector\\data\\ela_cache\12565_1.png,1
D:\\zainab\\forgery-detector\\data\\ela_cache\12566_0.png,0
D:\\zainab\\forgery-detector\\data\\ela_cache\12567_0.png,0
D:\\zainab\\forgery-detector\\data\\ela_cache\12568_1.png,1
D:\\zainab\\forgery-detector\\data\\ela_cache\12569_0.png,0
D:\\zainab\\forgery-detector\\data\\ela_cache\12570_0.png,0
D:\\zainab\\forgery-detector\\data\\ela_cache\12571_1.png,1
D:\\zainab\\forgery-detector\\data\\ela_cache\12572_0.png,0
D:\\zainab\\forgery-detector\\data\\ela_cache\12573_0.png,0
D:\\zainab\\forgery-detector\\data\\ela_cache\12574_0.png,0
D:\\zainab\\forgery-detector\\data\\ela_cache\12575_0.png,0
D:\\zainab\\forgery-detector\\data\\ela_cache\12576_0.png,0
D:\\zainab\\forgery-detector\\data\\ela_cache\12577_1.png,1
D:\\zainab\\forgery-detector\\data\\ela_cache\12578_1.png,1
D:\\zainab\\forgery-detector\\data\\ela_cache\12579_0.png,0
D:\\zainab\\forgery-detector\\data\\ela_cache\12580_0.png,0
D:\\zainab\\forgery-detector\\data\\ela_cache\12581_1.png,1
D:\\zainab\\forgery-detector\\data\\ela_cache\12582_0.png,0
D:\\zainab\\forgery-detector\\data\\ela_cache\12583_1.png,1
D:\\zainab\\forgery-detector\\data\\ela_cache\12584_1.png,1
D:\\zainab\\forgery-detector\\data\\ela_cache\12585_1.png,1
D:\\zainab\\forgery-detector\\data\\ela_cache\12586_0.png,0
D:\\zainab\\forgery-detector\\data\\ela_cache\12587_1.png,1
D:\\zainab\\forgery-detector\\data\\ela_cache\12588_0.png,0
D:\\zainab\\forgery-detector\\data\\ela_cache\12589_0.png,0
D:\\zainab\\forgery-detector\\data\\ela_cache\12590_0.png,0
D:\\zainab\\forgery-detector\\data\\ela_cache\12591_0.png,0
D:\\zainab\\forgery-detector\\data\\ela_cache\12592_0.png,0
D:\\zainab\\forgery-detector\\data\\ela_cache\12593_0.png,0
D:\\zainab\\forgery-detector\\data\\ela_cache\12594_0.png,0
D:\\zainab\\forgery-detector\\data\\ela_cache\12595_0.png,0
D:\\zainab\\forgery-detector\\data\\ela_cache\12596_1.png,1
D:\\zainab\\forgery-detector\\data\\ela_cache\12597_0.png,0
D:\\zainab\\forgery-detector\\data\\ela_cache\12598_0.png,0
D:\\zainab\\forgery-detector\\data\\ela_cache\12599_1.png,1
D:\\zainab\\forgery-detector\\data\\ela_cache\12600_1.png,1
D:\\zainab\\forgery-detector\\data\\ela_cache\12601_1.png,1
D:\\zainab\\forgery-detector\\data\\ela_cache\12602_1.png,1
D:\\zainab\\forgery-detector\\data\\ela_cache\12603_0.png,0
D:\\zainab\\forgery-detector\\data\\ela_cache\12604_0.png,0
D:\\zainab\\forgery-detector\\data\\ela_cache\12605_0.png,0
D:\\zainab\\forgery-detector\\data\\ela_cache\12606_0.png,0
D:\\zainab\\forgery-detector\\data\\ela_cache\12607_0.png,0
D:\\zainab\\forgery-detector\\data\\ela_cache\12608_1.png,1
D:\\zainab\\forgery-detector\\data\\ela_cache\12609_1.png,1
D:\\zainab\\forgery-detector\\data\\ela_cache\12610_0.png,0
D:\\zainab\\forgery-detector\\data\\ela_cache\12611_0.png,0
D:\\zainab\\forgery-detector\\data\\ela_cache\12612_0.png,0
D:\\zainab\\forgery-detector\\data\\ela_cache\12613_0.png,0
